,医院、卫生院数:地级市合计,医院、卫生院数:北京,医院、卫生院数:天津,医院、卫生院数:河北:石家庄市,医院、卫生院数:河北:唐山市,医院、卫生院数:河北:秦皇岛市,医院、卫生院数:河北:邯郸市,医院、卫生院数:河北:邢台市,医院、卫生院数:河北:保定市,医院、卫生院数:河北:张家口市,医院、卫生院数:河北:承德市,医院、卫生院数:河北:沧州市,医院、卫生院数:河北:廊坊市,医院、卫生院数:河北:衡水市,医院、卫生院数:山西:太原市,医院、卫生院数:山西:大同市,医院、卫生院数:山西:阳泉市,医院、卫生院数:山西:长治市,医院、卫生院数:山西:晋城市,医院、卫生院数:山西:朔州市,医院、卫生院数:山西:晋中市,医院、卫生院数:山西:运城市,医院、卫生院数:山西:忻州市,医院、卫生院数:山西:临汾市,医院、卫生院数:山西:吕梁市,医院、卫生院数:内蒙古:呼和浩特市,医院、卫生院数:内蒙古:包头市,医院、卫生院数:内蒙古:乌海市,医院、卫生院数:内蒙古:赤峰市,医院、卫生院数:内蒙古:通辽市,医院、卫生院数:内蒙古:鄂尔多斯市,医院、卫生院数:内蒙古:呼伦贝尔市,医院、卫生院数:内蒙古:巴彦淖尔市,医院、卫生院数:内蒙古:乌兰察布市,医院、卫生院数:辽宁:沈阳市,医院、卫生院数:辽宁:大连市,医院、卫生院数:辽宁:鞍山市,医院、卫生院数:辽宁:抚顺市,医院、卫生院数:辽宁:本溪市,医院、卫生院数:辽宁:丹东市,医院、卫生院数:辽宁:锦州市,医院、卫生院数:辽宁:营口市,医院、卫生院数:辽宁:阜新市,医院、卫生院数:辽宁:辽阳市,医院、卫生院数:辽宁:盘锦市,医院、卫生院数:辽宁:铁岭市,医院、卫生院数:辽宁:朝阳市,医院、卫生院数:辽宁:葫芦岛市,医院、卫生院数:吉林:长春市,医院、卫生院数:吉林:吉林市,医院、卫生院数:吉林:四平市,医院、卫生院数:吉林:辽源市,医院、卫生院数:吉林:通化市,医院、卫生院数:吉林:白山市,医院、卫生院数:吉林:松原市,医院、卫生院数:吉林:白城市,医院、卫生院数:黑龙江:哈尔滨市,医院、卫生院数:黑龙江:齐齐哈尔市,医院、卫生院数:黑龙江:鸡西市,医院、卫生院数:黑龙江:鹤岗市,医院、卫生院数:黑龙江:双鸭山市,医院、卫生院数:黑龙江:大庆市,医院、卫生院数:黑龙江:伊春市,医院、卫生院数:黑龙江:佳木斯市,医院、卫生院数:黑龙江:七台河市,医院、卫生院数:黑龙江:牡丹江市,医院、卫生院数:黑龙江:黑河市,医院、卫生院数:黑龙江:绥化市,医院、卫生院数:上海,医院、卫生院数:江苏:南京市,医院、卫生院数:江苏:无锡市,医院、卫生院数:江苏:徐州市,医院、卫生院数:江苏:常州市,医院、卫生院数:江苏:苏州市,医院、卫生院数:江苏:南通市,医院、卫生院数:江苏:连云港市,医院、卫生院数:江苏:淮安市,医院、卫生院数:江苏:盐城市,医院、卫生院数:江苏:扬州市,医院、卫生院数:江苏:镇江市,医院、卫生院数:江苏:泰州市,医院、卫生院数:江苏:宿迁市,医院、卫生院数:浙江:杭州市,医院、卫生院数:浙江:宁波市,医院、卫生院数:浙江:温州市,医院、卫生院数:浙江:嘉兴市,医院、卫生院数:浙江:湖州市,医院、卫生院数:浙江:绍兴市,医院、卫生院数:浙江:金华市,医院、卫生院数:浙江:衢州市,医院、卫生院数:浙江:舟山市,医院、卫生院数:浙江:台州市,医院、卫生院数:浙江:丽水市,医院、卫生院数:安徽:合肥市,医院、卫生院数:安徽:芜湖市,医院、卫生院数:安徽:蚌埠市,医院、卫生院数:安徽:淮南市,医院、卫生院数:安徽:马鞍山市,医院、卫生院数:安徽:淮北市,医院、卫生院数:安徽:铜陵市,医院、卫生院数:安徽:安庆市,医院、卫生院数:安徽:黄山市,医院、卫生院数:安徽:滁州市,医院、卫生院数:安徽:阜阳市,医院、卫生院数:安徽:宿州市,(DC)医院、卫生院数:安徽:巢湖市,医院、卫生院数:安徽:六安市,医院、卫生院数:安徽:亳州市,医院、卫生院数:安徽:池州市,医院、卫生院数:安徽:宣城市,医院、卫生院数:福建:福州市,医院、卫生院数:福建:厦门市,医院、卫生院数:福建:莆田市,医院、卫生院数:福建:三明市,医院、卫生院数:福建:泉州市,医院、卫生院数:福建:漳州市,医院、卫生院数:福建:南平市,医院、卫生院数:福建:龙岩市,医院、卫生院数:福建:宁德市,医院、卫生院数:江西:南昌市,医院、卫生院数:江西:景德镇市,医院、卫生院数:江西:萍乡市,医院、卫生院数:江西:九江市,医院、卫生院数:江西:新余市,医院、卫生院数:江西:鹰潭市,医院、卫生院数:江西:赣州市,医院、卫生院数:江西:吉安市,医院、卫生院数:江西:宜春市,医院、卫生院数:江西:抚州市,医院、卫生院数:江西:上饶市,医院、卫生院数:山东:济南市,医院、卫生院数:山东:青岛市,医院、卫生院数:山东:淄博市,医院、卫生院数:山东:枣庄市,医院、卫生院数:山东:东营市,医院、卫生院数:山东:烟台市,医院、卫生院数:山东:潍坊市,医院、卫生院数:山东:济宁市,医院、卫生院数:山东:泰安市,医院、卫生院数:山东:威海市,医院、卫生院数:山东:日照市,(DC)医院、卫生院数:山东:莱芜市,医院、卫生院数:山东:临沂市,医院、卫生院数:山东:德州市,医院、卫生院数:山东:聊城市,医院、卫生院数:山东:滨州市,医院、卫生院数:山东:菏泽市,医院、卫生院数:河南:郑州市,医院、卫生院数:河南:开封市,医院、卫生院数:河南:洛阳市,医院、卫生院数:河南:平顶山市,医院、卫生院数:河南:安阳市,医院、卫生院数:河南:鹤壁市,医院、卫生院数:河南:新乡市,医院、卫生院数:河南:焦作市,医院、卫生院数:河南:濮阳市,医院、卫生院数:河南:许昌市,医院、卫生院数:河南:漯河市,医院、卫生院数:河南:三门峡市,医院、卫生院数:河南:南阳市,医院、卫生院数:河南:商丘市,医院、卫生院数:河南:信阳市,医院、卫生院数:河南:周口市,医院、卫生院数:河南:驻马店市,医院、卫生院数:湖北:武汉市,医院、卫生院数:湖北:黄石市,医院、卫生院数:湖北:十堰市,医院、卫生院数:湖北:宜昌市,医院、卫生院数:湖北:襄阳市,医院、卫生院数:湖北:鄂州市,医院、卫生院数:湖北:荆门市,医院、卫生院数:湖北:孝感市,医院、卫生院数:湖北:荆州市,医院、卫生院数:湖北:黄冈市,医院、卫生院数:湖北:咸宁市,医院、卫生院数:湖北:随州市,医院、卫生院数:湖南:长沙市,医院、卫生院数:湖南:株洲市,医院、卫生院数:湖南:湘潭市,医院、卫生院数:湖南:衡阳市,医院、卫生院数:湖南:邵阳市,医院、卫生院数:湖南:岳阳市,医院、卫生院数:湖南:常德市,医院、卫生院数:湖南:张家界市,医院、卫生院数:湖南:益阳市,医院、卫生院数:湖南:郴州市,医院、卫生院数:湖南:永州市,医院、卫生院数:湖南:怀化市,医院、卫生院数:湖南:娄底市,医院、卫生院数:广东:广州市,医院、卫生院数:广东:韶关市,医院、卫生院数:广东:深圳市,医院、卫生院数:广东:珠海市,医院、卫生院数:广东:汕头市,医院、卫生院数:广东:佛山市,医院、卫生院数:广东:江门市,医院、卫生院数:广东:湛江市,医院、卫生院数:广东:茂名市,医院、卫生院数:广东:肇庆市,医院、卫生院数:广东:惠州市,医院、卫生院数:广东:梅州市,医院、卫生院数:广东:汕尾市,医院、卫生院数:广东:河源市,医院、卫生院数:广东:阳江市,医院、卫生院数:广东:清远市,医院、卫生院数:广东:东莞市,医院、卫生院数:广东:中山市,医院、卫生院数:广东:潮州市,医院、卫生院数:广东:揭阳市,医院、卫生院数:广东:云浮市,医院、卫生院数:广西:南宁市,医院、卫生院数:广西:柳州市,医院、卫生院数:广西:桂林市,医院、卫生院数:广西:梧州市,医院、卫生院数:广西:北海市,医院、卫生院数:广西:防城港市,医院、卫生院数:广西:钦州市,医院、卫生院数:广西:贵港市,医院、卫生院数:广西:玉林市,医院、卫生院数:广西:百色市,医院、卫生院数:广西:贺州市,医院、卫生院数:广西:河池市,医院、卫生院数:广西:来宾市,医院、卫生院数:广西:崇左市,医院、卫生院数:海南:海口市,医院、卫生院数:海南:三亚市,医院、卫生院数:重庆,医院、卫生院数:四川:成都市,医院、卫生院数:四川:自贡市,医院、卫生院数:四川:攀枝花市,医院、卫生院数:四川:泸州市,医院、卫生院数:四川:德阳市,医院、卫生院数:四川:绵阳市,医院、卫生院数:四川:广元市,医院、卫生院数:四川:遂宁市,医院、卫生院数:四川:内江市,医院、卫生院数:四川:乐山市,医院、卫生院数:四川:南充市,医院、卫生院数:四川:眉山市,医院、卫生院数:四川:宜宾市,医院、卫生院数:四川:广安市,医院、卫生院数:四川:达州市,医院、卫生院数:四川:雅安市,医院、卫生院数:四川:巴中市,医院、卫生院数:四川:资阳市,医院、卫生院数:贵州:贵阳市,医院、卫生院数:贵州:六盘水市,医院、卫生院数:贵州:遵义市,医院、卫生院数:贵州:安顺市,医院、卫生院数:贵州:毕节市,医院、卫生院数:贵州:铜仁市,医院、卫生院数:云南:昆明市,医院、卫生院数:云南:曲靖市,医院、卫生院数:云南:玉溪市,医院、卫生院数:云南:保山市,医院、卫生院数:云南:昭通市,医院、卫生院数:云南:丽江市,医院、卫生院数:云南:普洱市,医院、卫生院数:云南:临沧市,医院、卫生院数:西藏:拉萨市,医院、卫生院数:西藏:日喀则市,医院、卫生院数:西藏:昌都市,医院、卫生院数:西藏:林芝市,医院、卫生院数:西藏:山南市,医院、卫生院数:西藏:那曲市,医院、卫生院数:陕西:西安市,医院、卫生院数:陕西:铜川市,医院、卫生院数:陕西:宝鸡市,医院、卫生院数:陕西:咸阳市,医院、卫生院数:陕西:渭南市,医院、卫生院数:陕西:延安市,医院、卫生院数:陕西:汉中市,医院、卫生院数:陕西:榆林市,医院、卫生院数:陕西:安康市,医院、卫生院数:陕西:商洛市,医院、卫生院数:甘肃:兰州市,医院、卫生院数:甘肃:嘉峪关市,医院、卫生院数:甘肃:金昌市,医院、卫生院数:甘肃:白银市,医院、卫生院数:甘肃:天水市,医院、卫生院数:甘肃:武威市,医院、卫生院数:甘肃:张掖市,医院、卫生院数:甘肃:平凉市,医院、卫生院数:甘肃:酒泉市,医院、卫生院数:甘肃:庆阳市,医院、卫生院数:甘肃:定西市,医院、卫生院数:甘肃:陇南市,医院、卫生院数:青海:西宁市,医院、卫生院数:青海:海东市,医院、卫生院数:宁夏:银川市,医院、卫生院数:宁夏:石嘴山市,医院、卫生院数:宁夏:吴忠市,医院、卫生院数:宁夏:固原市,医院、卫生院数:宁夏:中卫市,医院、卫生院数:新疆:乌鲁木齐市,医院、卫生院数:新疆:克拉玛依市,医院、卫生院数:新疆:吐鲁番市,医院、卫生院数:新疆:哈密市
区域,中国,中国,中国,中国,中国,中国,中国,中国,中国,中国,中国,中国,中国,中国,中国,中国,中国,中国,中国,中国,中国,中国,中国,中国,中国,中国,中国,中国,中国,中国,中国,中国,中国,中国,中国,中国,中国,中国,中国,中国,中国,中国,中国,中国,中国,中国,中国,中国,中国,中国,中国,中国,中国,中国,中国,中国,中国,中国,中国,中国,中国,中国,中国,中国,中国,中国,中国,中国,中国,中国,中国,中国,中国,中国,中国,中国,中国,中国,中国,中国,中国,中国,中国,中国,中国,中国,中国,中国,中国,中国,中国,中国,中国,中国,中国,中国,中国,中国,中国,中国,中国,中国,中国,中国,中国,中国,中国,中国,中国,中国,中国,中国,中国,中国,中国,中国,中国,中国,中国,中国,中国,中国,中国,中国,中国,中国,中国,中国,中国,中国,中国,中国,中国,中国,中国,中国,中国,中国,中国,中国,中国,中国,中国,中国,中国,中国,中国,中国,中国,中国,中国,中国,中国,中国,中国,中国,中国,中国,中国,中国,中国,中国,中国,中国,中国,中国,中国,中国,中国,中国,中国,中国,中国,中国,中国,中国,中国,中国,中国,中国,中国,中国,中国,中国,中国,中国,中国,中国,中国,中国,中国,中国,中国,中国,中国,中国,中国,中国,中国,中国,中国,中国,中国,中国,中国,中国,中国,中国,中国,中国,中国,中国,中国,中国,中国,中国,中国,中国,中国,中国,中国,中国,中国,中国,中国,中国,中国,中国,中国,中国,中国,中国,中国,中国,中国,中国,中国,中国,中国,中国,中国,中国,中国,中国,中国,中国,中国,中国,中国,中国,中国,中国,中国,中国,中国,中国,中国,中国,中国,中国,中国,中国,中国,中国,中国,中国,中国,中国,中国,中国,中国,中国,中国,中国,中国,中国,中国,中国,中国,中国,中国,中国,中国,中国,中国,中国,中国,中国,中国,中国,中国,中国,中国,中国,中国,中国,中国,中国
次国家,,Beijing,Tianjin,Shijiazhuang,Tangshan,Qinhuangdao,Handan,Xingtai,Baoding,Zhangjiakou,Chengde,Cangzhou,Langfang,Hengshui,Taiyuan,Datong,Yangquan,Changzhi,Jincheng,Shuozhou,Jinzhong,Yuncheng,Xinzhou,Linfen,Lvliang,Hohhot,Baotou,Wuhai,Chifeng,Tongliao,Erdos,Hulunbeier,Bayannaoer,Wulanchabu,Shenyang,Dalian,Anshan,Fushun,Benxi,Dandong,Jinzhou,Yingkou,Fuxin,Liaoyang,Panjin,Tieling,Chaoyang,Huludao,Changchun,Jilin,Siping,Liaoyuan,Tonghua,Baishan,Songyuan,Baicheng,Harbin,Qiqihar,Jixi,Hegang,Shuangyashan,Daqing,Yichun,Jiamusi,Qitaihe,Mudanjiang,Heihe,Suihua,Shanghai,Nanjing,Wuxi,Xuzhou,Changzhou,Suzhou,Nantong,Lianyungang,Huaian,Yancheng,Yangzhou,Zhenjiang,Taizhou,Suqian,Hangzhou,Ningbo,Wenzhou,Jiaxing,Huzhou,Shaoxing,Jinhua,Quzhou,Zhoushan,Taizhou,Lishui,Hefei,Wuhu,Bengbu,Huainan,Maanshan,Huaibei,Tongling,Anqing,Huangshan,Chuzhou,Fuyang,Suzhou,Anhui,Lu'an,Bozhou,Chizhou,Xuancheng,Fuzhou,Xiamen,Putian,Sanming,Quanzhou,Zhangzhou,Nanping,Longyan,Ningde,Nanchang,Jingdezhen,Pingxiang,Jiujiang,Xinyu,Yingtan,Ganzhou,Jian,Yichun,Fuzhou,Shangrao,Jinan,Qingdao,Zibo,Zaozhuang,Dongying,Yantai,Weifang,Jining,Taian,Weihai,Rizhao,(DC)Laiwu,Linyi,Dezhou,Liaocheng,Binzhou,Heze,Zhengzhou,Kaifeng,Luoyang,Pingdingshan,Anyang,Hebi,Xinxiang,Jiaozuo,Puyang,Xuchang,Luohe,Sanmenxia,Nanyang,Shangqiu,Xinyang,Zhoukou,Zhumadian,Wuhan,Huangshi,Shiyan,Yichang,Xiangyang,Ezhou,Jingmen,Xiaogan,Jingzhou,Huanggang,Xianning,Suizhou,Changsha,Zhuzhou,Xiangtan,Hengyang,Shaoyang,Yueyang,Changde,Zhangjiajie,Yiyang,Chenzhou,Yongzhou,Huaihua,Loudi,Guangzhou,Shaoguan,Shenzhen,Zhuhai,Shantou,Foshan,Jiangmen,Zhanjiang,Maoming,Zhaoqing,Huizhou,Meizhou,Shanwei,Heyuan,Yangjiang,Qingyuan,Dongguan,Zhongshan,Chaozhou,Jieyang,Yunfu,Nanning,Liuzhou,Guilin,Wuzhou,Beihai,Fangchenggang,Qinzhou,Guigang,Yulin,Baise,Hezhou,Hechi,Laibin,Chongzuo,Haikou,Sanya,Chongqing,Chengdu,Zigong,Panzhihua,Luzhou,Deyang,Mianyang,Guangyuan,Suining,Neijiang,Leshan,Nanchong,Meishan,Yibin,Guangan,Dazhou,Yaan,Bazhong,Ziyang,Guiyang,Liupanshui,Zunyi,Anshun,Bijie,Tongren,Kunming,Qujing,Yuxi,Baoshan,Zhaotong,Lijiang,Puer,Lincang,Lhasa,Xigaze,Qamdu,Nyingchi,Lhokha,Narqu,Xian,Tongchuan,Baoji,Xianyang,Weinan,Yanan,Hanzhong,Yulin,Ankang,Shangluo,Lanzhou,Jiayuguan,Jinchang,Baiyin,Tianshui,Wuwei,Zhangye,Pingliang,Jiuquan,Qingyang,Dingxi,Longnan,Xining,Haidong,Yinchuan,Shizuishan,Wuzhong,Guyuan,Zhongwei,Urumqi,Karamay,Turpan,Hami
频率,年,年,年,年,年,年,年,年,年,年,年,年,年,年,年,年,年,年,年,年,年,年,年,年,年,年,年,年,年,年,年,年,年,年,年,年,年,年,年,年,年,年,年,年,年,年,年,年,年,年,年,年,年,年,年,年,年,年,年,年,年,年,年,年,年,年,年,年,年,年,年,年,年,年,年,年,年,年,年,年,年,年,年,年,年,年,年,年,年,年,年,年,年,年,年,年,年,年,年,年,年,年,年,年,年,年,年,年,年,年,年,年,年,年,年,年,年,年,年,年,年,年,年,年,年,年,年,年,年,年,年,年,年,年,年,年,年,年,年,年,年,年,年,年,年,年,年,年,年,年,年,年,年,年,年,年,年,年,年,年,年,年,年,年,年,年,年,年,年,年,年,年,年,年,年,年,年,年,年,年,年,年,年,年,年,年,年,年,年,年,年,年,年,年,年,年,年,年,年,年,年,年,年,年,年,年,年,年,年,年,年,年,年,年,年,年,年,年,年,年,年,年,年,年,年,年,年,年,年,年,年,年,年,年,年,年,年,年,年,年,年,年,年,年,年,年,年,年,年,年,年,年,年,年,年,年,年,年,年,年,年,年,年,年,年,年,年,年,年,年,年,年,年,年,年,年,年,年,年,年,年,年,年,年,年,年,年,年,年,年,年,年,年,年,年,年,年,年
单位,个,个,个,个,个,个,个,个,个,个,个,个,个,个,个,个,个,个,个,个,个,个,个,个,个,个,个,个,个,个,个,个,个,个,个,个,个,个,个,个,个,个,个,个,个,个,个,个,个,个,个,个,个,个,个,个,个,个,个,个,个,个,个,个,个,个,个,个,个,个,个,个,个,个,个,个,个,个,个,个,个,个,个,个,个,个,个,个,个,个,个,个,个,个,个,个,个,个,个,个,个,个,个,个,个,个,个,个,个,个,个,个,个,个,个,个,个,个,个,个,个,个,个,个,个,个,个,个,个,个,个,个,个,个,个,个,个,个,个,个,个,个,个,个,个,个,个,个,个,个,个,个,个,个,个,个,个,个,个,个,个,个,个,个,个,个,个,个,个,个,个,个,个,个,个,个,个,个,个,个,个,个,个,个,个,个,个,个,个,个,个,个,个,个,个,个,个,个,个,个,个,个,个,个,个,个,个,个,个,个,个,个,个,个,个,个,个,个,个,个,个,个,个,个,个,个,个,个,个,个,个,个,个,个,个,个,个,个,个,个,个,个,个,个,个,个,个,个,个,个,个,个,个,个,个,个,个,个,个,个,个,个,个,个,个,个,个,个,个,个,个,个,个,个,个,个,个,个,个,个,个,个,个,个,个,个,个,个,个,个,个,个,个,个,个,个,个,个
数据来源,国家统计局,北京市统计局,天津市统计局,石家庄市统计局,唐山市统计局,秦皇岛市统计局,邯郸市统计局,邢台市统计局,保定市统计局,张家口市统计局,承德市统计局,沧州市统计局,廊坊市统计局,衡水市统计局,太原市统计局,大同市统计局,阳泉市统计局,长治市统计局,晋城市统计局,朔州市统计局,晋中市统计局,运城市统计局,忻州市统计局,临汾市统计局,吕梁市统计局,呼和浩特市统计局,包头市统计局,乌海市统计局,赤峰市统计局,通辽市统计局,鄂尔多斯市统计局,呼伦贝尔市统计局,巴彦淖尔市统计局,乌兰察布市统计局,沈阳市统计局,大连市统计局,鞍山市统计局,抚顺市统计局,本溪市统计局,丹东市统计局,锦州市统计局,营口市统计局,阜新市统计局,辽阳市统计局,盘锦市统计局,铁岭市统计局,朝阳市统计局,葫芦岛市统计局,长春市统计局,吉林市统计局,四平市统计局,辽源市统计局,通化市统计局,白山市统计局,松原市统计局,白城市统计局,哈尔滨市统计局,齐齐哈尔市统计局,鸡西市统计局,鹤岗市统计局,双鸭山市统计局,大庆市统计局,伊春市统计局,佳木斯市统计局,七台河市统计局,牡丹江市统计局,黑河市统计局,绥化市统计局,上海市统计局,南京市统计局,无锡市统计局,徐州市统计局,常州市统计局,苏州市统计局,南通市统计局,连云港市统计局,淮安市统计局,盐城市统计局,扬州市统计局,镇江市统计局,泰州市统计局,宿迁市统计局,杭州市统计局,宁波市统计局,温州市统计局,嘉兴市统计局,湖州市统计局,绍兴市统计局,金华市统计局,衢州市统计局,舟山市统计局,台州市统计局,丽水市统计局,合肥市统计局,芜湖市统计局,蚌埠市统计局,淮南市统计局,马鞍山市统计局,淮北市统计局,铜陵市统计局,安庆市统计局,黄山市统计局,滁州市统计局,阜阳市统计局,宿州市统计局,巢湖市统计局,六安市统计局,亳州市统计局,池州市统计局,宣城市统计局,福州市统计局,厦门市统计局,莆田市统计局,三明市统计局,泉州市统计局,漳州市统计局,南平市统计局,龙岩市统计局,宁德市统计局,南昌市统计局,景德镇市统计局,萍乡市统计局,九江市统计局,新余市统计局,鹰潭市统计局,赣州市统计局,吉安市统计局,宜春市统计局,抚州市统计局,上饶市统计局,济南市统计局,青岛市统计局,淄博市统计局,枣庄市统计局,东营市统计局,烟台市统计局,潍坊市统计局,济宁市统计局,泰安市统计局,威海市统计局,日照市统计局,莱芜市统计局,临沂市统计局,德州市统计局,聊城市统计局,滨州市统计局,菏泽市统计局,郑州市统计局,开封市统计局,洛阳市统计局,平顶山市统计局,安阳市统计局,鹤壁市统计局,新乡市统计局,焦作市统计局,濮阳市统计局,许昌市统计局,漯河市统计局,三门峡市统计局,南阳市统计局,商丘市统计局,信阳市统计局,周口市统计局,驻马店市统计局,武汉市统计局,黄石市统计局,十堰市统计局,宜昌市统计局,襄阳市统计局,鄂州市统计局,荆门市统计局,孝感市统计局,荆州市统计局,黄冈市统计局,咸宁市统计局,随州市统计局,长沙市统计局,株洲市统计局,湘潭市统计局,衡阳市统计局,邵阳市统计局,岳阳市统计局,常德市统计局,张家界市统计局,益阳市统计局,郴州市统计局,永州市统计局,怀化市统计局,娄底市统计局,广州市统计局,韶关市统计局,深圳市统计局,珠海市统计局,汕头市统计局,佛山市统计局,江门市统计局,湛江市统计局,茂名市统计局,肇庆市统计局,惠州市统计局,梅州市统计局,汕尾市统计局,河源市统计局,阳江市统计局,清远市统计局,东莞市统计局,中山市统计局,潮州市统计局,揭阳市统计局,云浮市统计局,南宁市统计局,柳州市统计局,桂林市统计局,梧州市统计局,北海市统计局,防城港市统计局,钦州市统计局,贵港市统计局,玉林市统计局,百色市统计局,贺州市统计局,河池市统计局,来宾市统计局,崇左市统计局,海口市统计局,三亚市统计局,重庆市统计局,成都市统计局,自贡市统计局,攀枝花市统计局,泸州市统计局,德阳市统计局,绵阳市统计局,广元市统计局,遂宁市统计局,内江市统计局,乐山市统计局,南充市统计局,眉山市统计局,宜宾市统计局,广安市统计局,达州市统计局,雅安市统计局,巴中市统计局,资阳市统计局,贵阳市统计局,六盘水市统计局,遵义市统计局,安顺市统计局,毕节市统计局,铜仁市统计局,昆明市统计局,曲靖市统计局,玉溪市统计局,保山市统计局,昭通市统计局,丽江市统计局,普洱市统计局,临沧市统计局,拉萨市统计局,日喀则市统计局,昌都市统计局,林芝市统计局,山南市统计局,那曲市统计局,西安市统计局,铜川市统计局,宝鸡市统计局,咸阳市统计局,渭南市统计局,延安市统计局,汉中市统计局,榆林市统计局,安康市统计局,商洛市统计局,兰州市统计局,嘉峪关市统计局,金昌市统计局,白银市统计局,天水市统计局,武威市统计局,张掖市统计局,平凉市统计局,酒泉市统计局,庆阳市统计局,定西市统计局,陇南市统计局,西宁市统计局,海东市统计局,银川市统计局,石嘴山市统计局,吴忠市统计局,固原市统计局,中卫市统计局,乌鲁木齐市统计局,克拉玛依市统计局,吐鲁番市统计局,哈密市统计局
状态,继续,继续,继续,继续,继续,继续,继续,继续,继续,继续,继续,继续,继续,继续,继续,继续,继续,继续,继续,继续,继续,继续,继续,继续,继续,继续,继续,继续,继续,继续,继续,继续,继续,继续,继续,继续,继续,继续,继续,继续,继续,继续,继续,继续,继续,继续,继续,继续,继续,继续,继续,继续,继续,继续,继续,继续,继续,继续,继续,继续,继续,继续,继续,继续,继续,继续,继续,继续,继续,继续,继续,继续,继续,继续,继续,继续,继续,继续,继续,继续,继续,继续,继续,继续,继续,继续,继续,继续,继续,继续,继续,继续,继续,继续,继续,继续,继续,继续,继续,继续,继续,继续,继续,继续,继续,停止,继续,继续,继续,继续,继续,继续,继续,继续,继续,继续,继续,继续,继续,继续,继续,继续,继续,继续,继续,继续,继续,继续,继续,继续,继续,继续,继续,继续,继续,继续,继续,继续,继续,继续,继续,停止,继续,继续,继续,继续,继续,继续,继续,继续,继续,继续,继续,继续,继续,继续,继续,继续,继续,继续,继续,继续,继续,继续,继续,继续,继续,继续,继续,继续,继续,继续,继续,继续,继续,继续,继续,继续,继续,继续,继续,继续,继续,继续,继续,继续,继续,继续,继续,继续,继续,继续,继续,继续,继续,继续,继续,继续,继续,继续,继续,继续,继续,继续,继续,继续,继续,继续,继续,继续,继续,继续,继续,继续,继续,继续,继续,继续,继续,继续,继续,继续,继续,继续,继续,继续,继续,继续,继续,继续,继续,继续,继续,继续,继续,继续,继续,继续,继续,继续,继续,继续,继续,继续,继续,继续,继续,继续,继续,继续,继续,继续,继续,继续,继续,继续,继续,继续,继续,继续,继续,继续,继续,继续,继续,继续,继续,继续,继续,继续,继续,继续,继续,继续,继续,继续,继续,继续,继续,继续,继续,继续,继续,继续,继续,继续,继续,继续,继续,继续,继续,继续,继续,继续,继续,继续,继续,继续
数列ID,147506401 (CGAROA),147506501 (CGAROB),147506601 (CGAROC),147506701 (CGAROD),147506801 (CGAROE),147506901 (CGAROF),147507001 (CGAROG),147507101 (CGAROH),147507201 (CGAROI),147507301 (CGAROJ),147507401 (CGAROK),147507501 (CGAROL),147507601 (CGAROM),147507701 (CGARON),147507801 (CGAROO),147507901 (CGAROP),147508001 (CGAROQ),147508101 (CGAROR),147508201 (CGAROS),147508301 (CGAROT),147508401 (CGAROU),147508501 (CGAROV),147508601 (CGAROW),147508701 (CGAROX),147508801 (CGAROY),147508901 (CGAROZ),147509001 (CGARPA),147509101 (CGARPB),147509201 (CGARPC),147509301 (CGARPD),147509401 (CGARPE),147509501 (CGARPF),147509601 (CGARPG),147509701 (CGARPH),147509801 (CGARPI),147509901 (CGARPJ),147510001 (CGARPK),147510101 (CGARPL),147510201 (CGARPM),147510301 (CGARPN),147510401 (CGARPO),147510501 (CGARPP),147510601 (CGARPQ),147510701 (CGARPR),147510801 (CGARPS),147510901 (CGARPT),147511001 (CGARPU),147511101 (CGARPV),147511201 (CGARPW),147511301 (CGARPX),147511401 (CGARPY),147511501 (CGARPZ),147511601 (CGARQA),147511701 (CGARQB),147511801 (CGARQC),147511901 (CGARQD),147512001 (CGARQE),147512101 (CGARQF),147512201 (CGARQG),147512301 (CGARQH),147512401 (CGARQI),147512501 (CGARQJ),147512601 (CGARQK),147512701 (CGARQL),147512801 (CGARQM),147512901 (CGARQN),147513001 (CGARQO),147513101 (CGARQP),147513201 (CGARQQ),147513301 (CGARQR),147513401 (CGARQS),147513501 (CGARQT),147513601 (CGARQU),147513701 (CGARQV),147513801 (CGARQW),147513901 (CGARQX),147514001 (CGARQY),147514101 (CGARQZ),147514201 (CGARRA),147514301 (CGARRB),147514401 (CGARRC),147514501 (CGARRD),147514601 (CGARRE),147514701 (CGARRF),147514801 (CGARRG),147514901 (CGARRH),147515001 (CGARRI),147515101 (CGARRJ),147515201 (CGARRK),147515301 (CGARRL),147515401 (CGARRM),147515501 (CGARRN),147515601 (CGARRO),147515701 (CGARRP),147515801 (CGARRQ),147515901 (CGARRR),147516001 (CGARRS),147516101 (CGARRT),147516201 (CGARRU),147516301 (CGARRV),147516401 (CGARRW),147516501 (CGARRX),147516601 (CGARRY),147516701 (CGARRZ),147516801 (CGARSA),147516901 (CGARSB),147517001 (CGARSC),147517101 (CGARSD),147517201 (CGARSE),147517301 (CGARSF),147517401 (CGARSG),147517501 (CGARSH),147517601 (CGARSI),147517701 (CGARSJ),147517801 (CGARSK),147517901 (CGARSL),147518001 (CGARSM),147518101 (CGARSN),147518201 (CGARSO),147518301 (CGARSP),147518401 (CGARSQ),147518501 (CGARSR),147518601 (CGARSS),147518701 (CGARST),147518801 (CGARSU),147518901 (CGARSV),147519001 (CGARSW),147519101 (CGARSX),147519201 (CGARSY),147519301 (CGARSZ),147519401 (CGARTA),147519501 (CGARTB),147519601 (CGARTC),147519701 (CGARTD),147519801 (CGARTE),147519901 (CGARTF),147520001 (CGARTG),147520101 (CGARTH),147520201 (CGARTI),147520301 (CGARTJ),147520401 (CGARTK),147520501 (CGARTL),147520601 (CGARTM),147520701 (CGARTN),147520801 (CGARTO),147520901 (CGARTP),147521001 (CGARTQ),147521101 (CGARTR),147521201 (CGARTS),147521301 (CGARTT),147521401 (CGARTU),147521501 (CGARTV),147521601 (CGARTW),147521701 (CGARTX),147521801 (CGARTY),147521901 (CGARTZ),147522001 (CGARUA),147522101 (CGARUB),147522201 (CGARUC),147522301 (CGARUD),147522401 (CGARUE),147522501 (CGARUF),147522601 (CGARUG),147522701 (CGARUH),147522801 (CGARUI),147522901 (CGARUJ),147523001 (CGARUK),147523101 (CGARUL),147523201 (CGARUM),147523301 (CGARUN),147523401 (CGARUO),147523501 (CGARUP),147523601 (CGARUQ),147523701 (CGARUR),147523801 (CGARUS),147523901 (CGARUT),147524001 (CGARUU),147524101 (CGARUV),147524201 (CGARUW),147524301 (CGARUX),147524401 (CGARUY),147524501 (CGARUZ),147524601 (CGARVA),147524701 (CGARVB),147524801 (CGARVC),147524901 (CGARVD),147525001 (CGARVE),147525101 (CGARVF),147525201 (CGARVG),147525301 (CGARVH),147525401 (CGARVI),147525501 (CGARVJ),147525601 (CGARVK),147525701 (CGARVL),147525801 (CGARVM),147525901 (CGARVN),147526001 (CGARVO),147526101 (CGARVP),147526201 (CGARVQ),147526301 (CGARVR),147526401 (CGARVS),147526501 (CGARVT),147526601 (CGARVU),147526701 (CGARVV),147526801 (CGARVW),147526901 (CGARVX),147527001 (CGARVY),147527101 (CGARVZ),147527201 (CGARWA),147527301 (CGARWB),147527401 (CGARWC),147527501 (CGARWD),147527601 (CGARWE),147527701 (CGARWF),147527801 (CGARWG),147527901 (CGARWH),147528001 (CGARWI),147528101 (CGARWJ),147528201 (CGARWK),147528301 (CGARWL),147528401 (CGARWM),147528501 (CGARWN),147528601 (CGARWO),147528701 (CGARWP),147528801 (CGARWQ),147528901 (CGARWR),147529001 (CGARWS),147529101 (CGARWT),147529201 (CGARWU),147529301 (CGARWV),147529401 (CGARWW),147529501 (CGARWX),147529601 (CGARWY),147529701 (CGARWZ),147529801 (CGARXA),147529901 (CGARXB),147530001 (CGARXC),147530101 (CGARXD),147530201 (CGARXE),147530301 (CGARXF),147530401 (CGARXG),147530501 (CGARXH),147530601 (CGARXI),147530701 (CGARXJ),147530801 (CGARXK),147530901 (CGARXL),147531001 (CGARXM),147531101 (CGARXN),147531201 (CGARXO),313967501 (CGBWLS),313967301 (CGBWLQ),147531301 (CGARXP),147531401 (CGARXQ),147531501 (CGARXR),147531601 (CGARXS),147531701 (CGARXT),147531801 (CGARXU),147531901 (CGARXV),147532001 (CGARXW),306093201 (CGBSVY),313968801 (CGBWMF),313968601 (CGBWMD),313969101 (CGBWMI),313968701 (CGBWME),313968901 (CGBWMG),147532101 (CGARXX),147532201 (CGARXY),147532301 (CGARXZ),147532401 (CGARYA),147532501 (CGARYB),147532601 (CGARYC),147532701 (CGARYD),147532801 (CGARYE),147532901 (CGARYF),147533001 (CGARYG),147533101 (CGARYH),147533201 (CGARYI),147533301 (CGARYJ),147533401 (CGARYK),147533501 (CGARYL),147533601 (CGARYM),147533701 (CGARYN),147533801 (CGARYO),147533901 (CGARYP),147534001 (CGARYQ),147534101 (CGARYR),147534201 (CGARYS),147534301 (CGARYT),313969401 (CGBWML),147534401 (CGARYU),147534501 (CGARYV),147534601 (CGARYW),147534701 (CGARYX),147534801 (CGARYY),147534901 (CGARYZ),147535001 (CGARZA),313970101 (CGBWMS),313970201 (CGBWMT)
SR码,SR2036875,SR2035636,SR2037452,SR2037097,SR2036434,SR2035453,SR2036634,SR2036102,SR2036940,SR2036935,SR2036145,SR2036027,SR2036208,SR2036989,SR2036159,SR2036605,SR2037470,SR2035694,SR2036405,SR2036368,SR2035665,SR2037353,SR2035331,SR2036179,SR2035584,SR2035380,SR2036571,SR2037663,SR2035744,SR2036252,SR2035415,SR2037383,SR2036923,SR2036287,SR2036437,SR2036212,SR2035358,SR2036740,SR2036253,SR2036205,SR2037248,SR2036409,SR2036691,SR2037660,SR2037121,SR2035524,SR2037089,SR2036353,SR2036732,SR2035548,SR2036516,SR2035598,SR2035346,SR2035785,SR2035641,SR2037561,SR2037380,SR2037269,SR2037685,SR2035617,SR2037439,SR2035436,SR2037317,SR2036327,SR2036546,SR2036104,SR2037511,SR2035679,SR2037493,SR2036733,SR2036632,SR2035742,SR2036518,SR2035422,SR2036847,SR2035982,SR2035762,SR2036346,SR2037672,SR2035413,SR2036565,SR2035616,SR2036281,SR2037329,SR2037699,SR2036127,SR2035572,SR2037358,SR2035862,SR2036879,SR2037547,SR2037155,SR2037437,SR2035768,SR2037405,SR2037680,SR2036969,SR2035335,SR2036851,SR2035523,SR2036245,SR2035538,SR2036758,SR2037227,SR2035430,SR2036352,SR2035928,SR2035646,SR2035613,SR2035866,SR2035803,SR2035521,SR2036472,SR2035687,SR2036996,SR2036860,SR2037564,SR2035481,SR2037000,SR2037562,SR2037659,SR2036468,SR2035740,SR2037582,SR2036594,SR2037182,SR2035688,SR2035889,SR2035677,SR2037309,SR2037046,SR2035527,SR2037125,SR2037541,SR2037161,SR2036334,SR2036926,SR2035715,SR2036110,SR2036709,SR2036065,SR2035719,SR2035873,SR2037076,SR2036618,SR2037610,SR2036848,SR2037211,SR2036215,SR2037487,SR2037648,SR2037476,SR2036899,SR2035614,SR2036580,SR2035635,SR2035546,SR2035730,SR2036084,SR2035669,SR2037335,SR2035645,SR2037674,SR2035820,SR2037369,SR2037512,SR2036791,SR2035832,SR2035369,SR2036142,SR2036891,SR2035615,SR2036054,SR2035796,SR2036042,SR2036874,SR2037226,SR2037055,SR2036004,SR2036363,SR2035918,SR2037594,SR2036812,SR2036664,SR2037224,SR2036278,SR2037075,SR2035596,SR2037146,SR2036202,SR2037567,SR2037004,SR2037615,SR2035965,SR2035760,SR2035888,SR2036676,SR2036401,SR2037009,SR2036041,SR2037482,SR2035630,SR2036636,SR2036645,SR2036023,SR2036534,SR2035678,SR2037164,SR2035537,SR2036593,SR2035647,SR2036964,SR2036938,SR2037565,SR2037339,SR2035625,SR2035809,SR2035525,SR2037299,SR2036361,SR2036701,SR2036992,SR2036098,SR2036125,SR2035896,SR2037678,SR2037701,SR2035417,SR2035492,SR2036925,SR2037658,SR2036425,SR2035879,SR2035948,SR2037708,SR2036626,SR2037464,SR2037081,SR2036243,SR2036317,SR2036340,SR2036620,SR2035776,SR2036959,SR2036831,SR2037274,SR2036377,SR2036569,SR2036396,SR5005885,SR5005883,SR2037712,SR2037279,SR2037668,SR2037550,SR2036607,SR2037407,SR2037324,SR2036038,SR4701498,SR5004559,SR5004256,SR5005145,SR5005043,SR5004268,SR2037641,SR2036194,SR2037071,SR2035541,SR2035498,SR2037425,SR2036670,SR2036655,SR2036357,SR2035975,SR2036553,SR2037344,SR2037526,SR2036513,SR2037005,SR2035848,SR2035496,SR2036191,SR2036469,SR2035983,SR2036426,SR2037010,SR2036556,SR5005647,SR2035458,SR2036305,SR2035590,SR2037023,SR2036010,SR2036337,SR2037721,SR5004314,SR5005172
助记符,,,,,,,,,,,,,,,,,,,,,,,,,,,,,,,,,,,,,,,,,,,,,,,,,,,,,,,,,,,,,,,,,,,,,,,,,,,,,,,,,,,,,,,,,,,,,,,,,,,,,,,,,,,,,,,,,,,,,,,,,,,,,,,,,,,,,,,,,,,,,,,,,,,,,,,,,,,,,,,,,,,,,,,,,,,,,,,,,,,,,,,,,,,,,,,,,,,,,,,,,,,,,,,,,,,,,,,,,,,,,,,,,,,,,,,,,,,,,,,,,,,,,,,,,,,,,,,,,,,,,,,,,,,,,,,,,,,,,,,,,,,,,,,,,,,,,,,,,,
函数说明,,,,,,,,,,,,,,,,,,,,,,,,,,,,,,,,,,,,,,,,,,,,,,,,,,,,,,,,,,,,,,,,,,,,,,,,,,,,,,,,,,,,,,,,,,,,,,,,,,,,,,,,,,,,,,,,,,,,,,,,,,,,,,,,,,,,,,,,,,,,,,,,,,,,,,,,,,,,,,,,,,,,,,,,,,,,,,,,,,,,,,,,,,,,,,,,,,,,,,,,,,,,,,,,,,,,,,,,,,,,,,,,,,,,,,,,,,,,,,,,,,,,,,,,,,,,,,,,,,,,,,,,,,,,,,,,,,,,,,,,,,,,,,,,,,,,,,,,,,
首次观测日期,1996,1978,1996,1996,1996,1996,1996,1996,1996,1996,1996,1996,1996,1996,1996,1998,1996,1996,1996,1996,2000,2000,2000,2000,2003,1996,1996,1996,1996,1999,2001,2001,2003,2003,1997,1996,1997,1997,1997,1996,1996,1997,1999,1996,1996,1996,1996,1996,1996,1996,1996,1996,1997,1996,1997,1996,1996,1996,1997,1996,1996,1996,1997,1996,1996,1996,1996,2001,1996,1996,1996,1996,1996,1996,1996,1996,1996,1996,1996,1996,1996,1996,1996,1996,1996,1996,1996,1996,1997,1996,1996,1996,2000,1996,1996,1997,1996,1996,1996,1996,1996,1997,1996,1996,1998,1999,1999,2000,2000,2000,1996,1996,1996,1996,1997,1996,1996,1996,2000,1996,1996,1996,1996,1996,1996,1999,2000,2000,2000,2001,1996,1996,1997,1997,1996,1996,1996,1996,1996,1996,1997,1997,1996,1996,1998,2000,2000,1996,1996,1996,1996,1996,1996,1996,1996,1996,1996,1996,1996,1996,1997,1998,2000,2000,1996,1996,1996,1996,1996,1996,1996,1996,1997,1996,1999,1996,1996,1996,1996,1997,1996,1996,1996,1996,1996,1996,1996,1997,1999,1996,1996,1979,1997,1996,1996,1996,1996,1996,1997,1996,1996,1996,1997,1997,1996,1996,1996,1996,1996,1996,1996,1996,1998,1997,1996,1996,1997,1997,1997,2002,2002,2002,2003,2002,1996,1996,1970,1996,1996,1996,1996,1996,1996,1996,1996,1998,1997,1996,2000,1997,1998,2000,2000,2001,2000,1997,1996,1997,2000,2005,2005,1999,1997,1998,2000,2001,2002,2003,2003,2012,2005,2005,2005,2005,2005,1996,1996,1998,1996,1996,1997,1999,1999,2000,2001,1997,1996,1998,1996,1996,2002,2002,2002,2002,2002,2003,2005,1996,2005,1996,1996,1998,2002,2007,1996,1996,2005,2005
最后观测日期,2015,2017,2019,2020,2019,2019,2020,2019,2017,2020,2016,2020,2017,2019,2016,2020,2016,2019,2016,2016,2016,2019,2015,2016,2016,2019,2019,2019,2020,2019,2019,2019,2019,2019,2019,2019,2019,2019,2019,2019,2020,2020,2019,2019,2019,2019,2019,2019,2019,2019,2019,2019,2019,2019,2019,2019,2019,2019,2019,2019,2019,2019,2019,2019,2019,2019,2019,2019,2017,2019,2019,2020,2019,2019,2020,2019,2019,2019,2019,2020,2020,2019,2016,2016,2020,2016,2020,2016,2020,2016,2020,2016,2020,2020,2020,2019,2019,2020,2019,2019,2019,2019,2019,2020,2019,2010,2019,2020,2020,2020,2020,2020,2019,2020,2019,2019,2019,2020,2020,2019,2019,2019,2019,2020,2019,2019,2019,2019,2019,2019,2020,2020,2019,2019,2020,2019,2016,2020,2019,2018,2019,2016,2016,2017,2016,2018,2019,2019,2019,2019,2019,2019,2019,2019,2019,2019,2019,2019,2019,2019,2019,2017,2019,2019,2016,2019,2020,2019,2020,2014,2018,2020,2016,2016,2016,2016,2019,2020,2019,2020,2019,2019,2020,2020,2019,2019,2019,2020,2020,2020,2017,2016,2020,2020,2020,2014,2020,2020,2019,2020,2020,2020,2020,2020,2020,2016,2016,2016,2019,2019,2019,2019,2019,2019,2017,2020,2019,2019,2019,2019,2019,2019,2019,2019,2020,2018,2020,2020,2019,2019,2020,2019,2019,2019,2020,2020,2019,2019,2019,2019,2020,2020,2020,2020,2020,2019,2016,2019,2019,2019,2018,2019,2020,2016,2019,2020,2016,2019,2016,2016,2019,2010,2010,2010,2010,2020,2020,2020,2017,2020,2019,2014,2019,2018,2019,2019,2019,2019,2019,2019,2019,2019,2019,2019,2019,2019,2019,2016,2015,2019,2019,2019,2019,2019,2016,2019,2010,2012
最后更新时间,16/05/2017,13/02/2020,18/01/2021,16/03/2021,23/04/2020,16/03/2021,12/04/2021,03/04/2020,13/02/2020,12/04/2021,13/02/2020,19/03/2021,13/02/2020,07/04/2020,13/02/2020,16/04/2021,16/03/2021,30/04/2020,13/02/2020,13/02/2020,16/03/2021,16/03/2021,13/02/2020,13/02/2020,13/02/2020,30/10/2020,30/10/2020,26/04/2020,16/04/2021,30/10/2020,16/03/2021,30/10/2020,30/10/2020,02/06/2020,16/03/2021,11/03/2021,16/03/2021,16/03/2021,16/03/2021,15/07/2020,23/04/2021,23/04/2021,16/03/2021,16/03/2021,20/03/2020,16/03/2021,04/06/2020,16/03/2021,22/05/2020,15/07/2020,06/05/2020,20/01/2021,16/03/2021,20/01/2021,16/03/2021,20/01/2021,16/03/2021,16/03/2021,16/03/2021,24/03/2021,24/03/2021,24/03/2021,16/03/2021,21/05/2020,24/03/2021,24/03/2021,16/03/2021,24/03/2021,13/02/2020,23/04/2020,04/01/2021,23/04/2021,04/01/2021,30/04/2020,26/03/2021,04/01/2021,04/01/2021,04/01/2021,04/01/2021,23/04/2021,23/04/2021,04/01/2021,13/02/2020,13/02/2020,23/04/2021,13/02/2020,23/04/2021,13/02/2020,19/03/2021,13/02/2020,23/04/2021,14/02/2020,23/04/2021,27/04/2021,27/04/2021,16/03/2021,21/05/2020,27/04/2021,21/07/2020,04/06/2020,04/06/2020,16/03/2021,04/06/2020,28/04/2021,01/02/2021,13/02/2020,01/02/2021,26/03/2021,28/04/2021,28/04/2021,28/04/2021,26/03/2021,05/06/2020,22/03/2021,16/03/2021,16/03/2021,05/06/2020,19/03/2021,28/04/2021,08/01/2021,16/03/2021,16/03/2021,05/06/2020,07/05/2021,16/03/2021,25/05/2020,08/06/2020,16/03/2021,16/03/2021,16/03/2021,07/05/2021,22/03/2021,16/03/2021,16/03/2021,22/03/2021,26/04/2020,13/02/2020,29/03/2021,16/03/2021,13/02/2020,16/03/2021,16/03/2021,13/02/2020,16/03/2021,13/02/2020,16/03/2021,16/03/2021,16/03/2021,23/06/2020,23/06/2020,08/02/2021,16/03/2021,23/06/2020,08/02/2021,24/06/2020,22/07/2020,16/03/2021,25/05/2020,24/06/2020,24/06/2020,16/03/2021,16/03/2021,28/06/2020,28/06/2020,13/02/2020,26/05/2020,01/04/2021,04/06/2020,08/04/2021,16/03/2021,13/02/2020,07/05/2021,13/02/2020,13/02/2020,16/03/2021,13/02/2020,23/03/2020,24/03/2021,29/06/2020,12/04/2021,16/03/2021,16/03/2021,12/04/2021,13/04/2021,11/12/2020,11/12/2020,11/12/2020,11/05/2021,11/05/2021,08/04/2021,13/02/2020,13/02/2020,28/04/2021,31/03/2021,23/03/2021,16/03/2021,16/03/2021,28/04/2021,16/03/2021,14/04/2021,13/04/2021,15/04/2021,01/04/2021,25/03/2021,15/04/2021,13/02/2020,13/02/2020,13/02/2020,16/03/2021,16/03/2021,06/01/2021,16/03/2021,16/03/2021,16/03/2021,13/02/2020,16/04/2021,16/03/2021,16/03/2021,17/06/2020,24/07/2020,16/03/2021,06/01/2021,16/03/2021,16/03/2021,16/03/2021,13/02/2020,22/03/2021,06/05/2021,16/03/2021,29/06/2020,19/04/2021,16/03/2021,16/03/2021,16/03/2021,30/04/2021,30/03/2021,16/03/2021,16/03/2021,07/01/2021,16/03/2021,20/04/2021,21/04/2021,22/04/2021,22/04/2021,02/03/2021,16/03/2021,13/02/2020,16/03/2021,16/03/2021,10/07/2020,16/03/2021,16/03/2021,30/04/2021,16/03/2021,10/07/2020,06/05/2021,13/02/2020,16/03/2021,13/02/2020,16/03/2021,09/07/2020,13/02/2020,13/02/2020,13/02/2020,13/02/2020,26/03/2021,29/03/2021,30/03/2021,13/02/2020,10/05/2021,13/07/2020,16/03/2021,16/03/2021,16/03/2021,16/03/2021,16/03/2021,16/03/2021,16/03/2021,14/07/2020,16/03/2021,16/03/2021,27/01/2021,14/07/2020,27/01/2021,27/01/2021,14/07/2020,16/03/2021,16/03/2021,13/02/2020,24/03/2021,24/03/2021,24/03/2021,24/03/2021,24/03/2021,13/02/2020,16/03/2021,13/02/2020,13/02/2020
数列备注,,,,,,,,,,,,,,,,,,,,,,,,,,,,,,,,,,,,,,,,,,,,,,,,,,,,,,,,,,,,,,,,,,,,,,,,,,,,,,,,,,,,,,,,,,,,,,,,,,,,,,,,,,,,,,,,,,,,,,,,,,,,,,,,,,,,,,,,,,,,,,,,,,,,,,,,,,,,,,,,,,,,,,,,,,,,,,,,,,,,,,,,,,,,,,,,,,,,,,,,,,,,,,,,,,,,,,,,,,,,,,,,,,,,,,,,,,,,,,,,,,,,,,,,,,,,,,,,,,,,,,,,,,,,,,,,,,,,,,,,,,,,,,,,,,,,,,,,,,
您可以,,,,,,,,,,,,,,,,,,,,,,,,,,,,,,,,,,,,,,,,,,,,,,,,,,,,,,,,,,,,,,,,,,,,,,,,,,,,,,,,,,,,,,,,,,,,,,,,,,,,,,,,,,,,,,,,,,,,,,,,,,,,,,,,,,,,,,,,,,,,,,,,,,,,,,,,,,,,,,,,,,,,,,,,,,,,,,,,,,,,,,,,,,,,,,,,,,,,,,,,,,,,,,,,,,,,,,,,,,,,,,,,,,,,,,,,,,,,,,,,,,,,,,,,,,,,,,,,,,,,,,,,,,,,,,,,,,,,,,,,,,,,,,,,,,,,,,,,,,
平均,60422.1,570.2,487.5833333333333,456.4,385.2608695652174,175.45,437.32,343.5217391304348,524.6818181818181,313.54545454545456,305.2857142857143,315.5652173913044,180.5,227.65217391304347,244.0952380952381,255.34782608695653,95.6470588235294,265.3333333333333,202.66666666666666,142.52380952380952,246.25,405.05263157894734,654.9375,337.29411764705884,539.8571428571429,150.54166666666666,121,146.41666666666666,537.8,257.4761904761905,158.35294117647058,234.10526315789474,146.64705882352942,232.8125,339.5652173913044,238.58333333333334,152.17391304347825,138.2608695652174,85.9090909090909,123.30434782608695,142.95833333333334,128.5,108,106.61904761904762,71.71428571428571,127.27777777777777,200.125,159.85714285714286,303.5416666666667,239.08333333333334,150.08333333333334,65.66666666666667,150.2608695652174,104.29166666666667,128.2173913043478,131.45833333333334,460.9047619047619,344.59090909090907,204.47826086956522,69.20833333333333,96.83333333333333,144.29166666666666,62.30434782608695,181.20833333333334,43.75,125.79166666666667,136.23809523809524,238.89473684210526,540.2857142857143,241.45833333333334,168.91666666666666,263.12,119.25,234.25,321.08,157.25,184.75,261.9166666666667,176,102.64,176.24,188.1818181818182,358.7368421052632,260.6190476190476,462.04,142.4,135.92,256.2857142857143,311.125,180.76190476190476,80.4,271.42857142857144,284.3333333333333,244.1818181818182,131.625,129.77272727272728,117.625,68.72,109.08333333333333,40.833333333333336,292.2916666666667,148.30434782608697,228.70833333333334,260.04,151.63636363636363,216.83333333333334,197.61904761904762,140.9047619047619,93.19047619047619,145.61904761904762,233.36,53.24,77.13636363636364,169.48,224.04347826086956,169.95652173913044,172,158.54166666666666,142.95238095238096,185.2173913043478,68.0909090909091,80.21739130434783,279.8333333333333,56.291666666666664,62.95238095238095,419.8095238095238,280.2,227.16666666666666,216.46666666666667,330.4736842105263,1009.12,280.16,200.52173913043478,124.08695652173913,102.79166666666667,271.7916666666667,273.1904761904762,268.15,162,95.1304347826087,81.27272727272727,44.2,291.3333333333333,181.5,223.78947368421052,139.83333333333334,295.5263157894737,273.30434782608694,162.875,261.5833333333333,179.875,159.6086956521739,53.125,242.33333333333334,149.5,130.70833333333334,153.7826086956522,82.33333333333333,123.20833333333333,309.9583333333333,247.72727272727272,264.4,279.7,242.7,247.85714285714286,80.125,169.84,169.66666666666666,209.3181818181818,39.666666666666664,100.8695652173913,159.84,164.4,233.76190476190476,98.25,79.27777777777777,269.8333333333333,191.92,114.08333333333333,336.2083333333333,296.77272727272725,243.72727272727272,284.45454545454544,113.52,171.16666666666666,324.7916666666667,294.8333333333333,390.9166666666667,149.5,260.7391304347826,179.8181818181818,68.60526315789474,47.416666666666664,76.48,101.85714285714286,123.625,175.17391304347825,151.8,147.3913043478261,129.375,181.58333333333334,75.48,138.375,78.08333333333333,165.3913043478261,59.7,39.1,70.33333333333333,106.23809523809524,82.78260869565217,179.16666666666666,145,199.65,93.0952380952381,46.59090909090909,40.78260869565217,79.71428571428571,106.86363636363636,155.95,211,84.25,186.05882352941177,95.6,115.92857142857143,67.4090909090909,28.82608695652174,1924.475,680.08,164.14285714285714,84.83333333333333,273.96,219,406,316.9130434782609,181.24,221.08695652173913,300.85714285714283,570.4285714285714,208.55,310.14285714285717,236.72727272727272,406.1904761904762,192.95238095238096,300.2,242.42857142857142,215.86363636363637,150.3684210526316,321.1818181818182,136.125,403.45454545454544,200.44444444444446,345.85,194.71428571428572,123.66666666666667,142.54545454545453,214.86666666666667,81.06666666666666,139.6,123.5,72.5,220,151.33333333333334,59.166666666666664,88.16666666666667,144,430,72.11111111111111,264.5217391304348,317.54545454545456,325.45454545454544,218.43478260869566,611.75,312.05882352941177,238.05555555555554,185.22222222222223,180.2173913043478,7.086956521739131,22.65,101.20833333333333,194.8695652173913,158.22222222222223,485.05555555555554,148.94444444444446,106.77777777777777,152.38888888888889,167.88235294117646,243.93333333333334,103.1875,128.77777777777777,97.83333333333333,59.82608695652174,119.52941176470588,108.57142857142857,59.38461538461539,159.14285714285714,8.285714285714286,43.666666666666664,59.857142857142854
方差,28519062.51578947,14516.420512820516,2548.5144927536235,6996.083333333333,7471.747035573123,1374.6815789473685,7898.060000000001,3387.806324110672,10954.893939393938,1703.9740259740258,5449.114285714287,2511.2569169960475,780.547619047619,1685.6007905138338,332.7904761904762,420.7826086956521,314.61764705882354,856.927536231884,2804.133333333333,158.86190476190475,192.06666666666666,2134.6081871345027,20386.729166666668,358.47058823529414,55146.28571428572,754.6068840579711,549.9130434782609,15223.73188405797,53688.083333333336,6612.861904761905,318.7426470588235,189.4327485380117,166.49264705882354,731.8958333333334,1108.893280632411,326.5144927536232,126.24110671936761,1389.2924901185768,317.6103896103896,31.58498023715416,610.5634057971017,579.304347826087,37.2,264.04761904761904,122.11428571428573,401.62418300653604,398.8097826086956,198.82857142857137,93.99818840579711,311.8188405797101,102.16666666666666,33.933333333333316,379.47430830039525,53.780797101449274,232.81422924901182,48.8677536231884,782.9904761904761,21188.25324675325,15858.533596837946,5.650362318840579,95.88405797101449,464.9981884057971,304.7667984189723,873.1286231884058,10.108695652173912,153.9981884057971,10.990476190476183,808.6549707602339,6552.014285714285,2080.9547101449275,673.123188405797,1253.1933333333334,501.0652173913044,1317.5869565217392,113.74333333333338,109.93478260869566,44.630434782608695,442.86231884057963,750.5217391304348,98.65666666666668,120.27333333333341,1446.155844155844,2339.2046783625733,1436.3476190476192,6539.373333333333,454.40000000000003,255.49333333333334,6317.914285714286,3139.592391304348,1023.1904761904761,156.75000000000003,5351.557142857143,2219.0333333333338,692.5367965367966,51.63586956521739,184.85064935064935,354.2445652173913,607.2933333333334,113.3840579710145,113.10144927536233,7219.60688405797,453.403162055336,3989.9547101449275,2872.373333333333,605.5757575757575,2481.6060606060605,342.7476190476191,395.39047619047614,41.86190476190477,822.2476190476191,147.82333333333335,86.68999999999996,282.21861471861484,65.26000000000002,828.7707509881421,263.40711462450594,338.60869565217394,51.99818840579709,53.34761904761905,432.45059288537544,200.37229437229433,30.632411067193676,361.4492753623188,92.56340579710145,6.447619047619047,1967.5619047619043,211.221052631579,204.02941176470588,410.4095238095238,1437.2631578947369,645807.6933333335,5371.556666666666,887.806324110672,64.08300395256919,42.25905797101449,572.3460144927536,445.46190476190475,719.9236842105263,54.27272727272727,64.11857707509881,81.06493506493507,21.64210526315789,605.8333333333334,905.1190476190476,3674.5087719298244,822.9705882352941,3874.4853801169593,1761.675889328063,115.85326086956522,513.123188405797,108.63586956521739,441.3399209486166,95.07065217391305,366.05797101449286,188.43478260869566,30.04166666666668,480.45059288537544,238.927536231884,21.563405797101446,388.21557971014505,305.1601731601732,12.778947368421042,2141.694736842105,753.2736842105263,2153.328571428571,45.505434782608695,156.64000000000004,360.75362318840575,146.51298701298703,7.764705882352943,99.2094861660079,117.72333333333334,246.46315789473684,1593.1904761904766,398.3333333333333,417.50653594771245,578.3188405797101,245.32666666666668,48.86231884057972,1803.128623188406,866.469696969697,1132.5887445887447,160.06926406926408,519.8433333333334,1134.8405797101452,338.0851449275362,789.8840579710144,476.6014492753624,610.7380952380952,503.20158102766806,199.5844155844156,1178.0832147937408,35.1231884057971,22.01,328.6285714285714,43.18333333333333,247.51383399209473,109.83333333333339,18.976284584980238,156.1576086956522,337.4710144927536,31.093333333333334,348.8532608695652,95.9927536231884,99.24901185770752,212.53684210526316,49.46315789473684,22.833333333333325,90.39047619047625,79.63241106719367,3079.2753623188405,1243.7272727272727,40.44999999999999,29.2904761904762,9.396103896103893,5.541501976284585,25.614285714285707,144.50432900432895,115.41842105263157,19.4,36.06666666666667,29.933823529411768,10.114285714285714,59.6098901098901,332.0627705627706,14.33201581027668,156758.30705128203,15356.826666666666,607.4285714285713,300.40579710144925,8060.706666666665,214.66666666666666,1776.1818181818182,192.9920948616601,2626.6066666666666,7993.537549407116,134.0285714285714,442.857142857143,1775.313157894737,5562.028571428571,1147.5411255411254,1789.661904761905,73.34761904761905,329.01052631578955,5357.057142857143,1179.9329004329006,576.4678362573098,2657.8701298701308,226.25,15349.672727272726,392.7777777777778,1957.6078947368424,389.5142857142857,194.35294117647058,939.0727272727274,2225.266666666666,41.49523809523809,171.68571428571425,176.73076923076923,57.666666666666664,34.57142857142857,2.266666666666667,1.3666666666666665,12.566666666666666,5.2,1695.5238095238096,20.928104575163406,148.62450592885375,582.4502164502164,1175.4025974025976,43.71146245059289,144158.6,296.55882352941177,539.4673202614379,341.9477124183007,417.26877470355737,3.3557312252964433,6.1342105263157904,33.73731884057971,826.8458498023713,815.1241830065361,288073.3496732026,251.58496732026137,57.24183006535949,47.54575163398692,97.36029411764707,99.4952380952381,182.82916666666668,170.44444444444443,195.78787878787878,322.6047430830039,1636.264705882353,541.6483516483515,56.5897435897436,1714.7285714285713,8.61428571428572,2.6666666666666665,15.809523809523803
标准差,5340.324195757171,120.4841089638817,50.48281383553836,83.64259281809318,86.43926790280632,37.076698598275556,88.87103015043768,58.204865124065634,104.6656292170163,41.27922026848407,73.81811624333344,50.11244273627107,27.93828232099495,41.05606886337066,18.242545770546286,20.512986342696475,17.737464504793902,29.273324652862442,52.95406814715309,12.60404319105202,13.858811877887176,46.201820171228135,142.78210380389646,18.93331952498806,234.8324630758825,27.47010891965977,23.450224806561256,123.38448802040705,231.70689099233397,81.31950506958282,17.853365146627777,13.763456998080523,12.903202976735022,27.05357339305352,33.300049258708476,18.0697120274127,11.235706774358594,37.27321411038464,17.821627019169423,5.620051622285525,24.709581254993005,24.068742132194757,6.099180272790763,16.249542118091174,11.050533277371084,20.040563440346084,19.97022239757724,14.100658545918037,9.695266288544998,17.65839292177264,10.107752800037536,5.825232470325396,19.48010031546027,7.3335391934215,15.258251185801464,6.990547448032121,27.981966982156134,145.5618536799846,125.93066980222866,2.377049077920054,9.792040541736664,21.56381664747215,17.457571378028856,29.548749942906312,3.179417502023588,12.409600654565686,3.315188711140918,28.43685936878814,80.94451362331041,45.61748250555841,25.944617715545494,35.40047080666207,22.384486087272684,36.298580640594466,10.665051961117367,10.484978903588487,6.680601378813789,21.044294211034487,27.395651828902242,9.932606237371271,10.96691995654812,38.02835579085485,48.36532516547959,37.89917702335526,80.8663918654303,21.316660151158764,15.98415882470308,79.48530861558183,56.03206574189772,31.987348689606584,12.519984025548915,73.15433782666031,47.10661666192271,26.316093869280763,7.185810292877025,13.59597916115825,18.821385847418124,24.643322286845446,10.648195056957517,10.634916514734018,84.96826986621518,21.293265650325598,63.16608829225479,53.594527083773514,24.608448906336164,49.81572101863086,18.513444278351315,19.884427982481068,6.4700776472856,28.674860401536726,12.15826193719042,9.310746479203477,16.799363521235406,8.078366171448284,28.7883787488657,16.22982176810657,18.401323203839823,7.210976938376456,7.3039454439103695,20.79544644592598,14.15529209773837,5.534655460567864,19.011819359606772,9.620987776579984,2.5392162270312952,44.35720803614565,14.533445999885195,14.283886437685855,20.258566677075745,37.911253710405525,803.621610792874,73.29090439247332,29.79607900564556,8.005186066080487,6.5006967296601745,23.923754188938524,21.105968463017867,26.831393631537782,7.367002597578426,8.007407637625226,9.003606780892593,4.652107615173782,24.61368183213014,30.085196486296173,60.617726548674064,28.68746395614806,62.24536432632521,41.97232289650006,10.763515265449538,22.65222259306572,10.422853235329441,21.008091796939024,9.750418051238267,19.13264150645417,13.72715493497089,5.481027884135117,21.919183216656943,15.45728101031627,4.64364143718068,19.703187044489656,17.46883433890691,3.5747653585125057,46.27844786552489,27.445831818520755,46.40397150491078,6.74577162247646,12.515590277729615,18.99351529307847,12.104254913582539,2.786522184076944,9.960395884000189,10.850038402389798,15.699145132609509,39.914790193491896,19.95828983989694,20.43297667858779,24.048260656016478,15.662907350382516,6.990158713547191,42.463262041303494,29.43585733369587,33.65395585349135,12.651848247163894,22.80007309929802,33.68739496770484,18.387091801792263,28.104876053293925,21.8312035690972,24.713115854503155,22.43215506873265,14.127434855075977,34.32321684798412,5.9264819586156765,4.69148164229596,18.12811549578641,6.571402691460426,15.732572389539314,10.480139948174996,4.356177749470313,12.49630380135071,18.37038416834971,5.576139644353729,18.6776138965759,9.79758917403605,9.962379829022156,14.578643356131021,7.033004897960533,4.7784237289438165,9.507390608914532,8.923699404798084,55.491218785667705,35.26651772896316,6.360031446463138,5.41206764466929,3.065306493012386,2.354039501853056,5.061055790473536,12.02099534166489,10.743296563561465,4.404543109109048,6.005552985917839,5.471181182287036,3.180296482135858,7.720744142237204,18.222589567972236,3.7857648910460195,395.92714866662277,123.92266405571931,24.64606604366245,17.332218470278097,89.7814383192131,14.65150731722394,42.144772133466546,13.892159474381947,51.25043089249754,89.4065856042334,11.577070934764604,21.044171232366054,42.13446520242944,74.57900891959191,33.87537638965987,42.30439580896889,8.564322451170264,18.138647312183718,73.19191992875405,34.35015138879159,24.00974461041412,51.55453549272004,15.041608956491324,123.89379616136041,19.818621994926332,44.24486291917788,19.736116277380553,13.941052369762858,30.644293551536272,47.17273223660747,6.441679757271243,13.102889539552498,13.294012533120661,7.593857166596345,5.879747322073336,1.5055453054181622,1.169045194450012,3.5449494589721118,2.280350850198276,41.176738694605355,4.574724535440731,12.191165076761685,24.134005395918358,34.28414498573061,6.611464470946879,379.6822355602116,17.220883355084077,23.22643580624108,18.4918282605669,20.427157773502348,1.8318655041504666,2.4767338424456895,5.808383496342137,28.75492740040168,28.550379734892076,536.7246497723042,15.861430178904467,7.565833071470681,6.895342749565602,9.867132010754041,9.974729976056398,13.521433602494474,13.05543735171076,13.992422191596377,17.961201047897767,40.450768915835866,23.273339933244465,7.522615475334599,41.40928122327857,2.9350103431309607,1.632993161855452,3.9761191895520187
偏度,-1.4545643517802114,-0.47587360865353756,0.44532534562231635,0.26091715094088863,0.38398009338770966,0.4321915521438428,0.924728742355176,0.17976960700792882,0.19505167820792257,0.48249714494341406,0.5420393702603898,-0.4035789272473677,0.24417603100646004,-0.2958559277544178,-0.28038433168210036,-0.25517642298287235,1.197768290310797,-0.22580300923703095,1.4698799112661032,0.16596258550543605,0.06053869582611996,-0.36337034019757675,-0.9587602240252903,0.44674537809720577,0.19863559222577545,-1.8463657188414098,-0.7326710432197875,0.3900849244279166,0.19082643680761163,2.5132686360168788,0.14308715285485582,-0.5271389926367772,0.2487185207014558,0.8979385864796712,0.3692616762522907,0.9070590795276825,1.1660617905910526,0.16134042017505232,0.5901028595079775,-0.416784326238827,0.588483314506809,1.3893878408602987,0.5582592163262807,-0.47103661853962164,0.950432792621471,1.1353905855560387,-0.2524427779980694,2.184600979913486,0.3594250085395275,-0.11342090692708497,2.029764872460676,1.3169151662095684,0.46545589596184944,0.32013907580399453,1.2265654493506544,-0.20420531603463,0.5176926231339058,1.0351311367925111,1.052148608589479,-0.2487548865360819,-0.684067537508521,0.08682991146692036,1.4167221332052915,1.2205555258929355,0.35529110838997485,0.3733533550113081,-0.6587050792794799,1.1859652108327052,0.3167129132956081,0.23028440883897477,1.6308261257183905,0.664946154281689,1.0108669752911876,0.8254685238217083,0.10240241480273606,0.7512654291089498,0.7209877833877081,0.5245458662919324,-0.3972778499807793,0.30805910628962996,1.37958865160754,-0.33246607267605355,-0.27378172174051385,-0.23351757914965574,0.31536037719632726,0.7363510297215716,0.04131750978254563,0.13953292119989322,0.876255396111322,0.7630300865151277,0.47078191821388166,0.5941459244121895,0.45704054966701374,1.3223298338370029,1.1116553962613152,-0.09712462986957135,1.2716778647780214,0.41347068429573663,0.33652102962062314,1.5246634466683477,0.3322617855327164,0.7490136316212942,-0.2424524893806423,1.1918377261610558,0.5679906560258159,0.33924923105956767,-0.818331161897591,0.9145168005962879,0.5679211056060077,0.8990612762261914,0.2668153099845794,0.9942660156641352,0.9170124833483667,-0.21048593004247695,-0.7015428161741841,0.31014337551984034,1.5913123253111738,2.118784681140086,0.6435354914867094,1.7330738606075353,-1.3782131141443499,-0.5328802807641744,0.43670972221012994,0.7060988971321934,1.4967727729017284,0.24853767438745292,0.4512962032326255,1.410997892485968,1.0876005702292186,-0.2754173304554517,0.34609790310641647,1.4077194837944906,-0.21054276971021418,0.46874543977143757,-0.6905036377781588,-0.40041047154495746,-0.05649300429327885,1.7090257066714607,0.765005572233761,2.002204690853333,1.8833564563499652,0.24227892938744225,0.8911886846103714,0.6906552187816248,1.007279947349552,0.11327682190138184,1.203732352093312,0.37825348933932057,1.0146671941659673,0.695765525042258,1.0454690525205237,-0.1713459277007713,0.5967605796809983,0.054488387511855474,0.6964245605558278,0.5957497519383744,-0.6212202598474488,0.2865981916093394,0.15669749146691467,2.2640740135370105,0.5492957776387185,1.578887283226555,0.9533239327347873,2.1749250037797276,2.437054363096547,0.7000176038570208,-0.12251850720209642,0.28170773292672957,-0.6508260556239316,0.479173386939887,1.1821667845194908,0.7531962271858229,-0.3041008732196894,0.6519307247869622,1.8435530530780924,0.07903054703296461,1.5151495680181253,0.5836553727783222,0.9227762656751839,-0.22049012908367457,0.67591850403892,0.4513364589936051,0.7638985453915209,-1.167071421897587,0.28633965019947144,-0.8869266159377837,0.15155448458576373,-0.8938859014877727,0.10244888311944177,0.5769274510577268,-0.10417648365062437,0.23503457261727906,-0.21180304405452915,0.40727272696756917,0.48906725704645204,-1.023597406249479,1.3876497610389553,1.4520532416726943,0.11414768308919686,0.2934032171863821,-0.09255898687135049,0.09316263169832774,0.6820023519511599,1.0833737882749017,0.40543604986458953,0.7396700140940223,-0.06320082841961606,-0.09443460541627502,1.5211863651481843,0.0746658481389266,-0.7123392241008187,-0.7898347243929366,0.8735300271474997,0.6242326779019003,-0.0315184415337639,-0.35589154670680867,1.5660413502125212,1.6794390695056933,1.3448658472052206,1.879502665859584,-0.040100199216092425,0.6333985937856399,0.4993261552952414,-0.6814994782237328,-0.4708336715556444,0.8465476031557285,0.0820884693825341,0.8613545211961159,1.008636362480073,0.4195031542588598,0.7715678160898727,0.5571863736575438,0.13669185292762243,-0.15772777136516639,0.6976074787222677,1.147975002595645,0.8671629700704275,-0.11370045046234344,0.8867789671249532,0.9703974252716606,0.7091890765242872,0.6060512009717123,0.872404732682419,0.0047341740093222,1.113554676010551,0.2209099359817779,1.2351927073135365,1.0304366655044672,0.30616466421951394,0.19606658977922134,1.4004449897600417,0.4866559539956486,0.3889655256171286,-0.38925354932262446,1.1929309356831341,1.8365836058258118,-0.5146696314718837,1.8440549744240182,-0.004239924902903854,0,1.4393152381880228,1.2698154608846663,-1.5856175153753793,-1.2959745997522794,-0.3035970066832023,0.11104145286918193,0.8193460162485307,1.6001593951558408,0.5051954294377375,-0.3570082712680718,-0.03276780816332625,0.6006905245140087,0.2539519438326492,1.4693006912008137,2.221055195357299,1.4034750986254236,-0.2370765997335367,0.8400212589878673,-0.5911184272662973,0.6336231555390148,-0.07998544790370454,0.8428193498525047,0.03896839232080476,0.12605346506548876,0.8984394242035976,0.5332279328810191,2.385865035143663,-0.23644252222924836,1.540615233353242,-0.9456286973395376,1.2974436382430476,1.0490516971650974,1.200246254954134,0.814966452004638,-0.5854100965653106,1.5777775408021266,2.4494897427831845,-2.458503062610814
峰度,5.570165943390368,-1.3864547783675496,-0.33974800896670887,-1.49139358367381,-1.551520947805471,-1.8185252815816086,-0.4242507234579551,-1.6323236454296615,-1.8417000719720773,-1.6294725814040463,-1.8705512604155181,-1.4136400329389498,0.7661755548627331,-0.7305812788136534,-1.0967276009597078,-0.22435369252653814,0.4191099037805359,-0.8282956418661169,0.5576682696182442,-0.7457189276438161,-1.619365688697597,-1.4041202406112006,0.9889800031836629,-0.6217460111572266,-1.111571954009916,7.446827898060768,5.477298972141069,-1.5568359841606607,-1.9640262710999714,5.851636702357908,-0.6539725581318652,-0.3332626788398283,-1.685109869668769,-0.640085528618326,-1.456234627024985,1.1885908619908876,0.5459481573566709,-1.6883989497111682,-0.7420991648227369,-0.7525858616794423,1.1604482274981582,0.3359378869223857,-0.8016290292154258,-0.8026082520007587,0.7222913393185508,0.6582523146639003,-0.32611246529026916,4.646526180586244,-0.5139289650857948,-1.050059357362418,3.5197269540838776,2.9371732758237186,-0.6050639289499578,-1.0570810402125956,2.34887916342894,-1.4524042921135254,-0.27889669503212566,-0.9298416192281569,-0.6639957849912057,-0.676385860128605,0.26181458730346296,-0.6726788474971728,0.21837836060034643,1.0140079816617296,-1.1255951817866485,-1.5766090663024486,0.2465669146148044,0.1796321219660162,-1.6355084013201697,-1.365973086205551,2.924018443137014,-0.23782110300871562,-0.15731331070160115,-0.4529581324773937,-0.5180179821631556,0.12015475345238524,-0.5431589599261253,-0.5590236874336676,-1.4973903016947285,-1.1775560373248326,1.805363819244513,-1.5254658861043267,-1.6930233900198826,-0.44987796481498865,-1.3476930105825904,-0.8840408717200283,-1.389686148894278,-0.6028357700079603,0.14237805419041827,0.35869657719640324,-1.0614175191988866,-0.9260049609213103,-1.3941143268097118,1.0389583077530977,1.9384965108954675,-0.013753572964572136,0.7775348403041069,-1.7701691306974403,-1.4426614325624325,1.0820065319260537,-1.581405039937791,-1.135054329252494,-1.9307590497742513,0.7746945949010131,-1.4527266604228912,-1.2197318443329084,-0.19266548963867658,0.19256882357958327,-0.7073354435090922,-0.9806506704081577,0.885422725544128,1.3924589699127035,-0.8585896815335938,-0.9011963204201714,-0.6733126696357847,0.35449754423773694,2.3659458850460307,5.55315434187248,-0.5386899077813592,2.4100223443474427,1.6910807591838894,-0.13087718959417183,-1.2960210087479913,-0.8530720747353224,2.001911750132162,-1.3674687142456832,-0.8184214679566022,0.9505000678588242,1.7401626751401684,-0.9723074275676375,-1.644640617533453,0.870665281199746,-1.0227163228111484,-0.9185581341819113,0.18434361214535366,0.19644122535401332,-0.4727907434853065,3.3745280551837267,-0.2933232806771362,4.836900342409223,3.8769645982284633,-1.0993253226437072,0.25151102220054833,-1.3307813364470888,-0.6261831840655212,-1.7441507016685869,0.35711724863933814,-0.6691917828642246,-0.5891914382546521,-0.09396152195465568,0.8552748685698437,-0.49802239821954686,0.4664548173737928,-0.6042149161911277,-1.0273624938251809,0.17651779684434032,-0.9991524729171863,-0.7392618313213744,-0.6522270606093765,6.275638872725571,-1.1913417933233554,3.125959673350441,0.3568834496598665,5.002288137394828,5.330799144257984,-0.40624314202962664,-1.45688391634747,-1.4521201809757036,-1.084036753174236,-1.8069329660238742,2.592453682231805,-1.0812793564982082,-1.2996172491696316,-1.490697623266314,2.5149734973627407,-1.7489703274524717,2.6087560131264316,-0.950267881557155,1.565283146527681,-0.373701964613963,-0.6307625587051668,-1.5440718510489666,-0.8287644390154938,2.3518223687697226,-0.9260899910608877,-0.5979806802924887,-0.6640863657666887,-0.9321608198751279,-0.747546415453705,1.5343669691159878,-1.2020932216714875,-1.3167587621532493,-0.8653250768354641,1.433549072685107,-0.9127034515243873,1.153666446103931,0.7525510013599712,0.5845780094676924,0.0473565867179806,-1.3361128845430263,-1.5480154571555733,0.09310803341260643,-0.8887835481079494,0.5955767957443281,-1.207398052834471,-0.6427303003010953,-0.8243809604106134,0.3802630877903388,2.5777943353667356,-1.5640258380941772,-1.1321508778117066,-1.3026447919192923,0.14426446117337122,0.044724613249720324,-0.604504170955519,-1.1084669575938433,1.9241806849644392,2.9822826989835383,1.6282366561567096,3.497714953767667,-0.2163338692529173,-0.2855461882773551,-1.144417681332357,1.1050006934725367,1.1647558971355627,0.682247670378743,-1.4738320460940315,-0.6472615130953798,0.8248933663107967,-1.7365931483790853,-0.9478649276072915,-0.7646341341374727,-1.5635923572440706,-1.4318371476786016,-0.8357110035005295,-0.37113052028198545,0.7209207034422707,-0.7416387786844849,-0.9205730093430793,-0.14456206489833034,-0.7813387905893001,-0.8897534050851936,-0.12888905343445378,1.244195550785216,0.16151653303133395,-1.5637995910668363,1.1434325056317234,-0.6344127412374894,-1.725029864308641,-2.194829553195668,0.49518323105005635,-1.2669918309212291,-0.5655470417871391,-1.4867876966213083,0.10225334131813568,2.255058831649494,0.4484690240511,2.893714045724181,-1.5114778403971245,-5.3223963379999315,1.4621064134963468,1.531141868512031,2.552052349791767,0.8812416888882773,-2.4704142011834334,-1.5461198154114115,-0.5199592423692159,3.8018742134829315,-0.6755040791586615,-0.9931661871973447,-1.267837007047949,-1.8002781316063303,-1.8434355524119004,2.018579351945281,6.020929075621004,1.3946776954874762,3.4651063786775316,-0.6545859963983962,-1.494061882414515,-0.7377206257825994,-1.88679983436659,-1.3444615947275285,-1.102071564605858,-0.7341143419925311,0.03328272974647728,-1.3583731144317648,6.92395338885571,-0.43028717657323146,0.6442293729296846,2.720708214618151,3.1377635980477505,-0.42909926145439137,0.3885283637624992,-0.7819257270045856,0.4077826806453233,1.9166235680287502,6.000000000000034,6.215103788648566
变异系数,0.08838362446451167,0.21130148888790193,0.10353679132224583,0.1832659790054627,0.22436555261985616,0.21132344598618158,0.20321739264254476,0.16943575469605232,0.19948400266606245,0.1316530655127065,0.24180010000156016,0.15880217455693504,0.15478272754013822,0.18034560425086427,0.07473536113567537,0.08033350687587586,0.18544704586807895,0.1103266004504866,0.26128652046292644,0.08843464985368941,0.05627943909801899,0.11406374522522539,0.21800874710013773,0.05613296685120283,0.4349900083437886,0.18247512152555617,0.1938035107980269,0.8426942835770546,0.4308421178734362,0.3158331064289327,0.11274413354111151,0.058791745270577775,0.0879881470535481,0.11620326826546477,0.09806672637007617,0.07573752858154117,0.07383464451721362,0.2695861397920902,0.2074475102760462,0.04557869792403634,0.17284463716695775,0.18730538624276075,0.05647389141472928,0.15240749641800566,0.15409110147728605,0.15745532166138346,0.0997887440228719,0.08820787294139969,0.03194047919355936,0.07385873651490822,0.0673476033317326,0.08870912391358471,0.12964187131238025,0.07031759514267519,0.11900297635586089,0.053176906102304564,0.060710952229081384,0.4224193089248993,0.6158633649694364,0.0343462840879478,0.10112262177352838,0.14944602932120465,0.2801982845043013,0.1630650721153717,0.07267240004625344,0.09865200917839564,0.024333786415225194,0.1190351020063835,0.1498179786787871,0.18892486283578974,0.15359418479849332,0.13454116299278682,0.1877105751553265,0.15495658757991235,0.03321618276167113,0.06667713134237511,0.03616022397192849,0.08034728938352333,0.15565711266421728,0.09677130005233117,0.06222718994863889,0.20208305009633012,0.13482118223945308,0.14541982778923085,0.17502032695314323,0.14969564712892391,0.11759975592041702,0.31014334465388677,0.18009502849947037,0.17695846219223874,0.1557211943476233,0.26951598146664324,0.16567391557534364,0.1077725363224454,0.054593050658135044,0.10476761525235778,0.1600117819121626,0.35860480626957864,0.09761523352443867,0.2604469350547106,0.29069686055440686,0.14357816181691255,0.27618621224523865,0.20610108861626483,0.16228593403459102,0.22974198778769037,0.0936824891193681,0.14111963083207246,0.06942852866274789,0.19691696155404553,0.052100882487103276,0.17488254093169567,0.2177878594385262,0.04766560167245861,0.12849460726254824,0.09549396282078566,0.10698443723162686,0.04548316597136268,0.051093555736881326,0.112275884567206,0.20788813494675842,0.06899570492848828,0.06793979521003016,0.17091318033894864,0.04033550738854554,0.10566031859789686,0.05186811563128193,0.06287844359949753,0.09358746540071948,0.11471792013022855,0.7963588183693456,0.2616037421204787,0.14859276173674066,0.06451271181494436,0.06324147608911397,0.08802239775172843,0.07725733619023448,0.10006113604899416,0.04547532467641004,0.084172932205384,0.11078263376937196,0.10525130351071904,0.08448632207824991,0.16575865832670067,0.27086942719304025,0.20515468860177397,0.21062545364206214,0.15357356452744217,0.06608451429285979,0.08659658206970011,0.057944979765556306,0.1316224765267223,0.18353728096448502,0.07895175312154402,0.09182043434763137,0.04193327039185299,0.14253356346709348,0.18774025518602758,0.03768934544887938,0.06356721186553996,0.07051639549650496,0.013520292581363487,0.16545744678414334,0.11308542158434592,0.18722063431376107,0.08419059747240512,0.07369047502195958,0.11194606263111083,0.057827059304846,0.07024845842210783,0.09874530402241569,0.0678806206355718,0.095493583531688,0.17074976452705845,0.20313781007528692,0.25773901907118446,0.08912264603835633,0.08161164730295184,0.06127239193759408,0.1263004447876173,0.09918653106774532,0.1380803858218593,0.04447757453461261,0.20084630989515526,0.19681048666624057,0.056611956798334105,0.09532462200099692,0.05584618265384064,0.16530512277259635,0.08603294423559296,0.07856510788970462,0.5003000537872637,0.12498731722915311,0.06134259469529236,0.17797588845793108,0.053155936836889184,0.08981116032747685,0.06903913009337942,0.029555188270742536,0.09658978783652722,0.10116778798540454,0.07387572395805152,0.13497823954165059,0.12547606199405828,0.06023520927116446,0.24419838117472395,0.17987224802968116,0.0679396738712391,0.089491350420083,0.10779678902854829,0.3097184304316337,0.24321736364802182,0.03185590506618151,0.05813474196319954,0.06579194424026584,0.05772165089831588,0.06348994719232035,0.11248910996028397,0.06888936558872373,0.020874611891512077,0.07128252802276366,0.02940565289246905,0.033266699603931575,0.06659914848510219,0.27032836850666836,0.13133121039827822,0.2057325497429807,0.18221777446141527,0.1501500977420689,0.20430905858873985,0.3277173248620715,0.06690185989599973,0.10380485747159246,0.043835871575083646,0.28277659949513095,0.4043955691046939,0.038480292755627844,0.036891860412362226,0.20203531624276885,0.24046663401066024,0.14309874818980745,0.10414915732571474,0.04438567904110946,0.06042187645630819,0.3019112784332813,0.15912893884047483,0.1596727852985188,0.16051511192185694,0.1104985047308821,0.30708241500111866,0.0988733913272378,0.12793078768014424,0.10135936459403073,0.1127308816961956,0.2149791001702162,0.21954420836149924,0.07946151016370777,0.09386024025467404,0.10764382617911467,0.10474285747029441,0.02672612419124244,0.009948537260472437,0.019758510328732597,0.04020736626433397,0.015835769793043585,0.09575985742931477,0.06343993962860797,0.04608757343285975,0.07600173471374232,0.10534234492822256,0.030267452792949484,0.6206493429672442,0.0551847345968764,0.09756729160147946,0.09983590542597605,0.11334731695791414,0.25848408954270385,0.1093480725141585,0.05739036801655467,0.14755986840902244,0.18044481574018867,1.1065220130456392,0.1064922578218129,0.07085587683999597,0.04524833011016436,0.058774086959642154,0.04089121334814047,0.1310375152270815,0.10137958254132601,0.14302305476929858,0.3002235640273609,0.3384168659297292,0.2143597099114622,0.12667616733076398,0.260201946645377,0.3542253862399435,0.03739678996615539,0.06642681223595258
最小,43249,371,401,338,284,138,353,257,401,275,244,236,131,151,217,214,78,214,150,118,227,328,335,313,275,50,44,21,304,186,132,204,130,196,298,216,138,97,61,112,106,110,100,70,51,100,162,148,285,213,141,57,128,94,105,121,414,228,114,65,72,102,48,146,39,109,128,210,432,167,141,211,91,191,303,140,174,228,136,88,159,132,286,185,327,116,111,147,233,136,60,156,231,215,121,107,90,36,93,31,196,128,127,203,127,139,162,118,84,118,207,35,62,155,166,142,148,150,133,165,36,68,257,44,60,360,258,212,188,265,243,213,154,113,87,223,232,241,152,86,72,37,259,151,145,104,234,219,153,232,167,125,40,211,132,121,108,52,117,292,228,260,224,220,219,71,150,145,190,37,85,149,137,195,82,45,235,174,104,256,257,205,270,60,121,292,249,351,109,222,157,24,37,68,81,108,161,144,139,113,151,65,117,66,151,43,29,59,93,71,94,91,192,85,41,37,76,94,145,207,72,179,92,98,29,24,1396,558,127,66,184,198,346,292,117,149,286,530,169,206,198,355,179,258,160,175,121,272,119,271,186,293,167,99,115,180,67,128,106,65,216,150,57,82,141,368,67,249,281,268,207,280,292,216,167,159,2,20,92,161,117,110,125,94,143,156,234,82,120,64,22,78,86,52,72,5,43,51
最大,70986,732,584,583,529,226,626,422,663,372,408,370,243,298,273,289,134,315,310,165,267,462,872,378,994,188,171,352,854,507,189,253,165,276,392,288,177,202,119,132,211,182,120,126,95,172,236,203,320,269,178,83,189,116,169,142,518,579,468,73,112,180,99,253,50,144,141,303,671,309,248,339,162,315,345,180,198,302,215,118,205,235,419,334,593,178,158,431,440,260,102,396,357,311,153,161,158,106,124,64,416,192,292,400,196,286,221,186,107,199,263,76,110,183,258,210,226,183,158,244,91,88,310,74,70,489,305,261,268,386,2400,460,246,138,114,312,315,350,179,121,108,53,346,232,330,178,427,358,185,311,207,195,78,276,175,143,181,114,132,380,281,275,384,330,386,93,187,199,227,44,131,182,184,298,150,106,336,220,134,403,354,295,307,161,234,345,355,414,188,320,203,134,57,89,137,134,215,175,157,151,211,89,175,100,183,89,53,79,132,97,256,180,215,105,52,44,94,143,183,222,95,198,101,129,109,39,2590,909,220,109,419,248,465,334,264,420,330,605,279,463,302,480,209,340,385,268,206,421,160,569,239,419,238,140,199,335,92,173,142,80,232,154,60,91,146,495,81,303,365,378,230,1175,336,297,245,236,12,28,107,255,192,1382,176,120,167,185,275,127,153,121,112,196,156,74,238,16,47,62
中位数,60884,629,482.5,425,351,154,398,316,495,287.5,251,320,179,226,247,254,92,261,179,139,246.5,423,644,341,645,144,119,121.5,347,241,156,233,142,224.5,330,238,149,145,83.5,125,138,121,107,115,68,118.5,201.5,156,301.5,240.5,146.5,66,154,104,127,133,457,262,124,69.5,97.5,144.5,55,173.5,43,120,136,225,505,233,160,266,112,215,321,156,183,258,187,101,173,196.5,382,265,430,136,131,257,295,170,76,240,288,231.5,131,133.5,112,54,105,37.5,287.5,134,267.5,250,136,202.5,201,140,92,131,233,51,67,169,233,172,165.5,157,141,177,70,81,276.5,53,62,421,278,221,211,338,351,251,197,123,104.5,271,270,257,159,93,80,43,290,165.5,196,136.5,281,270,158,260.5,178,160,52,242,141.5,130,162,75,123,306,241,264,266,233.5,232,79.5,173,165,214,38,100,154,165,216,92.5,67,264,190,115,337,289.5,233.5,279.5,118,166.5,331,297.5,401,144.5,256,181.5,71.5,48,77,98,125,168,147,147,125.5,183.5,76,134.5,76,161,55,42,70,105,85,201,160,198,93,47,41,77,103.5,155,209,84,186,95,118.5,72,30,2067,653,164,74,238,215.5,399,317,175,186,300,573,187.5,290,227,398,191,302,229,220.5,143,297,131.5,335,189,333,194,128,126,194,82,137,122.5,72.5,216.5,151,59.5,89.5,144.5,414.5,70,263,314.5,335,220,355.5,306,234,180,171,8,21,104.5,188,164,127.5,145.5,106.5,151.5,164,243,105,122,99,55,97,96,57,167,8,43,61
观测次数,20,40,24,25,23,20,25,23,22,22,21,23,22,23,21,23,17,24,21,21,16,19,16,17,14,24,24,24,25,21,17,19,17,16,23,24,23,23,22,23,24,24,21,21,21,18,24,21,24,24,24,21,23,24,23,24,21,22,23,24,24,24,23,24,24,24,21,19,21,24,24,25,24,24,25,24,24,24,24,25,25,22,19,21,25,15,25,21,24,21,25,21,21,22,24,22,24,25,24,24,24,23,24,25,22,12,21,21,21,21,25,25,22,25,23,23,24,24,21,23,22,23,24,24,21,21,20,18,15,19,25,25,23,23,24,24,21,20,23,23,22,20,21,22,19,18,19,23,24,24,24,23,24,24,24,24,23,24,24,24,22,20,20,20,21,24,25,24,22,18,23,25,20,21,16,18,24,25,24,24,22,22,22,25,24,24,24,24,22,23,22,38,24,25,21,16,23,25,23,24,24,25,24,24,23,20,20,21,21,23,24,23,20,21,22,23,21,22,20,11,16,17,15,14,22,23,40,25,21,24,25,22,23,23,25,23,21,21,20,21,22,21,21,20,21,22,19,22,16,11,9,20,21,18,11,15,15,15,14,4,8,6,6,6,6,22,18,23,22,22,23,16,17,18,18,23,23,20,24,23,18,18,18,18,18,17,15,16,9,12,23,17,14,13,21,21,6,7
1970,,,,,,,,,,,,,,,,,,,,,,,,,,,,,,,,,,,,,,,,,,,,,,,,,,,,,,,,,,,,,,,,,,,,,,,,,,,,,,,,,,,,,,,,,,,,,,,,,,,,,,,,,,,,,,,,,,,,,,,,,,,,,,,,,,,,,,,,,,,,,,,,,,,,,,,,,,,,,,,,,,,,,,,,,,,,,,,,,,,,,,,,,,,,,,,,,,,,,,,,,,,,,,,,,,,,,,,,,,,,,,,,,,,2183,,,,,,,,,,,,,,,,,,,,,,,,,,,,,,,,,,,,,,,,,,,,,,,,,,,,,,,,,,,,,,,,,,,,,,,
1975,,,,,,,,,,,,,,,,,,,,,,,,,,,,,,,,,,,,,,,,,,,,,,,,,,,,,,,,,,,,,,,,,,,,,,,,,,,,,,,,,,,,,,,,,,,,,,,,,,,,,,,,,,,,,,,,,,,,,,,,,,,,,,,,,,,,,,,,,,,,,,,,,,,,,,,,,,,,,,,,,,,,,,,,,,,,,,,,,,,,,,,,,,,,,,,,,,,,,,,,,,,,,,,,,,,,,,,,,,,,,,,,,,,2286,,,,,,,,,,,,,,,,,,,,,,,,,,,,,,,,,,,,,,,,,,,,,,,,,,,,,,,,,,,,,,,,,,,,,,,
1978,,389,,,,,,,,,,,,,,,,,,,,,,,,,,,,,,,,,,,,,,,,,,,,,,,,,,,,,,,,,,,,,,,,,,,,,,,,,,,,,,,,,,,,,,,,,,,,,,,,,,,,,,,,,,,,,,,,,,,,,,,,,,,,,,,,,,,,,,,,,,,,,,,,,,,,,,,,,,,,,,,,,,,,,,,,,,,,,,,,,,,,,,,,,,,,,,,,,,,,,,,,,,,,,,,,,,,,,,,,,,,,,,,,,2294,,,,,,,,,,,,,,,,,,,,,,,,,,,,,,,,,,,,,,,,,,,,,,,,,,,,,,,,,,,,,,,,,,,,,,,
1979,,387,,,,,,,,,,,,,,,,,,,,,,,,,,,,,,,,,,,,,,,,,,,,,,,,,,,,,,,,,,,,,,,,,,,,,,,,,,,,,,,,,,,,,,,,,,,,,,,,,,,,,,,,,,,,,,,,,,,,,,,,,,,,,,,,,,,,,,,,,,,,,,,,,,,,,,,,,,,,,,,,,,,,,,,,,,,,,,,,,,,,,,,,,,,,,,25,,,,,,,,,,,,,,,,,,,,,,,,,,,,,,,,,,,,,,,,,,,,,,,,,,,,,,,,,,,,,,,,,,,,,,,,,,,,,,,,,,,,,,,,,,,,,,,,,,,,,,,,,,
1980,,393,,,,,,,,,,,,,,,,,,,,,,,,,,,,,,,,,,,,,,,,,,,,,,,,,,,,,,,,,,,,,,,,,,,,,,,,,,,,,,,,,,,,,,,,,,,,,,,,,,,,,,,,,,,,,,,,,,,,,,,,,,,,,,,,,,,,,,,,,,,,,,,,,,,,,,,,,,,,,,,,,,,,,,,,,,,,,,,,,,,,,,,,,,,,,,24,,,,,,,,,,,,,,,,,,,,,,,,,,,,,,,,,,,2316,,,,,,,,,,,,,,,,,,,,,,,,,,,,,,,,,,,,,,,,,,,,,,,,,,,,,,,,,,,,,,,,,,,,,,,
1981,,403,,,,,,,,,,,,,,,,,,,,,,,,,,,,,,,,,,,,,,,,,,,,,,,,,,,,,,,,,,,,,,,,,,,,,,,,,,,,,,,,,,,,,,,,,,,,,,,,,,,,,,,,,,,,,,,,,,,,,,,,,,,,,,,,,,,,,,,,,,,,,,,,,,,,,,,,,,,,,,,,,,,,,,,,,,,,,,,,,,,,,,,,,,,,,,24,,,,,,,,,,,,,,,,,,,,,,,,,,,,,,,,,,,,,,,,,,,,,,,,,,,,,,,,,,,,,,,,,,,,,,,,,,,,,,,,,,,,,,,,,,,,,,,,,,,,,,,,,,
1982,,413,,,,,,,,,,,,,,,,,,,,,,,,,,,,,,,,,,,,,,,,,,,,,,,,,,,,,,,,,,,,,,,,,,,,,,,,,,,,,,,,,,,,,,,,,,,,,,,,,,,,,,,,,,,,,,,,,,,,,,,,,,,,,,,,,,,,,,,,,,,,,,,,,,,,,,,,,,,,,,,,,,,,,,,,,,,,,,,,,,,,,,,,,,,,,,26,,,,,,,,,,,,,,,,,,,,,,,,,,,,,,,,,,,,,,,,,,,,,,,,,,,,,,,,,,,,,,,,,,,,,,,,,,,,,,,,,,,,,,,,,,,,,,,,,,,,,,,,,,
1983,,412,,,,,,,,,,,,,,,,,,,,,,,,,,,,,,,,,,,,,,,,,,,,,,,,,,,,,,,,,,,,,,,,,,,,,,,,,,,,,,,,,,,,,,,,,,,,,,,,,,,,,,,,,,,,,,,,,,,,,,,,,,,,,,,,,,,,,,,,,,,,,,,,,,,,,,,,,,,,,,,,,,,,,,,,,,,,,,,,,,,,,,,,,,,,,,30,,,,,,,,,,,,,,,,,,,,,,,,,,,,,,,,,,,,,,,,,,,,,,,,,,,,,,,,,,,,,,,,,,,,,,,,,,,,,,,,,,,,,,,,,,,,,,,,,,,,,,,,,,
1984,,423,,,,,,,,,,,,,,,,,,,,,,,,,,,,,,,,,,,,,,,,,,,,,,,,,,,,,,,,,,,,,,,,,,,,,,,,,,,,,,,,,,,,,,,,,,,,,,,,,,,,,,,,,,,,,,,,,,,,,,,,,,,,,,,,,,,,,,,,,,,,,,,,,,,,,,,,,,,,,,,,,,,,,,,,,,,,,,,,,,,,,,,,,,,,,,29,,,,,,,,,,,,,,,,,,,,,,,,,,,,,,,,,,,,,,,,,,,,,,,,,,,,,,,,,,,,,,,,,,,,,,,,,,,,,,,,,,,,,,,,,,,,,,,,,,,,,,,,,,
1985,,376,,,,,,,,,,,,,,,,,,,,,,,,,,,,,,,,,,,,,,,,,,,,,,,,,,,,,,,,,,,,,,,,,,,,,,,,,,,,,,,,,,,,,,,,,,,,,,,,,,,,,,,,,,,,,,,,,,,,,,,,,,,,,,,,,,,,,,,,,,,,,,,,,,,,,,,,,,,,,,,,,,,,,,,,,,,,,,,,,,,,,,,,,,,,,,31,,,,,,,,,,,,,,,,,,,,,,,,,,,,,,,,,,,2170,,,,,,,,,,,,,,,,,,,,,,,,,,,,,,,,,,,,,,,,,,,,,,,,,,,,,,,,,,,,,,,,,,,,,,,
1986,,371,,,,,,,,,,,,,,,,,,,,,,,,,,,,,,,,,,,,,,,,,,,,,,,,,,,,,,,,,,,,,,,,,,,,,,,,,,,,,,,,,,,,,,,,,,,,,,,,,,,,,,,,,,,,,,,,,,,,,,,,,,,,,,,,,,,,,,,,,,,,,,,,,,,,,,,,,,,,,,,,,,,,,,,,,,,,,,,,,,,,,,,,,,,,,,32,,,,,,,,,,,,,,,,,,,,,,,,,,,,,,,,,,,2140,,,,,,,,,,,,,,,,,,,,,,,,,,,,,,,,,,,,,,,,,,,,,,,,,,,,,,,,,,,,,,,,,,,,,,,
1987,,398,,,,,,,,,,,,,,,,,,,,,,,,,,,,,,,,,,,,,,,,,,,,,,,,,,,,,,,,,,,,,,,,,,,,,,,,,,,,,,,,,,,,,,,,,,,,,,,,,,,,,,,,,,,,,,,,,,,,,,,,,,,,,,,,,,,,,,,,,,,,,,,,,,,,,,,,,,,,,,,,,,,,,,,,,,,,,,,,,,,,,,,,,,,,,,34,,,,,,,,,,,,,,,,,,,,,,,,,,,,,,,,,,,2136,,,,,,,,,,,,,,,,,,,,,,,,,,,,,,,,,,,,,,,,,,,,,,,,,,,,,,,,,,,,,,,,,,,,,,,
1988,,445,,,,,,,,,,,,,,,,,,,,,,,,,,,,,,,,,,,,,,,,,,,,,,,,,,,,,,,,,,,,,,,,,,,,,,,,,,,,,,,,,,,,,,,,,,,,,,,,,,,,,,,,,,,,,,,,,,,,,,,,,,,,,,,,,,,,,,,,,,,,,,,,,,,,,,,,,,,,,,,,,,,,,,,,,,,,,,,,,,,,,,,,,,,,,,35,,,,,,,,,,,,,,,,,,,,,,,,,,,,,,,,,,,2151,,,,,,,,,,,,,,,,,,,,,,,,,,,,,,,,,,,,,,,,,,,,,,,,,,,,,,,,,,,,,,,,,,,,,,,
1989,,470,,,,,,,,,,,,,,,,,,,,,,,,,,,,,,,,,,,,,,,,,,,,,,,,,,,,,,,,,,,,,,,,,,,,,,,,,,,,,,,,,,,,,,,,,,,,,,,,,,,,,,,,,,,,,,,,,,,,,,,,,,,,,,,,,,,,,,,,,,,,,,,,,,,,,,,,,,,,,,,,,,,,,,,,,,,,,,,,,,,,,,,,,,,,,,35,,,,,,,,,,,,,,,,,,,,,,,,,,,,,,,,,,,2152,,,,,,,,,,,,,,,,,,,,,,,,,,,,,,,,,,,,,,,,,,,,,,,,,,,,,,,,,,,,,,,,,,,,,,,
1990,,512,,,,,,,,,,,,,,,,,,,,,,,,,,,,,,,,,,,,,,,,,,,,,,,,,,,,,,,,,,,,,,,,,,,,,,,,,,,,,,,,,,,,,,,,,,,,,,,,,,,,,,,,,,,,,,,,,,,,,,,,,,,,,,,,,,,,,,,,,,,,,,,,,,,,,,,,,,,,,,,,,,,,,,,,,,,,,,,,,,,,,,,,,,,,,,38,,,,,,,,,,,,,,,,,,,,,,,,,,,,,,,,,,,2154,,,,,,,,,,,,,,,,,,,,,,,,,,,,,,,,,,,,,,,,,,,,,,,,,,,,,,,,,,,,,,,,,,,,,,,
1991,,525,,,,,,,,,,,,,,,,,,,,,,,,,,,,,,,,,,,,,,,,,,,,,,,,,,,,,,,,,,,,,,,,,,,,,,,,,,,,,,,,,,,,,,,,,,,,,,,,,,,,,,,,,,,,,,,,,,,,,,,,,,,,,,,,,,,,,,,,,,,,,,,,,,,,,,,,,,,,,,,,,,,,,,,,,,,,,,,,,,,,,,,,,,,,,,41,,,,,,,,,,,,,,,,,,,,,,,,,,,,,,,,,,,2153,,,,,,,,,,,,,,,,,,,,,,,,,,,,,,,,,,,,,,,,,,,,,,,,,,,,,,,,,,,,,,,,,,,,,,,
1992,,535,,,,,,,,,,,,,,,,,,,,,,,,,,,,,,,,,,,,,,,,,,,,,,,,,,,,,,,,,,,,,,,,,,,,,,,,,,,,,,,,,,,,,,,,,,,,,,,,,,,,,,,,,,,,,,,,,,,,,,,,,,,,,,,,,,,,,,,,,,,,,,,,,,,,,,,,,,,,,,,,,,,,,,,,,,,,,,,,,,,,,,,,,,,,,,45,,,,,,,,,,,,,,,,,,,,,,,,,,,,,,,,,,,2160,,,,,,,,,,,,,,,,,,,,,,,,,,,,,,,,,,,,,,,,,,,,,,,,,,,,,,,,,,,,,,,,,,,,,,,
1993,,548,,,,,,,,,,,,,,,,,,,,,,,,,,,,,,,,,,,,,,,,,,,,,,,,,,,,,,,,,,,,,,,,,,,,,,,,,,,,,,,,,,,,,,,,,,,,,,,,,,,,,,,,,,,,,,,,,,,,,,,,,,,,,,,,,,,,,,,,,,,,,,,,,,,,,,,,,,,,,,,,,,,,,,,,,,,,,,,,,,,,,,,,,,,,,,45,,,,,,,,,,,,,,,,,,,,,,,,,,,,,,,,,,,2114,,,,,,,,,,,,,,,,,,,,,,,,,,,,,,,,,,,,,,,,,,,,,,,,,,,,,,,,,,,,,,,,,,,,,,,
1994,,629,,,,,,,,,,,,,,,,,,,,,,,,,,,,,,,,,,,,,,,,,,,,,,,,,,,,,,,,,,,,,,,,,,,,,,,,,,,,,,,,,,,,,,,,,,,,,,,,,,,,,,,,,,,,,,,,,,,,,,,,,,,,,,,,,,,,,,,,,,,,,,,,,,,,,,,,,,,,,,,,,,,,,,,,,,,,,,,,,,,,,,,,,,,,,,48,,,,,,,,,,,,,,,,,,,,,,,,,,,,,,,,,,,2590,,,,,,,,,,,,,,,,,,,,,,,,,,,,,,,,,,,,,,,,,,,,,,,,,,,,,,,,,,,,,,,,,,,,,,,
1995,,629,,,,,,,,,,,,,,,,,,,,,,,,,,,,,,,,,,,,,,,,,,,,,,,,,,,,,,,,,,,,,,,,,,,,,,,,,,,,,,,,,,,,,,,,,,,,,,,,,,,,,,,,,,,,,,,,,,,,,,,,,,,,,,,,,,,,,,,,,,,,,,,,,,,,,,,,,,,,,,,,,,,,,,,,,,,,,,,,,,,,,,,,,,,,,,63,,,,,,,,,,,,,,,,,,,,,,,,,,,,,,,,,,,2505,,,,,,,,,,,,,,,,,,,,,,,,,,,,,,,,,,,,,,,,,,,,,,,,,,,,,,,,,,,,,,,,,,,,,,,
1996,43249,645,476,581,497,221,553,413,663,372,401,370,176,273,222,,92,288,150,137,,,,,,50,44,24,321,,,,,,,258,,,,130,169,,,70,51,143,219,158,303,213,144,67,,115,,133,483,263,,70,104,123,,171,39,121,139,,477,309,159,231,162,212,329,147,195,252,195,117,176,132,416,297,580,178,158,325,,227,100,392,,229,128,,90,36,124,36,416,,292,400,,,,,,,233,35,63,178,,149,179,156,,175,37,87,305,58,62,,,,,,1674,228,,,97,264,289,253,158,86,,,294,232,,,,222,157,238,184,131,40,211,132,121,108,52,117,296,,,,,224,93,187,199,211,37,131,174,,236,,45,235,193,116,,283,216,278,60,192,292,318,,,222,193,65,,76,82,123,161,144,,113,195,66,,,160,43,42,59,103,92,94,91,,,45,44,,,,,,,,,29,25,2567,568,220,107,414,233,465,333,264,,,576,,,,,,,,,143,,,,,,,,,,,,,,,,,,,399,68,,281,306,,,,,,,2,,103,188,,,,,,,,82,,64,22,,,,72,5,,
1997,58391,673,483,581,494,221,549,413,656,369,402,370,177,274,222,,92,289,310,137,,,,,,143,119,134,698,,,,,,373,255,142,172,96,131,167,111,,120,66,,217,,304,214,145,67,162,116,132,133,,579,468,70,105,122,95,172,42,120,137,,474,309,160,232,161,212,328,147,195,253,197,117,176,133,,299,582,177,157,298,382,208,99,396,,232,129,109,120,48,124,37,410,178,289,370,,,,,,,234,48,64,178,166,150,179,155,,177,37,88,310,58,61,,,,,,1567,239,191,137,,264,289,256,158,87,79,49,292,225,,,,220,155,238,168,130,41,211,139,124,128,65,117,296,240,,,,224,93,186,198,227,,103,174,184,296,,,246,194,116,354,284,217,279,61,197,294,313,414,,224,194,72,37,77,82,127,,146,141,113,198,65,174,66,165,43,42,66,103,97,94,95,,92,45,38,77,105,150,,,,,,,25,2553,562,,108,419,,454,,264,,304,,,463,,,,,,177,141,298,,,,,191,,,,,,,,,,,,,,67,,283,349,225,,,,,179,,,107,188,,,,,,,,84,,,54,,,,92,8,,
1998,57709,676,482,583,494,221,626,414,654,372,402,368,177,269,219,224,92,289,310,133,,,,,,141,120,142,729,,,,,,369,251,145,172,94,127,168,111,,,67,,215,,298,213,146,66,160,116,134,133,,577,423,68,105,102,99,173,41,120,136,,473,303,160,233,161,212,329,147,195,247,196,117,176,134,419,296,593,174,155,292,362,260,100,387,,234,126,107,119,47,124,37,414,177,290,339,132,,,,,,235,50,66,177,169,,197,155,,176,36,88,310,57,62,,,,,,1574,237,191,137,93,299,289,,158,92,81,45,293,225,213,,,222,154,235,167,126,41,212,140,124,126,69,117,295,241,260,,,220,83,185,197,217,37,103,174,183,298,,,249,189,116,351,,215,274,61,191,294,355,411,,224,195,72,37,77,83,,162,146,145,114,200,70,175,67,,47,43,66,103,97,95,91,203,93,47,37,77,96,150,,,,,,,24,2438,566,,109,419,241,,334,264,420,,,,,297,,,,,175,174,298,,,,,189,111,,,,,,,,,,,,410,68,303,299,349,226,,,,,174,5,20,106,188,,,,,,,,84,,,56,185,,,93,6,,
1999,54511,686,487,568,487,226,548,413,654,371,397,367,179,268,218,224,92,291,310,138,,,,,,143,121,106,743,224,,,,,369,246,150,171,99,127,164,112,110,118,71,,214,,294,213,145,66,159,116,131,136,,564,401,66,104,121,96,174,43,120,138,,465,305,160,275,161,209,324,149,195,247,190,117,173,135,400,293,573,167,152,263,357,210,102,361,,233,126,111,115,49,124,37,405,176,290,332,135,286,215,,,,234,50,64,178,180,151,193,156,,174,,83,309,57,,423,,,,,1570,235,190,136,105,268,289,,159,90,82,49,290,225,207,,,223,154,232,168,,41,222,139,127,127,72,117,295,233,260,,,220,83,185,196,221,37,100,174,183,272,150,,256,220,116,349,278,216,271,112,234,293,297,406,148,250,197,71,39,77,83,,165,147,145,115,199,69,134,68,169,46,40,66,105,91,101,93,,93,48,38,77,101,156,,,,,,,24,2351,568,,109,419,238,462,334,261,360,296,,,,,,,,,176,143,297,,,,295,173,110,,,,,,,,,,,,414,,288,297,342,230,355,293,,,169,5,20,106,188,,,,,,,,84,,,57,157,,,93,6,,
2000,59637,674,488,555,485,226,625,413,656,371,395,366,179,262,217,224,134,295,290,140,252,348,335,341,,144,123,109,713,507,,,,,368,244,147,171,92,127,,112,110,118,68,,211,156,285,214,142,66,156,114,127,138,492,576,392,65,89,136,92,174,41,120,135,,459,285,160,274,117,197,303,149,182,237,184,118,171,159,396,294,567,143,153,257,352,213,97,345,356,231,121,110,111,49,124,37,403,175,286,215,135,285,217,148,107,199,242,50,64,178,230,153,186,157,141,174,79,82,305,74,62,421,302,238,231,,1414,231,186,138,102,265,282,258,159,87,81,49,308,226,178,124,259,222,153,234,175,126,41,223,143,128,128,71,117,295,242,261,224,223,220,83,185,188,219,38,100,151,181,216,137,67,263,219,117,349,257,215,270,112,180,293,302,404,142,252,199,72,41,78,85,131,165,148,146,116,199,69,135,68,,46,30,69,105,91,100,94,206,94,47,42,77,101,157,,,,,,35,34,2250,568,220,108,419,239,461,334,262,360,,577,279,449,290,480,209,,385,176,143,297,119,,,297,174,110,197,,,,,,,,,,,,70,265,299,350,224,357,296,297,,170,6,21,106,242,,,,,,,,,,,56,195,,,194,6,,
2001,60479,673,495,554,483,226,543,416,656,371,389,366,179,,217,214,132,295,171,165,241,348,377,325,,173,121,138,696,472,139,248,,,362,240,144,171,91,,169,110,109,115,65,,207,156,291,236,143,65,156,110,130,142,438,576,360,65,95,146,89,154,42,118,135,303,432,284,160,211,114,191,317,147,174,236,171,115,169,144,391,286,538,138,128,251,296,186,95,370,352,230,123,114,115,50,124,37,401,177,288,215,135,281,217,147,104,191,244,51,65,180,241,149,226,,139,174,79,82,302,74,62,417,301,,228,329,1414,217,181,134,105,253,251,245,,88,82,49,259,207,145,123,243,219,153,238,174,125,41,224,140,128,126,70,117,296,240,264,225,223,219,93,173,162,217,38,101,151,177,216,121,67,265,187,117,354,264,225,270,112,227,340,299,405,144,253,203,75,40,78,85,134,167,149,146,116,199,72,135,70,170,46,30,69,107,92,100,94,206,94,47,42,77,103,157,,,,,,35,34,2020,566,184,108,414,240,458,334,262,358,299,576,279,441,302,478,208,332,382,177,169,297,120,,,293,219,109,199,194,,,,,,,,,,,70,266,299,348,228,356,296,288,245,171,6,21,106,242,,,,,,,,,,,55,196,,,191,6,,
2002,63936,647,486,502,482,200,409,422,594,329,408,,185,298,247,240,114,291,174,151,235,348,610,355,,142,118,221,710,307,157,253,,,332,248,140,202,84,129,138,122,106,121,69,118,202,153,297,253,145,70,154,108,126,139,438,576,360,66,84,151,50,151,41,113,136,248,465,294,182,226,113,213,317,154,181,228,215,113,170,144,418,334,535,,132,431,440,220,92,287,357,227,125,128,121,48,115,41,388,192,288,217,137,266,221,147,95,190,243,47,67,172,238,169,210,157,140,173,91,78,300,70,66,445,290,,239,338,1708,213,154,125,114,226,273,247,155,100,86,49,269,179,188,,,252,159,240,171,160,50,235,137,126,,74,125,292,232,262,236,220,276,86,159,145,217,38,85,154,147,201,97,67,282,181,115,358,303,226,,112,222,330,337,400,143,269,187,77,43,77,86,127,168,144,154,122,190,77,135,69,166,53,30,70,107,91,99,99,206,89,43,42,76,104,157,216,92,191,,129,42,31,1717,669,192,101,317,,460,306,196,344,321,592,279,409,282,475,208,300,374,193,121,281,123,,,305,203,104,157,195,88,,,,,,,,,466,,271,303,339,213,342,292,249,,178,6,21,105,232,139,1197,176,99,167,,,,,,87,137,156,,219,6,,
2003,63908,646,485,520,529,207,383,405,542,326,381,351,185,259,249,248,112,214,175,153,230,328,611,351,297,139,117,324,756,223,155,250,134,276,330,241,138,197,84,128,138,119,102,125,65,,201,150,298,253,148,71,189,109,126,139,414,311,280,66,83,148,54,153,40,109,139,240,452,294,175,229,111,199,314,150,182,238,202,106,168,175,395,290,531,,131,332,433,169,85,229,352,226,126,115,114,47,111,41,332,162,290,214,135,211,221,144,92,188,240,44,64,170,195,174,164,157,135,174,65,,282,70,63,489,286,216,188,355,1868,213,155,120,87,223,267,241,153,99,82,53,268,169,184,114,247,260,159,256,169,155,50,236,141,126,126,73,129,308,241,263,236,222,262,82,162,146,,38,90,151,137,200,90,65,282,204,134,397,329,289,,161,217,340,285,401,159,254,184,85,44,77,81,125,168,145,151,126,199,76,162,71,159,51,29,70,106,89,199,177,196,88,43,40,76,95,147,,,192,101,,74,31,1682,653,184,102,236,248,451,303,118,343,330,585,271,384,277,471,208,300,374,188,123,272,126,,,305,167,99,154,191,72,138,122,,,,,,,478,68,265,299,323,213,343,293,252,203,185,6,21,105,215,189,1103,171,99,163,180,,,,,93,140,154,,238,8,,
2004,60902,657,474,338,286,,354,257,402,275,244,236,134,151,249,253,106,215,187,130,238,338,611,350,292,149,105,276,808,186,,250,136,276,319,241,141,167,83,126,138,122,102,124,63,115,202,148,294,258,146,67,188,105,127,139,423,297,198,69,72,115,53,152,42,111,139,210,489,237,175,232,109,207,313,150,178,249,198,105,169,,382,259,520,,131,323,342,170,82,232,349,215,131,127,123,46,106,42,335,165,289,215,137,199,210,124,87,185,235,45,65,170,197,178,164,156,138,165,67,68,282,54,64,464,274,212,200,365,1917,219,154,119,93,227,262,243,153,98,83,50,271,151,183,108,234,267,161,260,172,155,50,239,141,128,143,74,127,300,254,263,239,224,231,80,163,155,,38,90,153,141,195,93,62,258,209,122,401,298,,,132,165,345,289,402,181,263,184,87,48,76,,124,164,145,146,123,198,77,162,72,154,53,29,70,102,85,206,180,199,89,42,41,76,94,145,,80,194,98,113,77,31,1574,656,135,101,186,214,411,312,117,213,314,568,268,300,202,421,194,304,221,191,125,282,123,,,334,172,111,,191,77,135,137,,,,,,,495,68,274,300,331,213,339,,232,189,180,7,21,105,216,185,1045,163,97,156,180,,105,,,112,95,119,,146,8,,
2005,62885,692,461,339,286,,353,259,401,276,247,237,131,156,264,254,85,214,191,139,237,398,613,343,300,144,105,257,825,262,155,247,136,276,317,236,145,165,119,122,138,123,101,126,64,111,200,158,319,253,146,66,181,105,123,139,444,285,114,73,109,126,53,151,42,111,,268,487,230,157,230,113,195,319,158,181,256,198,104,171,174,388,265,504,,132,315,343,169,80,237,322,224,124,133,110,52,103,39,305,153,288,212,134,206,207,124,98,176,240,45,66,169,202,161,164,156,137,167,63,74,276,51,61,469,270,215,194,331,2138,235,156,123,94,261,270,249,159,98,76,44,270,154,186,106,235,273,158,262,175,163,51,243,160,130,157,83,121,306,256,264,242,222,233,79,154,147,,38,93,152,145,195,85,62,260,197,125,400,354,,275,131,164,318,279,401,185,276,188,97,44,76,,127,166,146,151,123,189,78,117,75,151,54,33,70,101,86,203,180,196,85,41,41,76,97,146,,72,187,97,112,76,30,1463,638,127,84,189,218,436,321,120,151,300,573,195,310,199,423,195,306,236,190,144,281,,271,189,355,208,126,,202,76,139,139,,217,154,59,82,146,479,69,260,304,324,211,296,,232,191,170,8,21,94,205,175,1182,164,94,153,165,240,101,127,,82,97,123,,156,8,47,61
2006,61173,705,401,359,284,,354,278,410,275,247,243,131,160,267,254,90,265,173,158,229,372,613,353,275,143,117,329,854,242,156,247,137,276,332,238,156,165,113,126,138,123,104,126,70,100,189,165,320,252,148,65,130,104,125,127,472,231,129,68,108,123,50,212,40,116,,257,505,197,146,227,108,205,316,165,181,261,205,102,172,183,394,268,443,,128,323,342,160,76,242,303,226,132,139,110,52,116,39,294,134,273,216,127,180,205,126,99,148,225,53,67,167,198,142,165,174,141,182,67,73,283,50,64,477,265,230,,266,2400,232,166,123,102,269,265,256,160,93,78,43,262,155,195,104,246,268,155,257,176,165,51,242,161,130,157,86,123,307,234,263,261,235,221,80,156,147,193,37,99,152,147,200,85,62,252,212,112,327,348,287,274,138,131,318,249,401,132,264,187,99,45,77,,127,170,145,148,125,211,81,118,80,153,56,35,72,99,89,204,174,195,86,43,41,,98,147,,80,181,97,111,75,30,1450,633,148,84,184,217,365,311,131,149,295,569,177,283,199,399,197,293,237,183,148,,,276,189,332,207,130,,187,78,129,142,,216,151,60,86,146,480,,263,315,302,213,324,,236,188,220,7,21,94,202,175,1382,164,119,148,160,249,105,121,,56,95,106,,166,8,43,61
2007,61145,686,411,394,294,159,355,304,437,279,250,247,167,196,273,254,81,241,181,141,227,386,620,360,304,146,119,303,852,251,155,242,130,,314,236,157,161,113,126,137,124,103,116,68,108,183,164,320,260,141,,129,104,115,124,472,251,117,69,108,134,49,218,45,115,,213,534,167,142,238,111,214,333,155,183,259,208,102,172,,,266,445,,128,337,274,167,76,232,289,225,131,135,107,54,93,39,287,138,268,224,127,180,196,121,99,133,221,53,62,168,206,169,168,157,143,166,70,76,275,66,65,487,267,221,,265,2300,251,197,124,109,286,261,262,158,92,75,42,283,155,189,111,250,,162,252,174,179,52,274,166,128,175,86,122,306,,263,258,235,227,80,151,151,191,37,104,149,148,203,85,62,265,181,115,327,316,287,276,113,141,317,258,401,138,265,179,101,48,78,,125,169,146,150,123,204,81,120,80,158,56,38,72,106,87,201,168,195,86,44,39,,110,145,,81,181,93,124,75,39,1447,595,145,68,186,207,399,317,137,152,288,566,192,271,198,380,188,311,210,,137,279,,287,189,324,205,125,,180,67,,140,,216,151,60,89,146,459,,267,314,270,211,299,300,231,175,236,7,,94,167,185,1382,165,113,147,160,243,108,121,,50,,,52,170,8,43,60
2008,57706,660,428,383,295,166,354,301,432,278,248,254,167,191,268,267,81,257,182,118,233,396,668,378,304,144,119,352,852,231,,239,130,212,305,228,147,145,,115,114,118,110,117,67,119,183,160,313,246,142,,128,101,117,124,461,229,117,69,100,137,48,218,40,116,128,213,567,209,153,251,98,233,331,164,184,257,195,99,173,194,310,234,430,135,128,252,252,169,76,240,288,226,133,135,106,52,100,38,288,138,267,224,127,184,196,121,101,131,207,51,72,157,233,183,157,160,133,173,70,75,266,71,61,481,266,220,,286,286,249,197,120,109,298,244,271,158,90,76,42,276,154,193,106,281,271,156,252,172,159,52,271,154,127,169,71,122,307,228,264,262,231,232,77,150,153,190,43,100,150,163,205,85,62,252,181,109,324,284,287,276,123,143,324,256,401,138,251,176,100,46,77,97,125,171,145,150,,178,80,123,79,159,62,42,67,,77,201,174,192,90,47,38,78,97,145,210,90,198,92,111,73,30,1396,558,145,69,187,207,366,301,136,150,286,550,169,275,216,357,187,295,210,228,134,286,,291,190,305,,135,,194,81,,106,,216,152,59,90,143,432,69,263,317,268,211,280,300,,175,211,8,,92,205,192,115,125,120,154,160,234,,120,,52,,123,54,170,,43,62
2009,59701,638,437,397,293,146,359,299,430,275,247,255,180,204,258,287,,247,229,128,252,423,704,316,645,144,118,284,304,197,156,237,139,212,301,225,147,99,118,115,114,111,103,,,116,162,157,309,248,147,,133,105,109,122,457,,124,73,112,145,51,251,43,120,134,286,,208,141,268,99,234,333,161,184,260,193,101,173,199,324,250,427,119,129,244,254,162,82,239,290,223,127,134,104,56,100,38,252,128,192,219,128,185,200,118,87,130,216,49,,155,226,183,148,152,134,186,76,70,272,48,61,375,271,221,,291,281,252,217,120,107,279,232,271,152,96,72,37,273,184,196,133,283,270,157,264,197,172,55,240,151,132,165,72,125,312,228,265,265,232,227,75,153,153,191,43,96,149,175,204,82,96,265,177,109,298,265,295,277,123,145,328,259,351,138,253,174,101,48,80,97,126,167,144,141,124,171,79,123,79,161,65,42,67,,78,202,170,192,92,48,37,83,103,156,208,86,186,92,98,73,26,1404,562,145,67,188,213,417,303,140,154,286,543,176,240,211,362,187,311,212,219,138,284,122,327,188,314,172,,,194,82,129,106,,216,150,57,91,142,415,,263,319,279,207,1050,300,249,177,159,8,21,92,169,192,111,127,108,147,158,236,105,122,101,,,,54,166,,43,62
2010,59515,550,438,396,334,148,361,299,444,281,249,289,175,210,258,256,,243,181,130,257,461,745,313,645,143,120,277,305,209,156,233,138,212,299,216,148,100,70,112,106,110,100,,,117,167,157,310,245,148,63,131,94,105,121,448,,124,70,86,144,56,253,44,137,134,290,602,179,152,256,91,216,333,140,177,246,180,98,159,206,293,207,399,116,121,150,257,140,81,220,295,,,130,98,55,100,31,205,130,127,203,133,139,194,119,84,118,218,49,71,155,232,163,156,150,135,186,,81,265,44,62,378,282,223,,303,277,254,218,119,107,277,244,253,160,92,72,40,285,168,198,140,283,271,155,261,200,159,55,242,140,132,170,72,122,302,232,264,267,232,232,76,166,155,191,43,90,151,160,203,,97,255,175,104,298,,295,280,108,140,331,264,351,145,255,173,107,49,78,98,120,168,148,142,128,166,80,120,79,158,71,42,67,101,71,198,170,194,92,47,37,76,103,160,209,86,185,93,108,73,26,1449,594,145,66,188,213,390,296,151,156,286,549,170,206,211,362,186,340,218,222,141,286,123,335,186,321,172,135,,198,82,128,107,,223,150,60,91,141,412,,261,331,,210,1042,306,237,208,163,8,21,93,,192,111,134,111,143,156,235,105,122,99,54,,,53,167,,43,62
2011,60866,569,461,395,335,149,382,303,445,278,248,289,177,207,249,256,,256,165,136,258,426,772,315,709,142,111,21,307,211,132,228,142,214,298,216,150,97,66,115,151,110,102,89,,117,164,156,306,228,145,57,129,96,109,122,437,228,123,71,85,142,55,146,44,122,132,225,609,192,143,266,92,242,328,156,183,263,169,93,163,216,286,185,327,125,114,147,270,138,71,156,261,,137,137,104,90,117,31,203,131,155,246,166,,193,128,87,121,222,51,85,160,233,171,158,150,139,180,71,80,263,46,62,378,277,221,210,343,262,280,215,121,105,283,259,255,159,93,73,38,299,163,200,149,261,265,154,264,207,159,57,243,141,133,169,76,125,300,231,267,270,232,233,75,159,165,192,43,93,151,161,205,87,99,258,175,105,256,265,208,287,109,121,333,270,357,111,256,170,110,50,68,107,116,166,146,139,131,171,71,121,74,155,72,43,73,93,71,201,169,193,,47,,76,,,,88,,,118,71,26,1407,659,149,68,204,204,346,292,154,157,292,530,171,242,211,355,191,258,229,222,159,295,124,,,347,179,139,,183,92,130,110,,,,,,,368,,251,338,,215,1039,313,240,182,167,8,21,102,167,134,113,138,107,147,160,240,107,,99,53,,,53,171,6,,
2012,61995,608,465,395,336,,382,297,445,278,252,,184,211,253,254,,256,168,134,,427,772,321,698,146,118,21,310,210,133,229,147,219,304,217,152,97,61,118,106,111,104,91,67,120,183,151,302,233,149,59,128,97,115,124,438,252,128,72,98,162,55,168,50,144,140,225,619,202,146,274,107,251,327,156,182,274,141,94,171,218,298,204,368,127,112,147,233,136,70,192,231,,134,133,104,93,104,31,210,130,161,250,170,,193,131,88,123,226,51,79,163,242,172,166,183,142,179,70,81,261,48,60,378,277,218,210,352,243,288,215,114,104,264,269,270,166,94,73,39,300,163,295,159,261,279,158,266,182,162,59,247,142,133,167,99,123,297,229,265,288,239,238,74,158,165,207,42,96,153,164,221,,99,254,174,104,256,266,205,281,112,124,334,270,361,109,,171,115,49,68,108,113,161,147,157,137,163,71,122,76,160,73,44,75,94,72,200,,196,,49,,84,106,,,91,187,,,68,27,1405,685,155,71,210,208,354,304,159,161,295,542,175,246,213,361,191,282,236,226,164,297,137,,,,,133,,207,81,132,115,65,,,,,,376,69,256,335,,220,1020,320,239,167,165,8,25,104,167,133,115,139,107,150,164,241,108,123,91,51,78,96,53,171,7,,51
2013,70986,647,482,394,345,138,381,302,412,277,251,301,184,215,244,258,78,286,177,163,262,,772,324,686,155,118,23,316,224,133,232,152,224,314,216,152,99,66,121,106,123,107,91,72,116,193,149,299,227,149,60,130,95,127,126,446,249,124,72,98,157,54,168,48,143,141,226,629,208,172,277,103,260,310,157,178,274,136,88,176,222,301,219,378,127,111,158,260,152,72,201,234,264,129,,107,91,102,32,213,131,157,252,171,,201,131,88,123,230,53,99,163,243,174,160,153,143,181,70,82,258,49,61,379,279,219,212,350,255,285,222,114,105,273,289,290,172,96,77,39,313,163,321,163,306,317,170,273,188,162,57,242,137,134,166,102,122,315,261,262,298,244,242,73,171,163,208,43,98,155,166,286,92,103,279,175,109,273,280,211,306,117,130,331,286,360,110,,164,117,51,71,106,,,147,146,139,,72,126,76,158,,,75,,72,205,156,198,95,50,43,77,106,,209,81,182,93,,65,26,1502,724,158,72,236,210,357,306,165,168,297,550,177,257,219,383,192,283,240,243,,344,146,,,365,194,133,115,,84,135,122,,,,,,,381,73,249,344,271,223,1171,,219,176,167,8,25,107,167,133,118,144,105,148,162,243,109,,92,51,88,96,57,167,7,,
2014,66516,672,522,386,355,138,391,315,448,286,251,307,211,213,240,256,80,307,179,153,265,440,784,319,703,161,116,26,322,234,164,228,160,231,320,218,149,100,68,120,129,120,111,90,72,131,194,152,301,230,150,60,130,94,131,121,455,250,123,70,97,155,55,171,48,142,140,225,637,207,168,281,107,263,304,159,180,278,136,89,177,221,307,233,391,130,114,162,268,177,60,209,238,267,139,135,110,96,103,33,217,132,160,253,171,,201,140,87,122,230,56,,165,246,177,169,156,145,198,73,81,257,49,61,378,279,220,211,351,265,297,218,114,102,270,299,294,169,96,78,42,324,152,326,174,311,307,174,273,183,160,58,244,136,132,166,99,132,311,260,264,304,243,266,74,173,170,211,44,102,159,167,286,93,103,276,176,110,293,286,208,307,118,156,332,298,364,128,255,160,122,50,71,110,108,177,153,147,138,151,75,126,76,182,83,47,77,101,,211,160,198,93,50,43,77,108,154,207,83,180,93,,62,26,1510,746,164,72,238,198,413,310,166,174,301,560,181,257,223,382,195,281,243,249,,363,144,,,380,199,136,118,,82,137,123,67,224,,,,,381,75,250,358,291,221,1175,336,216,179,167,8,25,106,167,125,119,145,106,148,172,243,114,150,92,54,91,86,57,173,9,,
2015,63232,701,546,393,350,143,398,316,595,289,251,320,223,229,247,254,82,248,177,154,257,440,872,327,706,174,127,28,328,243,170,229,163,225,327,224,157,105,71,122,136,127,115,92,74,134,195,149,301,232,152,60,151,97,128,131,461,250,121,72,96,162,54,175,47,143,140,224,644,213,179,283,107,271,306,161,184,284,136,91,177,224,333,243,394,136,124,182,279,180,67,262,239,255,137,141,113,98,101,32,224,132,161,261,180,,203,147,91,124,232,58,93,165,248,178,159,157,149,244,79,87,277,60,,360,262,249,202,301,269,308,226,113,106,272,299,294,167,93,84,43,343,218,325,175,321,312,177,282,183,160,59,252,175,135,162,101,132,326,271,269,314,247,372,72,176,174,220,,113,160,177,285,95,103,284,175,109,331,296,242,306,119,158,339,315,367,154,259,161,123,54,72,116,,187,159,146,145,165,74,130,80,177,85,48,78,105,73,225,162,200,97,52,41,82,112,154,208,78,179,97,121,68,26,1568,768,167,74,238,198,358,324,175,187,302,577,183,266,231,383,186,283,247,262,206,384,148,499,206,392,196,140,119,275,87,139,126,78,,,,,,395,74,258,357,304,222,,332,216,171,164,8,25,106,168,125,124,145,105,153,175,243,123,153,92,55,89,88,63,175,9,,
2016,,713,571,425,351,143,411,330,550,330,251,320,227,226,245,287,83,251,176,155,267,446,,343,994,185,137,28,326,241,173,221,163,227,383,234,166,112,72,122,143,174,116,98,87,135,212,150,297,236,163,63,153,102,138,134,471,250,123,69,93,174,54,185,46,140,136,222,656,225,191,291,114,283,321,171,185,286,142,97,183,231,365,251,403,144,146,193,282,183,68,271,243,253,140,137,156,97,98,62,196,132,162,270,184,,163,152,88,123,231,60,103,165,258,177,164,158,150,,80,87,281,,,360,258,255,204,304,270,322,230,118,104,276,315,305,168,94,87,42,346,162,330,178,338,318,181,286,180,195,60,259,174,136,162,101,128,328,271,275,322,258,386,71,182,177,221,,111,159,182,286,95,106,286,190,108,330,298,241,296,120,168,342,320,394,161,273,160,134,53,71,115,,187,163,148,144,154,76,141,83,174,89,53,79,114,74,228,163,203,98,52,41,83,116,183,222,80,180,93,120,70,30,1606,866,164,73,251,211,363,329,176,189,300,591,182,290,234,380,188,296,177,258,204,400,152,520,239,414,191,140,126,297,87,139,134,80,,,,,,392,81,264,365,342,225,,332,220,167,160,8,25,107,169,127,131,146,105,153,175,243,127,,104,55,95,91,64,152,9,,
2017,,732,573,457,362,146,426,350,617,,,324,243,240,,289,,246,,,,452,,,,188,151,30,339,242,183,219,163,226,391,238,176,106,76,120,150,170,119,99,95,150,220,172,296,245,162,63,156,99,140,132,498,261,118,70,96,178,56,185,47,137,137,220,671,236,203,296,125,286,325,171,184,298,138,100,189,232,,,391,,149,,287,,69,,241,270,141,142,151,102,97,62,199,133,164,279,188,,162,154,89,129,233,64,106,168,256,181,164,162,151,210,74,80,259,46,70,408,288,220,223,381,289,410,245,126,111,312,,,172,113,,,,163,,176,412,321,181,296,183,192,68,262,172,138,179,98,126,326,271,270,322,267,,73,181,185,217,,113,168,,,,,287,190,113,326,293,242,289,119,180,339,310,398,163,273,157,,55,77,119,,198,170,148,146,160,80,149,90,177,,,,116,76,236,158,210,101,48,42,86,124,180,209,85,184,95,120,70,30,1640,888,164,67,270,217,366,330,176,181,304,596,221,300,241,398,188,305,160,261,,410,155,526,,408,,,126,,,145,,,,,,,,413,81,270,329,353,222,,331,216,180,195,6,23,93,161,117,110,126,98,145,159,240,,,109,55,101,95,69,,14,,
2018,,,566,484,,142,478,,,,,367,,258,,268,,269,,,,457,,,,188,171,31,347,246,189,212,165,223,391,272,174,104,77,125,152,182,120,99,94,172,236,203,320,269,178,75,162,101,165,136,513,255,118,70,96,180,55,187,47,138,133,222,,238,222,322,135,302,345,180,193,301,149,99,195,229,,,408,,151,,294,,69,,244,269,136,142,157,102,98,64,203,133,170,287,188,,165,170,92,129,244,67,110,176,257,210,166,161,153,214,74,81,259,48,68,423,305,230,227,382,293,422,246,130,109,309,,,174,121,103,,,,,174,427,349,181,308,183,185,68,266,159,143,180,96,125,343,274,,377,295,,79,183,189,214,,109,173,,,,,331,193,115,343,345,271,305,125,190,343,326,411,185,286,,,57,81,129,,202,172,150,146,164,81,153,96,179,,,,128,77,241,157,,103,,44,94,129,164,211,,186,99,119,73,32,1684,892,168,74,276,222,391,328,177,186,309,605,214,312,247,412,187,308,164,268,,414,156,537,228,419,219,,124,,,166,,,,,,,,462,78,270,,366,220,,333,216,180,192,8,27,99,214,177,135,154,116,156,185,254,,,121,58,101,94,74,,14,,
2019,,,584,508,404,143,472,382,,,,358,,266,,277,,315,,,,462,,,,186,169,30,345,245,186,204,158,196,392,288,177,102,77,132,149,174,114,94,91,169,234,193,308,267,178,83,161,100,169,140,518,271,118,68,101,180,60,187,48,143,132,222,,264,248,339,143,315,312,180,198,302,150,94,202,235,,,408,,157,,301,,70,,242,302,131,161,158,102,110,64,215,134,182,287,196,,170,181,96,132,256,76,102,177,257,195,166,163,156,232,70,81,259,51,64,426,305,261,268,386,351,427,242,129,97,305,,,179,,108,,,,,,417,358,185,311,186,191,78,276,168,142,181,114,126,380,281,,384,330,,89,173,192,214,,,177,,,,,336,211,122,371,337,264,296,119,192,345,321,411,187,300,,,56,85,133,,205,175,153,147,167,78,158,100,183,,,,132,76,256,160,215,105,,44,89,143,166,212,95,190,101,119,90,,1707,909,168,74,284,222,395,327,180,186,313,604,212,312,253,430,188,308,167,265,,421,160,569,,412,221,,133,,,173,,,232,,,,,477,76,255,,375,221,,332,,181,203,12,28,97,255,153,138,155,113,165,183,275,,,110,58,92,93,69,,16,,
2020,,,,523,,,486,,,340,,353,,,,275,,,,,,,,,,,,,339,,,,,,,,,,,,211,165,,,,,,,,,,,,,,,,,,,,,,,,,,,,,,336,,,310,,,,,90,205,,,,416,,157,,307,,71,,245,311,153,,,106,,,,,,301,,,,186,98,143,263,75,,183,,,,164,158,,,,,52,,,,,,,343,460,,,100,,,350,,,,,,,,,,,,,,,,,,,,,,,,,,,,,175,,216,,,182,,,,,,220,,403,,,285,121,,,,410,188,320,,,54,89,137,,215,175,,151,167,89,162,100,176,,,,,,,,,,,43,,,,,,,,,109,,1685,909,,,277,,,,180,186,,,,,252,438,179,308,169,,,,,,,,238,,,335,,,,,,,,,,476,74,252,,378,,,,,,,,,,,,,,,,,,,,,,,,,,,,