,学校数:高等:普通,学校数:高等:普通:北京,学校数:高等:普通:天津,学校数:高等:普通:河北,学校数:高等:普通:山西,学校数:高等:普通:内蒙古,学校数:高等:普通:辽宁,学校数:高等:普通:吉林,学校数:高等:普通:黑龙江,学校数:高等:普通:上海,学校数:高等:普通:江苏,学校数:高等:普通:浙江,学校数:高等:普通:安徽,学校数:高等:普通:福建,学校数:高等:普通:江西,学校数:高等:普通:山东,学校数:高等:普通:河南,学校数:高等:普通:湖北,学校数:高等:普通:湖南,学校数:高等:普通:广东,学校数:高等:普通:广西,学校数:高等:普通:海南,学校数:高等:普通:重庆,学校数:高等:普通:四川,学校数:高等:普通:贵州,学校数:高等:普通:云南,学校数:高等:普通:西藏,学校数:高等:普通:陕西,学校数:高等:普通:甘肃,学校数:高等:普通:青海,学校数:高等:普通:宁夏,学校数:高等:普通:新疆,学校数:中学:普通高中,学校数:中学:普通高中:北京,学校数:中学:普通高中:天津,学校数:中学:普通高中:河北,学校数:中学:普通高中:山西,学校数:中学:普通高中:内蒙古,学校数:中学:普通高中:辽宁,学校数:中学:普通高中:吉林,学校数:中学:普通高中:黑龙江,学校数:中学:普通高中:上海,学校数:中学:普通高中:江苏,学校数:中学:普通高中:浙江,学校数:中学:普通高中:安徽,学校数:中学:普通高中:福建,学校数:中学:普通高中:江西,学校数:中学:普通高中:山东,学校数:中学:普通高中:河南,学校数:中学:普通高中:湖北,学校数:中学:普通高中:湖南,学校数:中学:普通高中:广东,学校数:中学:普通高中:广西,学校数:中学:普通高中:海南,学校数:中学:普通高中:重庆,学校数:中学:普通高中:四川,学校数:中学:普通高中:贵州,学校数:中学:普通高中:云南,学校数:中学:普通高中:西藏,学校数:中学:普通高中:陕西,学校数:中学:普通高中:甘肃,学校数:中学:普通高中:青海,学校数:中学:普通高中:宁夏,学校数:中学:普通高中:新疆,学校数:中学:普通初中,学校数:中学:普通初中:北京,学校数:中学:普通初中:天津,学校数:中学:普通初中:河北,学校数:中学:普通初中:山西,学校数:中学:普通初中:内蒙古,学校数:中学:普通初中:辽宁,学校数:中学:普通初中:吉林,学校数:中学:普通初中:黑龙江,学校数:中学:普通初中:上海,学校数:中学:普通初中:江苏,学校数:中学:普通初中:浙江,学校数:中学:普通初中:安徽,学校数:中学:普通初中:福建,学校数:中学:普通初中:江西,学校数:中学:普通初中:山东,学校数:中学:普通初中:河南,学校数:中学:普通初中:湖北,学校数:中学:普通初中:湖南,学校数:中学:普通初中:广东,学校数:中学:普通初中:广西,学校数:中学:普通初中:海南,学校数:中学:普通初中:重庆,学校数:中学:普通初中:四川,学校数:中学:普通初中:贵州,学校数:中学:普通初中:云南,学校数:中学:普通初中:西藏,学校数:中学:普通初中:陕西,学校数:中学:普通初中:甘肃,学校数:中学:普通初中:青海,学校数:中学:普通初中:宁夏,学校数:中学:普通初中:新疆,学校数:小学,学校数:小学:北京,学校数:小学:天津,学校数:小学:河北,学校数:小学:山西,学校数:小学:内蒙古,学校数:小学:辽宁,学校数:小学:吉林,学校数:小学:黑龙江,学校数:小学:上海,学校数:小学:江苏,学校数:小学:浙江,学校数:小学:安徽,学校数:小学:福建,学校数:小学:江西,学校数:小学:山东,学校数:小学:河南,学校数:小学:湖北,学校数:小学:湖南,学校数:小学:广东,学校数:小学:广西,学校数:小学:海南,学校数:小学:重庆,学校数:小学:四川,学校数:小学:贵州,学校数:小学:云南,学校数:小学:西藏,学校数:小学:陕西,学校数:小学:甘肃,学校数:小学:青海,学校数:小学:宁夏,学校数:小学:新疆
区域,中国,中国,中国,中国,中国,中国,中国,中国,中国,中国,中国,中国,中国,中国,中国,中国,中国,中国,中国,中国,中国,中国,中国,中国,中国,中国,中国,中国,中国,中国,中国,中国,中国,中国,中国,中国,中国,中国,中国,中国,中国,中国,中国,中国,中国,中国,中国,中国,中国,中国,中国,中国,中国,中国,中国,中国,中国,中国,中国,中国,中国,中国,中国,中国,中国,中国,中国,中国,中国,中国,中国,中国,中国,中国,中国,中国,中国,中国,中国,中国,中国,中国,中国,中国,中国,中国,中国,中国,中国,中国,中国,中国,中国,中国,中国,中国,中国,中国,中国,中国,中国,中国,中国,中国,中国,中国,中国,中国,中国,中国,中国,中国,中国,中国,中国,中国,中国,中国,中国,中国,中国,中国,中国,中国,中国,中国,中国,中国
次国家,,Beijing,Tianjin,Hebei,Shanxi,Inner Mongolia,Liaoning,Jilin,Heilongjiang,Shanghai,Jiangsu,Zhejiang,Anhui,Fujian,Jiangxi,Shandong,Henan,Hubei,Hunan,Guangdong,Guangxi,Hainan,Chongqing,Sichuan,Guizhou,Yunnan,Tibet,Shaanxi,Gansu,Qinghai,Ningxia,Xinjiang,,Beijing,Tianjin,Hebei,Shanxi,Inner Mongolia,Liaoning,Jilin,Heilongjiang,Shanghai,Jiangsu,Zhejiang,Anhui,Fujian,Jiangxi,Shandong,Henan,Hubei,Hunan,Guangdong,Guangxi,Hainan,Chongqing,Sichuan,Guizhou,Yunnan,Tibet,Shaanxi,Gansu,Qinghai,Ningxia,Xinjiang,,Beijing,Tianjin,Hebei,Shanxi,Inner Mongolia,Liaoning,Jilin,Heilongjiang,Shanghai,Jiangsu,Zhejiang,Anhui,Fujian,Jiangxi,Shandong,Henan,Hubei,Hunan,Guangdong,Guangxi,Hainan,Chongqing,Sichuan,Guizhou,Yunnan,Tibet,Shaanxi,Gansu,Qinghai,Ningxia,Xinjiang,,Beijing,Tianjin,Hebei,Shanxi,Inner Mongolia,Liaoning,Jilin,Heilongjiang,Shanghai,Jiangsu,Zhejiang,Anhui,Fujian,Jiangxi,Shandong,Henan,Hubei,Hunan,Guangdong,Guangxi,Hainan,Chongqing,Sichuan,Guizhou,Yunnan,Tibet,Shaanxi,Gansu,Qinghai,Ningxia,Xinjiang
频率,年,年,年,年,年,年,年,年,年,年,年,年,年,年,年,年,年,年,年,年,年,年,年,年,年,年,年,年,年,年,年,年,年,年,年,年,年,年,年,年,年,年,年,年,年,年,年,年,年,年,年,年,年,年,年,年,年,年,年,年,年,年,年,年,年,年,年,年,年,年,年,年,年,年,年,年,年,年,年,年,年,年,年,年,年,年,年,年,年,年,年,年,年,年,年,年,年,年,年,年,年,年,年,年,年,年,年,年,年,年,年,年,年,年,年,年,年,年,年,年,年,年,年,年,年,年,年,年
单位,所,所,所,所,所,所,所,所,所,所,所,所,所,所,所,所,所,所,所,所,所,所,所,所,所,所,所,所,所,所,所,所,所,所,所,所,所,所,所,所,所,所,所,所,所,所,所,所,所,所,所,所,所,所,所,所,所,所,所,所,所,所,所,所,所,所,所,所,所,所,所,所,所,所,所,所,所,所,所,所,所,所,所,所,所,所,所,所,所,所,所,所,所,所,所,所,所,所,所,所,所,所,所,所,所,所,所,所,所,所,所,所,所,所,所,所,所,所,所,所,所,所,所,所,所,所,所,所
数据来源,中国教育部,中国教育部,中国教育部,中国教育部,中国教育部,中国教育部,中国教育部,中国教育部,中国教育部,中国教育部,中国教育部,中国教育部,中国教育部,中国教育部,中国教育部,中国教育部,中国教育部,中国教育部,中国教育部,中国教育部,中国教育部,中国教育部,中国教育部,中国教育部,中国教育部,中国教育部,中国教育部,中国教育部,中国教育部,中国教育部,中国教育部,中国教育部,中国教育部,中国教育部,中国教育部,中国教育部,中国教育部,中国教育部,中国教育部,中国教育部,中国教育部,中国教育部,中国教育部,中国教育部,中国教育部,中国教育部,中国教育部,中国教育部,中国教育部,中国教育部,中国教育部,中国教育部,中国教育部,中国教育部,中国教育部,中国教育部,中国教育部,中国教育部,中国教育部,中国教育部,中国教育部,中国教育部,中国教育部,中国教育部,中国教育部,中国教育部,中国教育部,中国教育部,中国教育部,中国教育部,中国教育部,中国教育部,中国教育部,中国教育部,中国教育部,中国教育部,中国教育部,中国教育部,中国教育部,中国教育部,中国教育部,中国教育部,中国教育部,中国教育部,中国教育部,中国教育部,中国教育部,中国教育部,中国教育部,中国教育部,中国教育部,中国教育部,中国教育部,中国教育部,中国教育部,中国教育部,中国教育部,中国教育部,中国教育部,中国教育部,中国教育部,中国教育部,中国教育部,中国教育部,中国教育部,中国教育部,中国教育部,中国教育部,中国教育部,中国教育部,中国教育部,中国教育部,中国教育部,中国教育部,中国教育部,中国教育部,中国教育部,中国教育部,中国教育部,中国教育部,中国教育部,中国教育部,中国教育部,中国教育部,中国教育部,中国教育部,中国教育部,中国教育部
状态,继续,继续,继续,继续,继续,继续,继续,继续,继续,继续,继续,继续,继续,继续,继续,继续,继续,继续,继续,继续,继续,继续,继续,继续,继续,继续,继续,继续,继续,继续,继续,继续,继续,继续,继续,继续,继续,继续,继续,继续,继续,继续,继续,继续,继续,继续,继续,继续,继续,继续,继续,继续,继续,继续,继续,继续,继续,继续,继续,继续,继续,继续,继续,继续,继续,继续,继续,继续,继续,继续,继续,继续,继续,继续,继续,继续,继续,继续,继续,继续,继续,继续,继续,继续,继续,继续,继续,继续,继续,继续,继续,继续,继续,继续,继续,继续,继续,继续,继续,继续,继续,继续,继续,继续,继续,继续,继续,继续,继续,继续,继续,继续,继续,继续,继续,继续,继续,继续,继续,继续,继续,继续,继续,继续,继续,继续,继续,继续
数列ID,4967401 (CGSB),303116501 (CGBSDP),303116601 (CGBSDQ),303116701 (CGBSDR),303116801 (CGBSDS),303116901 (CGBSDT),303117001 (CGBSDU),303117101 (CGBSDV),303117201 (CGBSDW),303117301 (CGBSDX),303117401 (CGBSDY),303117501 (CGBSDZ),303117601 (CGBSEA),303117701 (CGBSEB),303117801 (CGBSEC),303117901 (CGBSED),303118001 (CGBSEE),303118101 (CGBSEF),303118201 (CGBSEG),303118301 (CGBSEH),303118401 (CGBSEI),303118501 (CGBSEJ),303118601 (CGBSEK),303118701 (CGBSEL),303118801 (CGBSEM),303118901 (CGBSEN),303119001 (CGBSEO),303119101 (CGBSEP),303119201 (CGBSEQ),303119301 (CGBSER),303119401 (CGBSES),303119501 (CGBSET),303106101 (CGBSCP),303125801 (CGBSHE),303125901 (CGBSHF),303126001 (CGBSHG),303126101 (CGBSHH),303126201 (CGBSHI),303126301 (CGBSHJ),303126401 (CGBSHK),303126501 (CGBSHL),303126601 (CGBSHM),303126701 (CGBSHN),303126801 (CGBSHO),303126901 (CGBSHP),303127001 (CGBSHQ),303127101 (CGBSHR),303127201 (CGBSHS),303127301 (CGBSHT),303127401 (CGBSHU),303127501 (CGBSHV),303127601 (CGBSHW),303127701 (CGBSHX),303127801 (CGBSHY),303127901 (CGBSHZ),303128001 (CGBSIA),303128101 (CGBSIB),303128201 (CGBSIC),303128301 (CGBSID),303128401 (CGBSIE),303128501 (CGBSIF),303128601 (CGBSIG),303128701 (CGBSIH),303128801 (CGBSII),303106201 (CGBSCQ),303138201 (CGBSLY),303138301 (CGBSLZ),303138401 (CGBSMA),303138501 (CGBSMB),303138601 (CGBSMC),303138701 (CGBSMD),303138801 (CGBSME),303138901 (CGBSMF),303139001 (CGBSMG),303139101 (CGBSMH),303139201 (CGBSMI),303139301 (CGBSMJ),303139401 (CGBSMK),303139501 (CGBSML),303139601 (CGBSMM),303139701 (CGBSMN),303139801 (CGBSMO),303139901 (CGBSMP),303140001 (CGBSMQ),303140101 (CGBSMR),303140201 (CGBSMS),303140301 (CGBSMT),303140401 (CGBSMU),303140501 (CGBSMV),303140601 (CGBSMW),303140701 (CGBSMX),303140801 (CGBSMY),303140901 (CGBSMZ),303141001 (CGBSNA),303141101 (CGBSNB),303141201 (CGBSNC),4967601 (CGSD),303150601 (CGBSQS),303150701 (CGBSQT),303150801 (CGBSQU),303150901 (CGBSQV),303151001 (CGBSQW),303151101 (CGBSQX),303151201 (CGBSQY),303151301 (CGBSQZ),303151401 (CGBSRA),303151501 (CGBSRB),303151601 (CGBSRC),303151701 (CGBSRD),303151801 (CGBSRE),303151901 (CGBSRF),303152001 (CGBSRG),303152101 (CGBSRH),303152201 (CGBSRI),303152301 (CGBSRJ),303152401 (CGBSRK),303152501 (CGBSRL),303152601 (CGBSRM),303152701 (CGBSRN),303152801 (CGBSRO),303152901 (CGBSRP),303153001 (CGBSRQ),303153101 (CGBSRR),303153201 (CGBSRS),303153301 (CGBSRT),303153401 (CGBSRU),303153501 (CGBSRV),303153601 (CGBSRW)
SR码,SR4624118,SR4624108,SR4624385,SR4624367,SR4624533,SR4624061,SR4624022,SR4624500,SR4624388,SR4624414,SR4624174,SR4624406,SR4624144,SR4624552,SR4624212,SR4624240,SR4624032,SR4624173,SR4624513,SR4624553,SR4624299,SR4624443,SR4624312,SR4624438,SR4624311,SR4624439,SR4624460,SR4624369,SR4624178,SR4624398,SR4624468,SR4624261,SR4624432,SR4624502,SR4624382,SR4624359,SR4624038,SR4624321,SR4624089,SR4624317,SR4624228,SR4624052,SR4624444,SR4624130,SR4624279,SR4624300,SR4624221,SR4624446,SR4624117,SR4624381,SR4624421,SR4624243,SR4624472,SR4624110,SR4624310,SR4624479,SR4624361,SR4624171,SR4624120,SR4624422,SR4624420,SR4624076,SR4624169,SR4624339,SR4624077,SR4624445,SR4624505,SR4624400,SR4624497,SR4624380,SR4624319,SR4624213,SR4624334,SR4624203,SR4624442,SR4624389,SR4624474,SR4624506,SR4624314,SR4624537,SR4624035,SR4624205,SR4624113,SR4624222,SR4624292,SR4624376,SR4624469,SR4624134,SR4624244,SR4624127,SR4624386,SR4624416,SR4624198,SR4624107,SR4624241,SR4624486,SR4624384,SR4624068,SR4624153,SR4624302,SR4624288,SR4624387,SR4624209,SR4624042,SR4624236,SR4624495,SR4624206,SR4624325,SR4624441,SR4624340,SR4624047,SR4624139,SR4624308,SR4624419,SR4624489,SR4624535,SR4624097,SR4624496,SR4624294,SR4624511,SR4624332,SR4624214,SR4624498,SR4624437,SR4624233,SR4624223,SR4624487,SR4624539
助记符,,,,,,,,,,,,,,,,,,,,,,,,,,,,,,,,,,,,,,,,,,,,,,,,,,,,,,,,,,,,,,,,,,,,,,,,,,,,,,,,,,,,,,,,,,,,,,,,,,,,,,,,,,,,,,,,,,,,,,,,,,,,,,,,
函数说明,,,,,,,,,,,,,,,,,,,,,,,,,,,,,,,,,,,,,,,,,,,,,,,,,,,,,,,,,,,,,,,,,,,,,,,,,,,,,,,,,,,,,,,,,,,,,,,,,,,,,,,,,,,,,,,,,,,,,,,,,,,,,,,,
首次观测日期,1949,1998,1998,1998,1998,1998,1998,1998,1998,1998,1998,1998,1998,1998,1998,1998,1998,1998,1998,1998,1998,1998,1998,1998,1998,1998,1998,1998,1998,1998,1998,1998,1949,1998,1998,1998,1998,1998,1998,1998,1998,1998,1998,1998,1998,1998,1998,1998,1998,1998,1998,1998,1998,1998,1998,1998,1998,1998,1998,1998,1998,1998,1998,1998,1949,1998,1998,1998,1998,1998,1998,1998,1998,1998,1998,1998,1998,1998,1998,1998,1998,1998,1998,1998,1998,1998,1998,1998,1998,1998,1998,1998,1998,1998,1998,1998,1949,1997,1997,1998,1998,1998,1998,1998,1998,1997,1998,1998,1998,1998,1998,1998,1998,1998,1998,1998,1998,1998,1997,1998,1998,1998,1998,1998,1998,1998,1998,1998
最后观测日期,2020,2019,2019,2019,2019,2019,2019,2019,2019,2019,2019,2019,2019,2019,2019,2019,2019,2019,2019,2019,2019,2019,2019,2019,2019,2019,2019,2019,2019,2019,2019,2019,2020,2019,2019,2019,2019,2019,2019,2019,2019,2019,2019,2019,2019,2019,2019,2019,2019,2019,2019,2019,2019,2019,2019,2019,2019,2019,2019,2019,2019,2019,2019,2019,2020,2019,2019,2019,2019,2019,2019,2019,2019,2019,2019,2019,2019,2019,2019,2019,2019,2019,2019,2019,2019,2019,2019,2019,2019,2019,2019,2019,2019,2019,2019,2019,2020,2019,2019,2019,2019,2019,2019,2019,2019,2019,2019,2019,2019,2019,2019,2019,2019,2019,2019,2019,2019,2019,2019,2019,2019,2019,2019,2019,2019,2019,2019,2019
最后更新时间,09/04/2021,07/07/2020,07/07/2020,07/07/2020,07/07/2020,07/07/2020,07/07/2020,07/07/2020,07/07/2020,07/07/2020,07/07/2020,07/07/2020,07/07/2020,07/07/2020,07/07/2020,07/07/2020,07/07/2020,07/07/2020,07/07/2020,07/07/2020,07/07/2020,07/07/2020,07/07/2020,07/07/2020,07/07/2020,07/07/2020,07/07/2020,07/07/2020,07/07/2020,07/07/2020,07/07/2020,07/07/2020,09/04/2021,07/07/2020,07/07/2020,07/07/2020,07/07/2020,07/07/2020,07/07/2020,07/07/2020,07/07/2020,07/07/2020,07/07/2020,07/07/2020,07/07/2020,07/07/2020,07/07/2020,07/07/2020,07/07/2020,07/07/2020,07/07/2020,07/07/2020,07/07/2020,07/07/2020,07/07/2020,07/07/2020,07/07/2020,07/07/2020,07/07/2020,07/07/2020,07/07/2020,07/07/2020,07/07/2020,07/07/2020,09/04/2021,07/07/2020,07/07/2020,07/07/2020,07/07/2020,07/07/2020,07/07/2020,07/07/2020,07/07/2020,07/07/2020,07/07/2020,07/07/2020,07/07/2020,07/07/2020,07/07/2020,07/07/2020,07/07/2020,07/07/2020,07/07/2020,07/07/2020,07/07/2020,07/07/2020,07/07/2020,07/07/2020,07/07/2020,07/07/2020,07/07/2020,07/07/2020,07/07/2020,07/07/2020,07/07/2020,07/07/2020,09/04/2021,07/07/2020,07/07/2020,07/07/2020,07/07/2020,07/07/2020,07/07/2020,07/07/2020,07/07/2020,07/07/2020,07/07/2020,07/07/2020,07/07/2020,07/07/2020,07/07/2020,07/07/2020,07/07/2020,07/07/2020,07/07/2020,07/07/2020,07/07/2020,07/07/2020,07/07/2020,07/07/2020,07/07/2020,07/07/2020,07/07/2020,07/07/2020,07/07/2020,07/07/2020,07/07/2020,07/07/2020
数列备注,,,,,,,,,,,,,,,,,,,,,,,,,,,,,,,,,,,,,,,,,,,,,,,,,,,,,,,,,,,,,,,,,,,,,,,,,,,,,,,,,,,,,,,,,,,,,,,,,,,,,,,,,,,,,,,,,,,,,,,,,,,,,,,,
您可以,,,,,,,,,,,,,,,,,,,,,,,,,,,,,,,,,,,,,,,,,,,,,,,,,,,,,,,,,,,,,,,,,,,,,,,,,,,,,,,,,,,,,,,,,,,,,,,,,,,,,,,,,,,,,,,,,,,,,,,,,,,,,,,,
平均,1086.6944444444443,80.22727272727273,45.77272727272727,95.9090909090909,61.09090909090909,38.40909090909091,93.31818181818181,50.31818181818182,66.81818181818181,58.90909090909091,128.36363636363637,81.22727272727273,91.77272727272727,66.95454545454545,73.31818181818181,111.5909090909091,98.22727272727273,100.31818181818181,98.68181818181819,111.04545454545455,57.72727272727273,14.272727272727273,46.59090909090909,83.27272727272727,44.54545454545455,53.54545454545455,5.363636363636363,76.0909090909091,36.13636363636363,10,13.818181818181818,34.27272727272727,16080.714285714286,307.95454545454544,207.3181818181818,682.0909090909091,512,323.59090909090907,437.1818181818182,268.90909090909093,426.54545454545456,291.1818181818182,718.6818181818181,593.0909090909091,713.0454545454545,553.5909090909091,508.22727272727275,673.8181818181819,828.4545454545455,590.1818181818181,677.3181818181819,999.6363636363636,476.8181818181818,105.63636363636364,270.45454545454544,767.2727272727273,423.3181818181818,452.09090909090907,25.772727272727273,558.0909090909091,433.77272727272725,129,83.5,425.40909090909093,58489.40909090909,384.6818181818182,386.77272727272725,3230.2727272727275,2365.2272727272725,1010.2272727272727,1716.7727272727273,1284.4545454545455,1869.1818181818182,520.7727272727273,2326.590909090909,1917.5454545454545,3034,1339.6363636363637,2171.2727272727275,3335.1363636363635,4939.363636363636,2350.5,3541.2272727272725,3302.090909090909,2130.9545454545455,419.3636363636364,1070.6363636363637,3975.318181818182,2043.8636363636363,1767.8181818181818,90.86363636363636,1894.6818181818182,1516.2727272727273,306.90909090909093,286,1221.409090909091,645301.1944444445,1446.1304347826087,1274.8695652173913,20088.545454545456,19016.272727272728,4888.590909090909,7668.409090909091,6516.045454545455,7575.5,824.4782608695652,8036.909090909091,6168.954545454545,16152.227272727272,8843.181818181818,13559.863636363636,15657.727272727272,30312.409090909092,11650.045454545454,17147.045454545456,17449.590909090908,13688,2603.090909090909,8268.608695652174,17636.090909090908,12530.727272727272,16332.363636363636,854.4090909090909,16087,12972.272727272728,2130.7727272727275,2258.318181818182,4619.590909090909
方差,632474.9757433488,137.23160173160173,160.85064935064935,671.7056277056278,438.8484848484849,168.8246753246753,515.9415584415583,93.37012987012986,289.96536796536793,98.0865800865801,1337.3852813852814,756.469696969697,909.3268398268398,604.1406926406927,627.7510822510822,1233.2056277056276,940.5649350649348,816.1320346320347,830.9891774891776,1355.6645021645022,308.3030303030303,22.969696969696976,265.20562770562765,690.1125541125542,259.68831168831167,360.35497835497836,1.7662337662337664,423.32467532467535,109.45670995670996,4,19.584415584415584,125.16017316017314,74231277.08333334,353.18831168831167,306.13203463203456,7940.943722943723,2581.714285714286,1578.348484848485,485.7748917748917,542.4675324675326,1872.1645021645018,1595.6796536796537,17062.036796536802,431.8961038961039,2248.807359307359,3097.2056277056276,4417.517316017316,11138.82251082251,6355.497835497835,2357.5844155844156,6511.751082251081,1227.5757575757577,1327.965367965368,63.480519480519476,147.59307359307363,662.3982683982683,3421.9415584415588,1280.6580086580084,64.3744588744589,3535.800865800867,1537.2316017316018,528.2857142857143,361.4047619047619,4372.06277056277,460487861.82875264,3260.417748917749,4746.945887445887,694314.7792207792,192017.70779220777,84865.61255411255,28340.850649350643,11623.116883116883,107870.91774891774,910.8506493506495,84028.25324675324,65251.593073593074,24765.619047619046,7902.051948051947,5485.350649350649,157723.6471861472,169352.81385281385,88681.11904761905,68407.80303030304,35624.18181818182,101701.37878787878,742.9090909090909,27190.43290043291,67107.37012987012,40503.83766233766,6559.965367965369,57.551948051948045,33159.94155844157,14132.77922077922,1660.9437229437226,1597.142857142857,31392.25324675325,93487922079.45462,294396.66403162054,480755.3003952569,104262456.64069264,151502282.87445885,11397301.681818182,14542575.205627706,3949308.4264069265,21336290.92857143,58224.98814229249,38066736.27705627,14997768.902597405,39451086.469696976,13107385.584415587,22281115.742424242,46442208.68398268,52329654.72943722,49554769.75974026,105824995.28354979,31415091.491341993,7389299.714285715,918755.7056277056,20386585.24901185,177877907.5151515,13391449.064935068,17990754.813852813,1122.3484848484848,113210487.52380952,27111516.017316017,1040256.4696969698,489355.37012987013,1630488.8246753248
标准差,795.2829532583663,11.714589268583074,12.682690934917927,25.917284342801576,20.948710815906665,12.993254993444687,22.714346973698326,9.662822044833996,17.02836950401793,9.903866925932522,36.57027866157546,27.50399420029202,30.155046672602577,24.579273639403844,25.054961230284956,35.11702760350921,30.668631124732887,28.56802468901262,28.826882895817537,36.819349561942325,17.5585600293142,4.7926711727070295,16.285135176154593,26.269993416682734,16.1148475539892,18.983018157157684,1.3289972784899773,20.574855414429415,10.46215608546871,2,4.4254282938960365,11.187500755761903,8615.757487495417,18.793304969810702,17.49662923628533,89.1119729494512,50.8105725780992,39.72843421088333,22.04030153548022,23.290932408719332,43.26851629261745,39.94595916584873,130.62173171619185,20.782110188720104,47.42159169942906,55.6525437667105,66.46440638429954,105.54062019347106,79.72137627699257,48.55496283166547,80.69542169324777,35.03677721446078,36.44125914352258,7.967466314991202,12.14878897639899,25.737099067266076,58.497363687960835,35.78628240901824,8.023369546173159,59.462600563722965,39.20754521430285,22.984466804468497,19.010648645029498,66.12157568118572,21458.980913099127,57.10006785388043,68.89808333651878,833.255530567172,438.19825169916845,291.31703100593444,168.34741058106786,107.81056016511965,328.4370833948532,30.180302340278992,289.8762723072609,255.44391375327984,157.37095998823622,88.89348653333352,74.06315311509934,397.1443656734251,411.52498569687583,297.7937525328882,261.5488540030391,188.74369345273982,318.9065361322637,27.25635872432506,164.89521794288913,259.0509025845502,201.25565249785572,80.9936131306992,7.586300023855374,182.09871377481383,118.88136616299133,40.754677313698885,39.964269756156654,177.17859138946005,305757.94687866187,542.5833245056657,693.3651998732391,10210.89891442926,12308.626360177599,3375.9889931423327,3813.472853663404,1987.2866995999661,4619.122311497221,241.29854566965895,6169.824655292586,3872.6953020599753,6281.009988027163,3620.4123500529035,4720.287675812168,6814.852066184759,7233.923881921707,7039.514880994305,10287.127649813128,5604.916724746407,2718.3266386300443,958.5174519160856,4515.150634144098,13337.087669920727,3659.4328884316305,4241.550991542223,33.501469890864264,10640.041706864195,5206.8719993212835,1019.9296395815595,699.5393985544132,1276.9059576473612
偏度,0.8347517574113031,-0.7553464456565603,-1.034659285242132,-0.7634219607905373,-0.7906813998350554,-0.3990111216025152,-0.25409010382857,-0.28351743821254993,-0.8058904409945622,-1.173011893328284,-0.5592229387969986,-0.6625521078182,-0.7658607890442864,-0.6208281771104484,-0.5797879232363191,-0.7315446617529088,-0.11288395746610724,-0.48924422857330535,-0.7212523853053483,-0.6251618020674395,-0.661451877185639,-0.9702431842699999,-0.19335418383377356,-0.21496964720803985,0.26008240063121196,-0.31533421087301516,-0.4802382250495025,-0.7197218392869618,-0.5267304159178818,-0.7071428571428572,-0.8385946708645414,-0.14690170377183537,1.8502290183272814,0.08112862748723342,-0.252935830868315,0.22266220980848878,-0.9527205765041897,0.23126097767679943,0.3353512884092523,-0.05401669165146389,-0.21415681946553478,0.1648094103439287,-0.005820474771870902,-0.14338463181292052,0.061953756625632114,-0.6656028975371502,0.8021301713937097,0.39639769735024705,-0.43607108762283153,0.4330439874984523,0.11425367124182792,-2.0041004546419865,0.1639828256377354,0.2946772952748695,0.5717371707256413,-0.08260668514828999,-1.259889058004235,1.1956293012019081,0.3126613506319041,-0.10795205058003289,0.07696448541579667,0.2533726123174257,-0.038241957313913034,0.026927151683743263,-0.9918636735958298,0.8709624139529799,0.858452327961762,0.2310398856190411,-0.0107989139836497,0.2727371457538117,0.24022947372701994,0.5608851905134695,-0.021608279071544462,0.36380226087431966,1.2214053394269144,1.1946626346105214,-0.002385574984455758,0.10047174824819434,0.8846216997408203,0.4416614492867997,0.3976812491564753,0.1585136311626967,0.5382675254528659,0.13645604461763017,0.29388982741338165,0.44833479964356254,0.22090279598686982,0.045676860976806705,-1.521411977659789,0.22195925598505514,-1.0164733208842172,-0.326140373438646,-1.3712479809289826,0.25637392167014283,0.2127616069530495,-0.14498666229462862,0.30720054828124727,1.140485180799605,1.816558628457706,1.2518514942436676,0.43685149786542077,0.7961106640613465,0.47552506162433167,0.27246064765788774,0.12741883663224626,2.0297206018418468,1.5834206771118848,1.572636224959967,0.13282556102515858,0.3863528636951054,0.6639643980883843,1.5413090322979226,0.04628263272790396,0.9860119279320597,1.0306346169683596,-0.16813037106905754,-1.1638481246852637,0.24897230256814065,0.4668964508671816,1.144741530601824,-0.0019858270185444753,0.21457987230496148,-0.17727524099082503,0.5601474478565497,0.3785037641399794,-0.12832434663135148,0.3347214408582014,0.6530706953715328
峰度,-0.5407355606701794,-0.89885471474153,-0.19531714137328438,-0.7023517153326564,-0.7983063063775204,-1.3524500759403977,-1.9359506664088733,-1.582789243717086,-0.9573607813904927,0.08867814187421841,-1.2484126654474998,-1.0890244106991678,-0.8311521780821876,-1.4389667183141688,-1.077940803909815,-0.9079271139844978,-1.4870853463438038,-1.4767911534123743,-1.1379292125668528,-1.030117479713161,-1.1482375315229936,-0.2269369443547462,-1.6177036843487234,-1.1940541580450046,-0.8344926925394138,-1.2730046964501454,-1.174772354762338,-1.1305484353906876,-0.7965774184090182,-0.5806390977443607,-0.14983051905033573,-0.9374418946193117,5.627967614445328,-1.127923874141683,-1.3685611974269958,-1.360361064538778,1.2795544152640321,-1.6020771292120843,-1.536569505206791,-1.9469844599679047,-1.7111903261892065,-1.8910606108607073,-1.9159005888142664,-1.5171721611730338,-1.3599722930813396,0.37048809071342825,-0.640989339990611,-1.2423937404288448,0.05123611038887699,-0.7910883119806571,-1.5581168290361815,3.387757991586115,-1.1085603521504424,0.4441870075054637,-1.0693911387959156,-1.2770366505997544,0.18619191635093424,1.3251266721742292,-0.11515995128462952,-1.3669299945323936,-1.0591483837299593,-1.2829489005679258,-1.9924834052188474,-1.849807294899196,2.2419266400929367,-0.8803289918583403,-0.6550863726366534,-1.8516942564909107,-1.7209375477508517,-1.7518666106841292,-1.451568600030814,-1.3886963507098953,-1.6289530506013439,-0.5395369905151668,0.050564831025871726,0.09924551030789797,-1.306302126079923,-1.6650762209240806,-0.35883535900885244,-1.5583395534641786,-1.7139871312054018,-1.79165244032774,-1.5828961083368536,0.07994319348292356,-1.600477475873197,-1.322482430377542,-1.4789388018301604,-1.128808917279534,1.2810601104715706,-1.0176996477846294,0.4137345308804936,-1.4833114103608178,1.1599347340683126,-1.7619320612262335,-1.6260066538782403,-0.8986367220048952,0.3266053321780138,0.06943706627669544,1.8462695484134324,0.5439441437950503,-1.3720203035250824,-0.8408069963919802,-1.3238410934340337,-1.211326264613438,-1.3112049535877275,3.414067702599505,1.1335931823823593,1.8047581647507664,-1.3913027528723956,-1.487053421544963,-0.2518875318040634,1.8630055671057475,-0.8812856056106764,-0.339882321337885,-0.1881475585130663,-1.673068363386794,0.22091440758745806,-1.085473200606303,-1.1194839697624746,0.2140839151013938,-0.7093618726967761,-1.4730002036831622,-1.6522210895396054,-1.1623914832803441,-0.5754100611775126,-1.6950395491192918,-0.7523681874887784,-1.221885299866821
变异系数,0.7318367709746988,0.14601754329112046,0.2770796430667273,0.27022760926143824,0.3429104449032341,0.33828592882341196,0.2434075174970108,0.19203440378170544,0.25484634631863573,0.1681211978167558,0.2848959385816785,0.3386054126504893,0.32858396572424803,0.36710388327690746,0.341729167431041,0.314694341049777,0.3122211405572066,0.2847741473304385,0.29211949502901235,0.33157007382837944,0.30416403200386805,0.3357922477692823,0.34953460865892777,0.31546935325710707,0.3617618838650637,0.35452156150888714,0.24777915361677544,0.270398338779837,0.28951878475510895,0.2,0.3202612581108974,0.3264257514943792,0.535782014058259,0.06102623016027091,0.0843950544175131,0.13064530220497977,0.0992393995666,0.12277364133156808,0.05041449716994852,0.08661266277752286,0.1014394030730588,0.1371856231109385,0.1817518245371084,0.03504034519863904,0.06650570646952504,0.1005300897337738,0.1307769377027627,0.1566307099471373,0.09622902875528566,0.08227119395383858,0.11913960655334882,0.035049522495368184,0.07642590096830283,0.07542351933296318,0.0449198920135761,0.03354361252842735,0.13818769474231057,0.07915727056086883,0.311312398616948,0.10654644179849367,0.09038729903747907,0.1781741612749496,0.22767243886262872,0.1554305657640865,0.36688660813354773,0.14843453772720896,0.17813583657344145,0.2579520681124276,0.1852668691723207,0.2883678147190352,0.09806039431235916,0.08393489714886519,0.17571168315468044,0.057952924106322586,0.12459271252827468,0.13321400707751757,0.05186913644964938,0.0663564299583787,0.03411047916036228,0.11907889884310788,0.08331538554222359,0.12669378963322195,0.07385825135182796,0.05715884227569689,0.1496543118728227,0.0649945688201985,0.1540160819709417,0.06516482221960626,0.09846823874019407,0.045815578753352425,0.08349104578530177,0.09611044557843496,0.07840368294219704,0.13279071399605677,0.13973520893761068,0.14506080944394034,0.4738220686882446,0.3751966706842943,0.5438714820641327,0.5082945869591982,0.6472680812220806,0.6905852946018217,0.497296480724311,0.30498355382307485,0.6097448764434322,0.29266817225133973,0.7676862566818818,0.6277717356360623,0.38886339833965367,0.4094015507641423,0.34810731157750885,0.43523890456662323,0.23864562728177263,0.6042478467968315,0.5999358709978894,0.3212061964058052,0.19859195197472562,0.3682228110315339,0.5460592948990644,0.7562383148663536,0.2920367516414047,0.2597022137137889,0.03921010467622567,0.6614062104099083,0.40138471559994476,0.47866655440395733,0.30976122150830443,0.27641104651377973
最小,181,58,20,46,23,18,61,34,35,37,66,32,34,28,31,47,51,54,47,43,28,5,22,42,20,24,3,39,17,6,5,16,1181,275,180,563,379,272,412,239,366,243,564,561,635,427,435,544,643,531,575,900,415,91,255,726,304,407,15,471,376,101,61,336,2448,335,316,2367,1762,683,1517,1172,1418,477,2066,1712,2800,1238,2082,2891,4515,2011,3296,2979,1743,387,860,3538,1567,1668,73,1601,1245,260,235,870,158000,941,838,11545,5312,1655,2976,3740,1431,615,4020,3269,7792,5141,7330,9646,18117,5378,7245,10126,8036,1376,2860,5721,6943,10789,805,4640,5444,724,1188,3368
最大,2738,93,57,122,83,53,116,62,82,68,167,108,120,90,103,146,141,129,125,154,78,20,65,126,72,81,7,98,49,12,19,54,49215,338,232,816,589,381,476,297,481,344,895,622,786,636,642,862,955,689,800,1031,537,124,293,809,485,547,45,641,497,171,107,517,113130,502,533,4346,2916,1432,1992,1471,2313,584,2975,2525,3301,1475,2336,3966,5565,2782,3963,3712,2622,466,1325,4392,2216,1943,101,2130,1660,367,345,1467,1681939,2696,3030,45343,39249,11614,14084,9879,15193,1533,23213,16922,26453,14824,23389,34480,41404,26369,39332,24724,16182,4249,16261,46092,19102,23249,899,34634,22634,3465,3580,6837
中位数,1018,85.5,55,107,70,40,105.5,55,78,64,147,98.5,105,82.5,83.5,125.5,96.5,119,115,125,68,16.5,48.5,91,46,60,6,88.5,39,11,15,37,14607,305.5,211.5,669,511.5,315,430.5,270,437.5,278,723.5,597.5,713.5,544,478,654.5,822,584,685.5,1012,466,105.5,267.5,771.5,446.5,445,27,562.5,435.5,132,87.5,428.5,62882,348,359,3029.5,2371.5,928.5,1696.5,1231,1863.5,520.5,2216.5,1777,3077.5,1341.5,2143.5,3181,4756.5,2315.5,3377.5,3312.5,2047,408,1047,3936,2138,1801.5,93,1945.5,1557,295,278.5,1212,668501.5,1202,993,15326,15944.5,3372,6512,6317,7672,757,5123,4282,15545,8207.5,12955.5,13180.5,29817,8923,13596,18888.5,14440,2630.5,7575,13215,12984.5,16199.5,858.5,12884,13030.5,2301.5,2166.5,3905
观测次数,72,22,22,22,22,22,22,22,22,22,22,22,22,22,22,22,22,22,22,22,22,22,22,22,22,22,22,22,22,22,22,22,49,22,22,22,22,22,22,22,22,22,22,22,22,22,22,22,22,22,22,22,22,22,22,22,22,22,22,22,22,22,22,22,44,22,22,22,22,22,22,22,22,22,22,22,22,22,22,22,22,22,22,22,22,22,22,22,22,22,22,22,22,22,22,22,72,23,23,22,22,22,22,22,22,23,22,22,22,22,22,22,22,22,22,22,22,22,23,22,22,22,22,22,22,22,22,22
1949,205,,,,,,,,,,,,,,,,,,,,,,,,,,,,,,,,1597,,,,,,,,,,,,,,,,,,,,,,,,,,,,,,,,2448,,,,,,,,,,,,,,,,,,,,,,,,,,,,,,,,346769,,,,,,,,,,,,,,,,,,,,,,,,,,,,,,,
1950,193,,,,,,,,,,,,,,,,,,,,,,,,,,,,,,,,,,,,,,,,,,,,,,,,,,,,,,,,,,,,,,,,,,,,,,,,,,,,,,,,,,,,,,,,,,,,,,,,384000,,,,,,,,,,,,,,,,,,,,,,,,,,,,,,,
1951,206,,,,,,,,,,,,,,,,,,,,,,,,,,,,,,,,,,,,,,,,,,,,,,,,,,,,,,,,,,,,,,,,,,,,,,,,,,,,,,,,,,,,,,,,,,,,,,,,501000,,,,,,,,,,,,,,,,,,,,,,,,,,,,,,,
1952,201,,,,,,,,,,,,,,,,,,,,,,,,,,,,,,,,1181,,,,,,,,,,,,,,,,,,,,,,,,,,,,,,,,3117,,,,,,,,,,,,,,,,,,,,,,,,,,,,,,,,526964,,,,,,,,,,,,,,,,,,,,,,,,,,,,,,,
1953,181,,,,,,,,,,,,,,,,,,,,,,,,,,,,,,,,,,,,,,,,,,,,,,,,,,,,,,,,,,,,,,,,,,,,,,,,,,,,,,,,,,,,,,,,,,,,,,,,512000,,,,,,,,,,,,,,,,,,,,,,,,,,,,,,,
1954,188,,,,,,,,,,,,,,,,,,,,,,,,,,,,,,,,,,,,,,,,,,,,,,,,,,,,,,,,,,,,,,,,,,,,,,,,,,,,,,,,,,,,,,,,,,,,,,,,506000,,,,,,,,,,,,,,,,,,,,,,,,,,,,,,,
1955,194,,,,,,,,,,,,,,,,,,,,,,,,,,,,,,,,,,,,,,,,,,,,,,,,,,,,,,,,,,,,,,,,,,,,,,,,,,,,,,,,,,,,,,,,,,,,,,,,504000,,,,,,,,,,,,,,,,,,,,,,,,,,,,,,,
1956,227,,,,,,,,,,,,,,,,,,,,,,,,,,,,,,,,,,,,,,,,,,,,,,,,,,,,,,,,,,,,,,,,,,,,,,,,,,,,,,,,,,,,,,,,,,,,,,,,529000,,,,,,,,,,,,,,,,,,,,,,,,,,,,,,,
1957,229,,,,,,,,,,,,,,,,,,,,,,,,,,,,,,,,2184,,,,,,,,,,,,,,,,,,,,,,,,,,,,,,,,8912,,,,,,,,,,,,,,,,,,,,,,,,,,,,,,,,547000,,,,,,,,,,,,,,,,,,,,,,,,,,,,,,,
1958,791,,,,,,,,,,,,,,,,,,,,,,,,,,,,,,,,,,,,,,,,,,,,,,,,,,,,,,,,,,,,,,,,,,,,,,,,,,,,,,,,,,,,,,,,,,,,,,,,777000,,,,,,,,,,,,,,,,,,,,,,,,,,,,,,,
1959,841,,,,,,,,,,,,,,,,,,,,,,,,,,,,,,,,,,,,,,,,,,,,,,,,,,,,,,,,,,,,,,,,,,,,,,,,,,,,,,,,,,,,,,,,,,,,,,,,737000,,,,,,,,,,,,,,,,,,,,,,,,,,,,,,,
1960,1289,,,,,,,,,,,,,,,,,,,,,,,,,,,,,,,,,,,,,,,,,,,,,,,,,,,,,,,,,,,,,,,,,,,,,,,,,,,,,,,,,,,,,,,,,,,,,,,,726000,,,,,,,,,,,,,,,,,,,,,,,,,,,,,,,
1961,845,,,,,,,,,,,,,,,,,,,,,,,,,,,,,,,,,,,,,,,,,,,,,,,,,,,,,,,,,,,,,,,,,,,,,,,,,,,,,,,,,,,,,,,,,,,,,,,,646000,,,,,,,,,,,,,,,,,,,,,,,,,,,,,,,
1962,610,,,,,,,,,,,,,,,,,,,,,,,,,,,,,,,,4434,,,,,,,,,,,,,,,,,,,,,,,,,,,,,,,,15087,,,,,,,,,,,,,,,,,,,,,,,,,,,,,,,,668318,,,,,,,,,,,,,,,,,,,,,,,,,,,,,,,
1963,407,,,,,,,,,,,,,,,,,,,,,,,,,,,,,,,,,,,,,,,,,,,,,,,,,,,,,,,,,,,,,,,,,,,,,,,,,,,,,,,,,,,,,,,,,,,,,,,,708000,,,,,,,,,,,,,,,,,,,,,,,,,,,,,,,
1964,419,,,,,,,,,,,,,,,,,,,,,,,,,,,,,,,,,,,,,,,,,,,,,,,,,,,,,,,,,,,,,,,,,,,,,,,,,,,,,,,,,,,,,,,,,,,,,,,,1066000,,,,,,,,,,,,,,,,,,,,,,,,,,,,,,,
1965,434,,,,,,,,,,,,,,,,,,,,,,,,,,,,,,,,4112,,,,,,,,,,,,,,,,,,,,,,,,,,,,,,,,13990,,,,,,,,,,,,,,,,,,,,,,,,,,,,,,,,1681939,,,,,,,,,,,,,,,,,,,,,,,,,,,,,,,
1966,434,,,,,,,,,,,,,,,,,,,,,,,,,,,,,,,,,,,,,,,,,,,,,,,,,,,,,,,,,,,,,,,,,,,,,,,,,,,,,,,,,,,,,,,,,,,,,,,,1007000,,,,,,,,,,,,,,,,,,,,,,,,,,,,,,,
1967,434,,,,,,,,,,,,,,,,,,,,,,,,,,,,,,,,,,,,,,,,,,,,,,,,,,,,,,,,,,,,,,,,,,,,,,,,,,,,,,,,,,,,,,,,,,,,,,,,964000,,,,,,,,,,,,,,,,,,,,,,,,,,,,,,,
1968,434,,,,,,,,,,,,,,,,,,,,,,,,,,,,,,,,,,,,,,,,,,,,,,,,,,,,,,,,,,,,,,,,,,,,,,,,,,,,,,,,,,,,,,,,,,,,,,,,941000,,,,,,,,,,,,,,,,,,,,,,,,,,,,,,,
1969,434,,,,,,,,,,,,,,,,,,,,,,,,,,,,,,,,,,,,,,,,,,,,,,,,,,,,,,,,,,,,,,,,,,,,,,,,,,,,,,,,,,,,,,,,,,,,,,,,916000,,,,,,,,,,,,,,,,,,,,,,,,,,,,,,,
1970,434,,,,,,,,,,,,,,,,,,,,,,,,,,,,,,,,,,,,,,,,,,,,,,,,,,,,,,,,,,,,,,,,,,,,,,,,,,,,,,,,,,,,,,,,,,,,,,,,961131,,,,,,,,,,,,,,,,,,,,,,,,,,,,,,,
1971,328,,,,,,,,,,,,,,,,,,,,,,,,,,,,,,,,,,,,,,,,,,,,,,,,,,,,,,,,,,,,,,,,,,,,,,,,,,,,,,,,,,,,,,,,,,,,,,,,969000,,,,,,,,,,,,,,,,,,,,,,,,,,,,,,,
1972,331,,,,,,,,,,,,,,,,,,,,,,,,,,,,,,,,,,,,,,,,,,,,,,,,,,,,,,,,,,,,,,,,,,,,,,,,,,,,,,,,,,,,,,,,,,,,,,,,1009000,,,,,,,,,,,,,,,,,,,,,,,,,,,,,,,
1973,345,,,,,,,,,,,,,,,,,,,,,,,,,,,,,,,,,,,,,,,,,,,,,,,,,,,,,,,,,,,,,,,,,,,,,,,,,,,,,,,,,,,,,,,,,,,,,,,,1032000,,,,,,,,,,,,,,,,,,,,,,,,,,,,,,,
1974,378,,,,,,,,,,,,,,,,,,,,,,,,,,,,,,,,,,,,,,,,,,,,,,,,,,,,,,,,,,,,,,,,,,,,,,,,,,,,,,,,,,,,,,,,,,,,,,,,1053000,,,,,,,,,,,,,,,,,,,,,,,,,,,,,,,
1975,387,,,,,,,,,,,,,,,,,,,,,,,,,,,,,,,,39120,,,,,,,,,,,,,,,,,,,,,,,,,,,,,,,,84385,,,,,,,,,,,,,,,,,,,,,,,,,,,,,,,,1093317,,,,,,,,,,,,,,,,,,,,,,,,,,,,,,,
1976,392,,,,,,,,,,,,,,,,,,,,,,,,,,,,,,,,,,,,,,,,,,,,,,,,,,,,,,,,,,,,,,,,,,,,,,,,,,,,,,,,,,,,,,,,,,,,,,,,1044274,,,,,,,,,,,,,,,,,,,,,,,,,,,,,,,
1977,404,,,,,,,,,,,,,,,,,,,,,,,,,,,,,,,,,,,,,,,,,,,,,,,,,,,,,,,,,,,,,,,,,,,,,,,,,,,,,,,,,,,,,,,,,,,,,,,,982291,,,,,,,,,,,,,,,,,,,,,,,,,,,,,,,
1978,598,,,,,,,,,,,,,,,,,,,,,,,,,,,,,,,,49215,,,,,,,,,,,,,,,,,,,,,,,,,,,,,,,,113130,,,,,,,,,,,,,,,,,,,,,,,,,,,,,,,,949323,,,,,,,,,,,,,,,,,,,,,,,,,,,,,,,
1979,633,,,,,,,,,,,,,,,,,,,,,,,,,,,,,,,,40289,,,,,,,,,,,,,,,,,,,,,,,,,,,,,,,,,,,,,,,,,,,,,,,,,,,,,,,,,,,,,,,,923532,,,,,,,,,,,,,,,,,,,,,,,,,,,,,,,
1980,675,,,,,,,,,,,,,,,,,,,,,,,,,,,,,,,,31300,,,,,,,,,,,,,,,,,,,,,,,,,,,,,,,,87077,,,,,,,,,,,,,,,,,,,,,,,,,,,,,,,,917316,,,,,,,,,,,,,,,,,,,,,,,,,,,,,,,
1981,704,,,,,,,,,,,,,,,,,,,,,,,,,,,,,,,,24447,,,,,,,,,,,,,,,,,,,,,,,,,,,,,,,,,,,,,,,,,,,,,,,,,,,,,,,,,,,,,,,,894074,,,,,,,,,,,,,,,,,,,,,,,,,,,,,,,
1982,715,,,,,,,,,,,,,,,,,,,,,,,,,,,,,,,,20874,,,,,,,,,,,,,,,,,,,,,,,,,,,,,,,,,,,,,,,,,,,,,,,,,,,,,,,,,,,,,,,,880516,,,,,,,,,,,,,,,,,,,,,,,,,,,,,,,
1983,805,,,,,,,,,,,,,,,,,,,,,,,,,,,,,,,,18876,,,,,,,,,,,,,,,,,,,,,,,,,,,,,,,,,,,,,,,,,,,,,,,,,,,,,,,,,,,,,,,,862165,,,,,,,,,,,,,,,,,,,,,,,,,,,,,,,
1984,902,,,,,,,,,,,,,,,,,,,,,,,,,,,,,,,,17847,,,,,,,,,,,,,,,,,,,,,,,,,,,,,,,,,,,,,,,,,,,,,,,,,,,,,,,,,,,,,,,,853740,,,,,,,,,,,,,,,,,,,,,,,,,,,,,,,
1985,1016,,,,,,,,,,,,,,,,,,,,,,,,,,,,,,,,17318,,,,,,,,,,,,,,,,,,,,,,,,,,,,,,,,75903,,,,,,,,,,,,,,,,,,,,,,,,,,,,,,,,832309,,,,,,,,,,,,,,,,,,,,,,,,,,,,,,,
1986,1054,,,,,,,,,,,,,,,,,,,,,,,,,,,,,,,,17111,,,,,,,,,,,,,,,,,,,,,,,,,,,,,,,,75856,,,,,,,,,,,,,,,,,,,,,,,,,,,,,,,,820846,,,,,,,,,,,,,,,,,,,,,,,,,,,,,,,
1987,1063,,,,,,,,,,,,,,,,,,,,,,,,,,,,,,,,16930,,,,,,,,,,,,,,,,,,,,,,,,,,,,,,,,75927,,,,,,,,,,,,,,,,,,,,,,,,,,,,,,,,807406,,,,,,,,,,,,,,,,,,,,,,,,,,,,,,,
1988,1075,,,,,,,,,,,,,,,,,,,,,,,,,,,,,,,,16524,,,,,,,,,,,,,,,,,,,,,,,,,,,,,,,,74968,,,,,,,,,,,,,,,,,,,,,,,,,,,,,,,,793261,,,,,,,,,,,,,,,,,,,,,,,,,,,,,,,
1989,1075,,,,,,,,,,,,,,,,,,,,,,,,,,,,,,,,16050,,,,,,,,,,,,,,,,,,,,,,,,,,,,,,,,73525,,,,,,,,,,,,,,,,,,,,,,,,,,,,,,,,777244,,,,,,,,,,,,,,,,,,,,,,,,,,,,,,,
1990,1075,,,,,,,,,,,,,,,,,,,,,,,,,,,,,,,,15678,,,,,,,,,,,,,,,,,,,,,,,,,,,,,,,,71953,,,,,,,,,,,,,,,,,,,,,,,,,,,,,,,,766072,,,,,,,,,,,,,,,,,,,,,,,,,,,,,,,
1991,1075,,,,,,,,,,,,,,,,,,,,,,,,,,,,,,,,15243,,,,,,,,,,,,,,,,,,,,,,,,,,,,,,,,70608,,,,,,,,,,,,,,,,,,,,,,,,,,,,,,,,729158,,,,,,,,,,,,,,,,,,,,,,,,,,,,,,,
1992,1053,,,,,,,,,,,,,,,,,,,,,,,,,,,,,,,,14850,,,,,,,,,,,,,,,,,,,,,,,,,,,,,,,,69171,,,,,,,,,,,,,,,,,,,,,,,,,,,,,,,,712973,,,,,,,,,,,,,,,,,,,,,,,,,,,,,,,
1993,1065,,,,,,,,,,,,,,,,,,,,,,,,,,,,,,,,14380,,,,,,,,,,,,,,,,,,,,,,,,,,,,,,,,68415,,,,,,,,,,,,,,,,,,,,,,,,,,,,,,,,696681,,,,,,,,,,,,,,,,,,,,,,,,,,,,,,,
1994,1080,,,,,,,,,,,,,,,,,,,,,,,,,,,,,,,,14242,,,,,,,,,,,,,,,,,,,,,,,,,,,,,,,,68116,,,,,,,,,,,,,,,,,,,,,,,,,,,,,,,,682588,,,,,,,,,,,,,,,,,,,,,,,,,,,,,,,
1995,1054,,,,,,,,,,,,,,,,,,,,,,,,,,,,,,,,13991,,,,,,,,,,,,,,,,,,,,,,,,,,,,,,,,67029,,,,,,,,,,,,,,,,,,,,,,,,,,,,,,,,668685,,,,,,,,,,,,,,,,,,,,,,,,,,,,,,,
1996,1032,,,,,,,,,,,,,,,,,,,,,,,,,,,,,,,,13875,,,,,,,,,,,,,,,,,,,,,,,,,,,,,,,,66092,,,,,,,,,,,,,,,,,,,,,,,,,,,,,,,,645983,,,,,,,,,,,,,,,,,,,,,,,,,,,,,,,
1997,1020,,,,,,,,,,,,,,,,,,,,,,,,,,,,,,,,13880,,,,,,,,,,,,,,,,,,,,,,,,,,,,,,,,64762,,,,,,,,,,,,,,,,,,,,,,,,,,,,,,,,628840,2696,3030,,,,,,,1533,,,,,,,,,,,,,16261,,,,,,,,,
1998,1022,63,20,46,23,19,61,41,38,40,66,32,34,29,31,49,51,54,47,43,28,5,22,43,20,26,4,42,17,6,5,17,13948,282,198,646,379,334,452,285,461,332,895,603,635,427,471,669,643,563,687,900,415,95,279,784,314,419,15,560,421,163,104,517,63940,470,533,4338,2913,1397,1992,1471,2251,523,2975,2525,3206,1475,2294,3966,5426,2782,3845,2979,2622,392,1276,3664,1567,1826,75,2054,1245,286,326,1246,609626,2511,2841,45343,39249,11614,14084,9879,15193,1393,23213,16922,26453,14824,23389,34480,41238,26369,39332,24724,16182,4249,15737,46092,19102,23249,814,34634,22634,3465,3580,6837
1999,1071,64,21,48,23,19,64,40,39,41,72,36,37,30,34,52,56,57,51,50,29,5,23,43,20,24,4,43,18,6,5,17,14127,275,208,677,417,344,465,291,467,333,867,622,653,440,465,694,688,588,687,914,420,97,271,788,304,407,16,565,410,171,95,488,63086,479,504,4272,2867,1366,1964,1431,2232,536,2860,2373,3139,1453,2274,3892,5432,2713,3815,3000,2592,404,1281,3587,1592,1818,81,2021,1257,277,337,1237,582291,2352,2642,39770,38804,10849,13748,9595,14754,1222,21253,13848,25476,14355,22617,29453,41404,25107,37143,24556,16155,4199,15223,45133,18508,22705,820,34336,22560,3448,3460,6796
2000,1041,58,21,51,24,18,64,34,35,37,69,35,42,28,32,47,52,54,52,52,30,5,22,42,23,24,4,39,18,7,6,16,14564,302,215,716,443,377,461,288,463,333,859,620,674,477,506,714,761,583,712,947,464,93,281,783,305,418,15,579,419,165,107,484,62704,458,475,4194,2903,1330,1940,1422,2211,542,2816,2320,3093,1444,2286,3861,5456,2678,3793,3017,2555,410,1287,3538,1648,1818,83,2020,1270,283,326,1227,553622,2169,2323,36465,37451,10147,13356,9435,13995,1034,19110,11841,24281,13935,21082,26017,41269,23372,34521,24202,16109,4167,14730,43326,17985,22151,842,33336,21557,3429,3267,6718
2001,1225,61,33,63,33,20,66,35,41,45,73,39,52,32,33,65,64,60,61,62,30,9,29,49,30,28,3,47,25,8,8,21,14907,289,217,752,469,377,450,292,462,334,865,622,711,523,532,774,819,581,732,1000,501,91,282,762,328,419,15,550,435,146,105,472,65525,502,491,4346,2916,1432,1926,1452,2313,545,2757,2278,3076,1465,2336,3910,5565,2750,3963,3074,2539,436,1325,4392,1894,1943,85,2130,1544,340,343,1457,491273,1960,1307,31529,34740,9312,12739,9025,12635,864,15754,10018,22970,13664,18341,21342,39825,21522,29340,23611,16077,3399,13076,31447,15339,21315,895,29359,17477,3159,3011,6221
2002,1396,62,37,75,39,21,67,40,47,50,93,61,61,33,47,75,65,73,60,71,36,9,29,57,32,31,3,52,25,11,12,22,15406,325,224,791,509,381,453,292,447,343,849,608,726,559,584,810,854,599,754,1012,516,101,289,782,368,411,16,611,438,143,104,507,64661,461,471,4262,2894,1381,1909,1433,2299,528,2702,2173,3093,1439,2251,3838,5545,2696,3958,3144,2502,434,1285,4311,1923,1856,87,2088,1566,349,345,1438,456903,1824,1208,28433,32898,8472,12161,8632,11990,763,13372,8962,22718,12924,17255,19590,37729,17994,27243,23314,16070,3320,12031,25972,14822,20595,899,26989,16648,3120,2912,6043
2003,1552,73,37,83,45,27,70,40,54,56,94,64,73,39,54,85,71,75,73,77,45,11,34,62,34,34,4,57,31,12,12,26,15779,329,222,810,531,381,456,297,481,343,845,614,741,592,629,845,888,626,765,995,519,105,293,785,420,421,17,624,453,148,104,500,63711,434,442,4214,2848,1362,1885,1401,2238,515,2357,2081,3079,1414,2219,3761,5475,2679,3924,3181,2471,437,1271,4215,2068,1854,88,2090,1578,356,342,1432,425846,1652,1136,25700,31126,7763,11339,8163,11400,698,7845,7712,22328,12406,15862,18303,36379,15746,24673,22792,16102,3287,10966,24573,14504,20296,892,24922,15635,2998,2816,5832
2004,1731,77,40,87,56,31,71,42,59,58,112,67,81,53,66,97,82,85,81,94,49,14,35,68,34,43,4,62,31,11,13,28,15998,338,230,814,560,372,464,296,479,344,844,610,758,614,642,862,909,631,773,998,526,104,291,797,452,429,22,624,470,143,104,498,63060,422,414,4103,2758,1348,1853,1367,2218,492,2311,1999,3210,1408,2186,3707,5320,2651,3848,3243,2411,450,1220,4168,2183,1851,88,2095,1584,364,321,1467,394183,1504,1099,22953,28254,6874,10281,7781,10791,658,6723,6747,21295,11614,15257,16943,34164,14085,19615,21944,15759,3192,10409,21935,14257,19752,886,22988,15347,2995,2630,5451
2005,1792,77,42,86,59,33,76,44,62,58,114,68,81,53,67,99,83,85,93,102,51,15,35,68,34,44,4,72,33,11,13,30,16092,335,232,816,581,359,476,293,475,334,849,611,760,627,617,813,945,653,800,981,529,107,277,796,473,443,25,639,497,144,102,503,61885,404,408,3918,2698,1224,1798,1341,2112,487,2292,1913,3188,1403,2184,3591,5262,2578,3760,3301,2358,456,1137,4199,2193,1814,93,2088,1553,367,316,1449,366213,1403,1062,20883,24339,5850,9311,7393,9995,650,6261,6101,20142,10560,14727,15871,33026,12631,17108,21228,15500,3106,9558,19305,14258,18747,890,20711,14963,2898,2527,5209
2006,1867,80,45,88,56,37,78,45,65,60,116,68,83,63,66,108,84,86,96,105,55,15,38,74,36,50,6,76,33,11,13,31,16153,335,231,801,589,359,470,296,475,317,838,611,786,636,587,787,955,689,800,1005,537,111,286,809,482,452,45,641,495,142,100,486,60550,372,376,3663,2618,1125,1767,1295,2041,477,2260,1848,3301,1384,2145,3388,5090,2509,3594,3327,2239,463,1087,4372,2151,1814,73,2047,1660,356,303,1405,341639,1310,1023,19162,21647,4884,8434,7010,9288,626,5940,5471,18204,9867,14244,14611,31410,11422,15859,20512,15152,3050,8754,17372,14076,18127,880,18590,14685,2841,2373,4815
2007,1908,79,46,88,59,37,79,44,68,60,118,73,89,72,66,110,82,86,99,109,56,14,38,76,37,51,6,76,34,11,13,32,15681,328,221,761,569,342,445,291,463,309,781,603,779,616,549,750,920,668,773,1019,522,110,262,806,485,465,23,636,493,141,97,454,59109,361,373,3403,2509,1040,1736,1263,1951,477,2255,1801,3264,1368,2099,3289,4944,2440,3484,3297,2142,466,1099,4287,2189,1816,94,2001,1637,354,294,1376,320061,1235,1003,17340,19527,4177,7670,6736,8738,615,5668,4813,17240,9388,13178,14064,30677,10210,14677,19891,14873,2915,7990,15834,13645,17163,884,16316,14002,2727,2276,4589
2008,2263,85,55,105,69,39,104,55,78,66,146,98,104,81,82,125,94,118,115,125,68,16,47,90,45,59,6,88,39,9,15,37,15206,325,221,713,559,324,435,278,445,283,737,594,782,610,540,682,908,655,742,1018,493,110,268,775,456,460,23,615,480,138,93,444,57701,349,365,3172,2427,967,1707,1232,1910,491,2209,1783,3181,1353,2082,3211,4810,2356,3387,3334,2075,460,1057,4162,2170,1812,96,1968,1623,353,284,1315,300854,1202,993,16205,17167,3605,6987,6450,8142,672,5233,4417,16116,8566,12890,13503,30214,9302,13929,19271,14590,2741,7575,13993,13107,16573,885,14185,13424,2556,2202,4159
2009,2305,86,55,109,71,41,107,55,78,66,148,99,106,84,85,126,99,120,115,125,68,17,50,92,47,61,6,89,39,9,15,37,14607,305,218,661,544,306,426,262,430,273,710,582,769,606,476,632,868,622,684,1020,478,108,267,758,451,457,24,586,463,126,82,413,56167,342,353,2887,2316,890,1686,1226,1817,489,2181,1771,3087,1330,2103,3118,4703,2275,3348,3322,2019,434,1037,4051,2163,1791,94,1923,1618,323,273,1197,280184,1160,983,14447,14722,3139,6037,6184,7202,751,5013,4147,14974,7849,13021,12858,29420,8544,13263,18506,14290,2520,7096,12437,12862,15826,884,11583,12637,2047,2131,3651
2010,2358,87,55,110,73,44,112,56,79,67,150,101,111,84,85,132,107,120,117,131,70,17,53,92,47,61,6,90,40,9,15,37,14058,289,214,615,534,289,419,257,416,261,653,569,743,575,452,592,825,603,622,1026,463,107,268,747,444,451,29,569,452,119,70,385,54823,345,332,2649,2213,834,1657,1209,1758,494,2123,1745,2995,1328,2107,3053,4616,2184,3311,3308,1974,424,1005,3991,2148,1732,93,1867,1586,315,267,1160,257410,1104,956,13563,12776,2767,5523,5837,6490,766,4498,3989,13997,6974,12772,12405,28603,7749,12692,16806,13942,2313,5544,9282,12422,14059,872,9710,11582,1792,2027,3598
2011,2409,87,56,119,78,47,114,59,82,66,156,103,116,87,90,146,123,127,124,134,74,17,60,95,48,64,6,98,44,9,16,38,13688,290,209,598,519,279,422,248,411,247,618,569,734,559,438,565,792,585,594,1012,446,102,263,740,447,444,30,544,436,112,67,368,54063,342,316,2534,2093,808,1637,1230,1685,507,2100,1745,2962,1271,2117,3004,4596,2122,3310,3316,1939,406,996,3964,2194,1711,93,1819,1577,304,262,1157,241249,1090,874,13274,10936,2613,5118,5600,5620,764,4325,3818,13343,5947,11633,12047,27793,7415,10824,15148,13789,2210,5248,8847,12008,13320,860,8867,10907,1533,1942,3536
2012,2442,89,55,113,75,48,112,57,79,67,153,102,118,86,88,136,120,122,121,137,70,17,60,99,49,66,6,91,42,9,16,39,13509,289,202,565,511,272,417,244,398,246,594,571,716,543,435,557,785,575,589,1017,450,103,262,735,446,444,30,530,445,109,63,366,53167,341,317,2435,2023,763,1607,1213,1648,514,2066,1735,2920,1240,2107,2965,4551,2047,3296,3309,1860,388,969,3908,2215,1691,92,1765,1588,261,251,1131,228585,1081,843,12898,10042,2443,4779,5186,4834,761,4128,3698,12547,5414,11173,11573,27452,6614,10165,13396,13535,2036,4810,8586,11529,13020,857,7994,10336,1425,1896,3534
2013,2491,89,55,118,78,49,115,58,80,68,156,102,117,87,92,139,127,123,122,138,70,17,63,103,52,67,6,92,42,9,16,41,13352,291,193,563,504,277,416,243,379,243,578,569,698,544,436,547,776,563,577,1015,453,102,261,735,448,440,29,511,428,105,62,366,52764,347,325,2381,1991,749,1572,1200,1587,519,2073,1727,2902,1238,2101,2917,4550,2014,3301,3351,1836,387,939,3895,2216,1685,95,1741,1561,260,242,1102,213529,1093,838,12538,8946,2308,4631,5103,3261,759,4020,3400,11507,5228,10650,11151,26086,5746,9270,11824,13499,1739,4728,7257,10632,12845,841,7356,9640,1250,1850,3533
2014,2529,89,55,118,79,50,116,58,80,68,159,104,118,88,95,141,129,123,124,141,70,17,63,107,55,67,6,92,43,12,18,44,13253,306,181,567,499,278,415,240,378,246,567,561,694,542,442,544,774,541,580,1012,445,104,258,732,438,446,29,506,402,102,61,363,52597,337,326,2391,1919,725,1533,1195,1569,522,2077,1719,2905,1239,2127,2917,4566,2011,3314,3387,1843,392,921,3901,2166,1670,96,1714,1538,268,235,1100,201377,1040,842,12529,6885,2174,4429,4806,3115,757,4023,3344,10547,5167,9764,10770,25578,5513,8560,10731,12946,1619,4586,6959,9275,12608,829,6574,8979,1114,1763,3551
2015,2560,91,55,118,79,53,116,58,81,67,162,105,119,88,97,143,129,126,124,143,71,17,64,109,59,69,6,92,45,12,18,44,13240,306,180,578,505,284,412,239,377,253,569,563,666,540,460,555,770,532,575,1019,445,106,261,726,430,465,30,488,386,101,62,357,52383,340,329,2378,1895,716,1517,1181,1564,537,2091,1712,2858,1240,2131,2891,4565,2013,3331,3415,1839,391,906,3864,2128,1682,97,1727,1491,270,237,1069,190525,996,849,12126,6403,1853,4234,4493,2802,764,4068,3303,9119,5141,9465,10404,24673,5398,8412,10126,11849,1556,4170,6487,8520,12413,826,5851,8052,978,1693,3501
2016,2596,91,55,120,80,53,116,60,82,64,166,107,119,88,98,144,129,128,123,147,73,18,65,109,64,72,7,93,49,12,18,46,13383,305,182,598,503,289,412,241,372,256,571,574,672,533,469,580,792,532,579,1031,450,109,260,739,437,480,31,485,379,106,62,354,52102,341,334,2379,1850,693,1521,1172,1451,545,2121,1717,2800,1245,2142,2924,4557,2026,3322,3479,1812,394,860,3816,2099,1672,98,1691,1482,268,245,1062,177633,984,857,11944,6043,1730,3954,4281,1979,753,4036,3269,8284,5188,8329,10027,22822,5383,8272,10178,10173,1509,2979,5981,7818,11673,805,5507,6924,889,1536,3526
2017,2631,92,57,121,80,53,115,62,81,64,167,107,119,89,100,145,134,129,124,151,74,19,65,109,70,77,7,93,49,12,19,47,13555,304,187,630,505,293,418,244,371,258,564,580,662,534,475,592,813,532,608,1030,460,116,255,754,451,509,34,473,384,101,63,355,51879,345,338,2375,1835,683,1522,1172,1429,560,2148,1735,2810,1240,2140,2968,4515,2041,3304,3536,1757,397,863,3722,2048,1668,98,1621,1468,270,247,1039,167009,984,857,11697,5646,1658,3634,4153,1537,741,4075,3286,8108,5190,7760,9738,20372,5378,7757,10258,8454,1388,2954,5721,7113,11186,806,4752,6172,758,1353,3523
2018,2663,92,56,122,83,53,115,62,81,64,167,108,119,89,102,145,139,128,124,152,75,20,65,119,72,79,7,95,49,12,19,50,13737,309,189,655,512,299,414,248,366,260,578,591,661,538,480,620,852,531,626,1013,468,119,256,768,466,519,34,471,381,105,65,343,51971,335,347,2367,1787,691,1522,1175,1418,573,2187,1742,2833,1246,2160,3051,4519,2066,3331,3614,1743,401,866,3716,2002,1679,99,1601,1467,265,244,935,161811,970,879,11545,5445,1655,3280,3871,1469,721,4103,3301,7908,5189,7578,9674,18622,5396,7335,10308,8054,1377,2893,5730,6951,10900,809,4714,5785,731,1250,3368
2019,2688,93,56,122,82,53,115,62,81,64,167,108,120,90,103,146,141,128,125,154,78,20,65,126,72,81,7,95,49,12,19,54,13964,318,187,679,522,303,420,251,368,258,580,601,667,544,496,640,889,532,642,1008,490,124,260,779,468,547,35,471,376,108,65,336,52415,336,340,2405,1762,701,1518,1177,1420,584,2224,1744,2846,1249,2177,3151,4603,2080,3368,3712,1753,404,867,3734,2008,1689,101,1612,1465,263,252,870,160148,941,877,11604,5312,1662,2976,3740,1431,698,4151,3310,7792,5160,7330,9646,18117,5405,7245,10565,8036,1376,2860,5725,6943,10789,821,4640,5444,724,1188,3640
2020,2738,,,,,,,,,,,,,,,,,,,,,,,,,,,,,,,,14200,,,,,,,,,,,,,,,,,,,,,,,,,,,,,,,,52800,,,,,,,,,,,,,,,,,,,,,,,,,,,,,,,,158000,,,,,,,,,,,,,,,,,,,,,,,,,,,,,,,