,人均可支配收入:北京,人均可支配收入:天津,人均可支配收入:河北:石家庄市,人均可支配收入:河北:唐山市,人均可支配收入:河北:秦皇岛市,人均可支配收入:河北:邯郸市,人均可支配收入:河北:邢台市,人均可支配收入:河北:保定市,人均可支配收入:河北:张家口市,人均可支配收入:河北:承德市,人均可支配收入:河北:沧州市,人均可支配收入:河北:廊坊市,人均可支配收入:河北:衡水市,人均可支配收入:山西:太原市,人均可支配收入:山西:大同市,人均可支配收入:山西:阳泉市,人均可支配收入:山西:长治市,人均可支配收入:山西:晋城市,人均可支配收入:山西:朔州市,人均可支配收入:山西:晋中市,人均可支配收入:山西:运城市,人均可支配收入:山西:忻州市,人均可支配收入:山西:临汾市,人均可支配收入:山西:吕梁市,人均可支配收入:内蒙古:呼和浩特市,人均可支配收入:内蒙古:包头市,人均可支配收入:内蒙古:乌海市,人均可支配收入:内蒙古:赤峰市,人均可支配收入:内蒙古:通辽市,人均可支配收入:内蒙古:鄂尔多斯市,人均可支配收入:内蒙古:呼伦贝尔市,人均可支配收入:内蒙古:巴彦淖尔市,人均可支配收入:内蒙古:乌兰察布市,人均可支配收入:辽宁:沈阳市,人均可支配收入:辽宁:大连市,人均可支配收入:辽宁:鞍山市,人均可支配收入:辽宁:抚顺市,人均可支配收入:辽宁:本溪市,人均可支配收入:辽宁:丹东市,人均可支配收入:辽宁:锦州市,人均可支配收入:辽宁:营口市,人均可支配收入:辽宁:阜新市,人均可支配收入:吉林:白城市,人均可支配收入:黑龙江:伊春市,人均可支配收入:黑龙江:七台河市,人均可支配收入:上海,人均可支配收入:江苏:南京市,人均可支配收入:江苏:无锡市,人均可支配收入:江苏:徐州市,人均可支配收入:江苏:常州市,人均可支配收入:江苏:苏州市,人均可支配收入:江苏:南通市,人均可支配收入:江苏:连云港市,人均可支配收入:江苏:淮安市,人均可支配收入:江苏:盐城市,人均可支配收入:江苏:扬州市,人均可支配收入:江苏:镇江市,人均可支配收入:江苏:泰州市,人均可支配收入:江苏:宿迁市,人均可支配收入:浙江:杭州市,人均可支配收入:浙江:宁波市,人均可支配收入:浙江:温州市,人均可支配收入:浙江:嘉兴市,人均可支配收入:浙江:湖州市,人均可支配收入:浙江:绍兴市,人均可支配收入:浙江:金华市,人均可支配收入:浙江:衢州市,人均可支配收入:浙江:舟山市,人均可支配收入:浙江:台州市,人均可支配收入:浙江:丽水市,人均可支配收入:安徽:合肥市,人均可支配收入:安徽:芜湖市,人均可支配收入:安徽:蚌埠市,人均可支配收入:安徽:淮南市,人均可支配收入:安徽:马鞍山市,人均可支配收入:安徽:淮北市,人均可支配收入:安徽:铜陵市,人均可支配收入:安徽:安庆市,人均可支配收入:安徽:黄山市,人均可支配收入:安徽:滁州市,人均可支配收入:安徽:阜阳市,人均可支配收入:安徽:宿州市,人均可支配收入:安徽:六安市,人均可支配收入:安徽:亳州市,人均可支配收入:安徽:池州市,人均可支配收入:安徽:宣城市,人均可支配收入:福建:福州市,人均可支配收入:福建:厦门市,人均可支配收入:福建:莆田市,人均可支配收入:福建:三明市,人均可支配收入:福建:泉州市,人均可支配收入:福建:漳州市,人均可支配收入:福建:南平市,人均可支配收入:福建:龙岩市,人均可支配收入:福建:宁德市,人均可支配收入:山东:济南市,人均可支配收入:山东:青岛市,人均可支配收入:山东:淄博市,人均可支配收入:山东:枣庄市,人均可支配收入:山东:东营市,人均可支配收入:山东:烟台市,人均可支配收入:山东:潍坊市,人均可支配收入:山东:济宁市,人均可支配收入:山东:泰安市,人均可支配收入:山东:威海市,人均可支配收入:山东:日照市,(DC)人均可支配收入:山东:莱芜市,人均可支配收入:山东:临沂市,人均可支配收入:山东:德州市,人均可支配收入:山东:聊城市,人均可支配收入:山东:滨州市,人均可支配收入:山东:菏泽市,人均可支配收入:河南:郑州市,人均可支配收入:河南:开封市,人均可支配收入:河南:洛阳市,人均可支配收入:河南:平顶山市,人均可支配收入:河南:安阳市,人均可支配收入:河南:鹤壁市,人均可支配收入:河南:新乡市,人均可支配收入:河南:焦作市,人均可支配收入:河南:濮阳市,人均可支配收入:河南:许昌市,人均可支配收入:河南:漯河市,人均可支配收入:河南:三门峡市,人均可支配收入:河南:南阳市,人均可支配收入:河南:商丘市,人均可支配收入:河南:信阳市,人均可支配收入:河南:周口市,人均可支配收入:河南:驻马店市,人均可支配收入:湖北:武汉市,人均可支配收入:湖北:黄石市,人均可支配收入:湖北:十堰市,人均可支配收入:湖北:宜昌市,人均可支配收入:湖北:襄阳市,人均可支配收入:湖北:鄂州市,人均可支配收入:湖北:荆门市,人均可支配收入:湖北:孝感市,人均可支配收入:湖北:荆州市,人均可支配收入:湖北:黄冈市,人均可支配收入:湖北:咸宁市,人均可支配收入:湖北:随州市,人均可支配收入:湖南:长沙市,人均可支配收入:湖南:株洲市,人均可支配收入:湖南:湘潭市,人均可支配收入:湖南:衡阳市,人均可支配收入:湖南:邵阳市,人均可支配收入:湖南:岳阳市,人均可支配收入:湖南:常德市,人均可支配收入:湖南:张家界市,人均可支配收入:湖南:益阳市,人均可支配收入:湖南:郴州市,人均可支配收入:湖南:永州市,人均可支配收入:湖南:怀化市,人均可支配收入:湖南:娄底市,人均可支配收入:广东:广州市,人均可支配收入:广东:韶关市,人均可支配收入:广东:深圳市,人均可支配收入:广东:珠海市,人均可支配收入:广东:汕头市,人均可支配收入:广东:佛山市,人均可支配收入:广东:江门市,人均可支配收入:广东:湛江市,人均可支配收入:广东:茂名市,人均可支配收入:广东:肇庆市,人均可支配收入:广东:惠州市,人均可支配收入:广东:梅州市,人均可支配收入:广东:汕尾市,人均可支配收入:广东:河源市,人均可支配收入:广东:阳江市,人均可支配收入:广东:清远市,人均可支配收入:广东:东莞市,人均可支配收入:广东:中山市,人均可支配收入:广东:潮州市,人均可支配收入:广东:揭阳市,人均可支配收入:广东:云浮市,人均可支配收入:广西:南宁市,人均可支配收入:广西:柳州市,人均可支配收入:广西:桂林市,人均可支配收入:广西:梧州市,人均可支配收入:广西:北海市,人均可支配收入:广西:防城港市,人均可支配收入:广西:钦州市,人均可支配收入:广西:贵港市,人均可支配收入:广西:玉林市,人均可支配收入:广西:百色市,人均可支配收入:广西:贺州市,人均可支配收入:广西:河池市,人均可支配收入:广西:来宾市,人均可支配收入:广西:崇左市,人均可支配收入:海南:海口市,人均可支配收入:海南:三亚市,人均可支配收入:海南:儋州市,人均可支配收入:重庆,人均可支配收入:四川:成都市,人均可支配收入:四川:自贡市,人均可支配收入:四川:泸州市,人均可支配收入:四川:广元市,人均可支配收入:四川:遂宁市,人均可支配收入:四川:内江市,人均可支配收入:四川:乐山市,人均可支配收入:四川:宜宾市,人均可支配收入:四川:达州市,人均可支配收入:四川:巴中市,人均可支配收入:四川:资阳市,人均可支配收入:贵州:贵阳市,人均可支配收入:云南:曲靖市,人均可支配收入:云南:昭通市,人均可支配收入:云南:临沧市,人均可支配收入:西藏:拉萨市,人均可支配收入:陕西:西安市,人均可支配收入:陕西:铜川市,人均可支配收入:陕西:宝鸡市,人均可支配收入:陕西:咸阳市,人均可支配收入:陕西:渭南市,人均可支配收入:陕西:延安市,人均可支配收入:陕西:汉中市,人均可支配收入:陕西:榆林市,人均可支配收入:陕西:安康市,人均可支配收入:陕西:商洛市,人均可支配收入:青海:西宁市,人均可支配收入:青海:海东市,人均可支配收入:宁夏:银川市,人均可支配收入:宁夏:石嘴山市,人均可支配收入:宁夏:吴忠市,人均可支配收入:宁夏:固原市,人均可支配收入:宁夏:中卫市
区域,中国,中国,中国,中国,中国,中国,中国,中国,中国,中国,中国,中国,中国,中国,中国,中国,中国,中国,中国,中国,中国,中国,中国,中国,中国,中国,中国,中国,中国,中国,中国,中国,中国,中国,中国,中国,中国,中国,中国,中国,中国,中国,中国,中国,中国,中国,中国,中国,中国,中国,中国,中国,中国,中国,中国,中国,中国,中国,中国,中国,中国,中国,中国,中国,中国,中国,中国,中国,中国,中国,中国,中国,中国,中国,中国,中国,中国,中国,中国,中国,中国,中国,中国,中国,中国,中国,中国,中国,中国,中国,中国,中国,中国,中国,中国,中国,中国,中国,中国,中国,中国,中国,中国,中国,中国,中国,中国,中国,中国,中国,中国,中国,中国,中国,中国,中国,中国,中国,中国,中国,中国,中国,中国,中国,中国,中国,中国,中国,中国,中国,中国,中国,中国,中国,中国,中国,中国,中国,中国,中国,中国,中国,中国,中国,中国,中国,中国,中国,中国,中国,中国,中国,中国,中国,中国,中国,中国,中国,中国,中国,中国,中国,中国,中国,中国,中国,中国,中国,中国,中国,中国,中国,中国,中国,中国,中国,中国,中国,中国,中国,中国,中国,中国,中国,中国,中国,中国,中国,中国,中国,中国,中国,中国,中国,中国,中国,中国,中国,中国,中国,中国,中国,中国,中国,中国,中国,中国,中国,中国,中国,中国,中国,中国,中国,中国,中国,中国,中国,中国,中国,中国,中国,中国,中国,中国,中国
次国家,Beijing,Tianjin,Shijiazhuang,Tangshan,Qinhuangdao,Handan,Xingtai,Baoding,Zhangjiakou,Chengde,Cangzhou,Langfang,Hengshui,Taiyuan,Datong,Yangquan,Changzhi,Jincheng,Shuozhou,Jinzhong,Yuncheng,Xinzhou,Linfen,Lvliang,Hohhot,Baotou,Wuhai,Chifeng,Tongliao,Erdos,Hulunbeier,Bayannaoer,Wulanchabu,Shenyang,Dalian,Anshan,Fushun,Benxi,Dandong,Jinzhou,Yingkou,Fuxin,Baicheng,Yichun,Qitaihe,Shanghai,Nanjing,Wuxi,Xuzhou,Changzhou,Suzhou,Nantong,Lianyungang,Huaian,Yancheng,Yangzhou,Zhenjiang,Taizhou,Suqian,Hangzhou,Ningbo,Wenzhou,Jiaxing,Huzhou,Shaoxing,Jinhua,Quzhou,Zhoushan,Taizhou,Lishui,Hefei,Wuhu,Bengbu,Huainan,Maanshan,Huaibei,Tongling,Anqing,Huangshan,Chuzhou,Fuyang,Suzhou,Lu'an,Bozhou,Chizhou,Xuancheng,Fuzhou,Xiamen,Putian,Sanming,Quanzhou,Zhangzhou,Nanping,Longyan,Ningde,Jinan,Qingdao,Zibo,Zaozhuang,Dongying,Yantai,Weifang,Jining,Taian,Weihai,Rizhao,(DC)Laiwu,Linyi,Dezhou,Liaocheng,Binzhou,Heze,Zhengzhou,Kaifeng,Luoyang,Pingdingshan,Anyang,Hebi,Xinxiang,Jiaozuo,Puyang,Xuchang,Luohe,Sanmenxia,Nanyang,Shangqiu,Xinyang,Zhoukou,Zhumadian,Wuhan,Huangshi,Shiyan,Yichang,Xiangyang,Ezhou,Jingmen,Xiaogan,Jingzhou,Huanggang,Xianning,Suizhou,Changsha,Zhuzhou,Xiangtan,Hengyang,Shaoyang,Yueyang,Changde,Zhangjiajie,Yiyang,Chenzhou,Yongzhou,Huaihua,Loudi,Guangzhou,Shaoguan,Shenzhen,Zhuhai,Shantou,Foshan,Jiangmen,Zhanjiang,Maoming,Zhaoqing,Huizhou,Meizhou,Shanwei,Heyuan,Yangjiang,Qingyuan,Dongguan,Zhongshan,Chaozhou,Jieyang,Yunfu,Nanning,Liuzhou,Guilin,Wuzhou,Beihai,Fangchenggang,Qinzhou,Guigang,Yulin,Baise,Hezhou,Hechi,Laibin,Chongzuo,Haikou,Sanya,Danzhou,Chongqing,Chengdu,Zigong,Luzhou,Guangyuan,Suining,Neijiang,Leshan,Yibin,Dazhou,Bazhong,Ziyang,Guiyang,Qujing,Zhaotong,Lincang,Lhasa,Xian,Tongchuan,Baoji,Xianyang,Weinan,Yanan,Hanzhong,Yulin,Ankang,Shangluo,Xining,Haidong,Yinchuan,Shizuishan,Wuzhong,Guyuan,Zhongwei
频率,年,年,年,年,年,年,年,年,年,年,年,年,年,年,年,年,年,年,年,年,年,年,年,年,年,年,年,年,年,年,年,年,年,年,年,年,年,年,年,年,年,年,年,年,年,年,年,年,年,年,年,年,年,年,年,年,年,年,年,年,年,年,年,年,年,年,年,年,年,年,年,年,年,年,年,年,年,年,年,年,年,年,年,年,年,年,年,年,年,年,年,年,年,年,年,年,年,年,年,年,年,年,年,年,年,年,年,年,年,年,年,年,年,年,年,年,年,年,年,年,年,年,年,年,年,年,年,年,年,年,年,年,年,年,年,年,年,年,年,年,年,年,年,年,年,年,年,年,年,年,年,年,年,年,年,年,年,年,年,年,年,年,年,年,年,年,年,年,年,年,年,年,年,年,年,年,年,年,年,年,年,年,年,年,年,年,年,年,年,年,年,年,年,年,年,年,年,年,年,年,年,年,年,年,年,年,年,年,年,年,年,年,年,年,年,年,年,年,年,年,年,年,年,年,年,年
单位,人民币,人民币,人民币,人民币,人民币,人民币,人民币,人民币,人民币,人民币,人民币,人民币,人民币,人民币,人民币,人民币,人民币,人民币,人民币,人民币,人民币,人民币,人民币,人民币,人民币,人民币,人民币,人民币,人民币,人民币,人民币,人民币,人民币,人民币,人民币,人民币,人民币,人民币,人民币,人民币,人民币,人民币,人民币,人民币,人民币,人民币,人民币,人民币,人民币,人民币,人民币,人民币,人民币,人民币,人民币,人民币,人民币,人民币,人民币,人民币,人民币,人民币,人民币,人民币,人民币,人民币,人民币,人民币,人民币,人民币,人民币,人民币,人民币,人民币,人民币,人民币,人民币,人民币,人民币,人民币,人民币,人民币,人民币,人民币,人民币,人民币,人民币,人民币,人民币,人民币,人民币,人民币,人民币,人民币,人民币,人民币,人民币,人民币,人民币,人民币,人民币,人民币,人民币,人民币,人民币,人民币,人民币,人民币,人民币,人民币,人民币,人民币,人民币,人民币,人民币,人民币,人民币,人民币,人民币,人民币,人民币,人民币,人民币,人民币,人民币,人民币,人民币,人民币,人民币,人民币,人民币,人民币,人民币,人民币,人民币,人民币,人民币,人民币,人民币,人民币,人民币,人民币,人民币,人民币,人民币,人民币,人民币,人民币,人民币,人民币,人民币,人民币,人民币,人民币,人民币,人民币,人民币,人民币,人民币,人民币,人民币,人民币,人民币,人民币,人民币,人民币,人民币,人民币,人民币,人民币,人民币,人民币,人民币,人民币,人民币,人民币,人民币,人民币,人民币,人民币,人民币,人民币,人民币,人民币,人民币,人民币,人民币,人民币,人民币,人民币,人民币,人民币,人民币,人民币,人民币,人民币,人民币,人民币,人民币,人民币,人民币,人民币,人民币,人民币,人民币,人民币,人民币,人民币,人民币,人民币,人民币,人民币,人民币,人民币,人民币,人民币,人民币,人民币,人民币,人民币,人民币,人民币,人民币,人民币,人民币,人民币
数据来源,北京市统计局,天津市统计局,石家庄市统计局,唐山市统计局,秦皇岛市统计局,邯郸市统计局,邢台市统计局,保定市统计局,张家口市统计局,承德市统计局,沧州市统计局,廊坊市统计局,衡水市统计局,太原市统计局,大同市统计局,阳泉市统计局,长治市统计局,晋城市统计局,朔州市统计局,晋中市统计局,运城市统计局,忻州市统计局,临汾市统计局,吕梁市统计局,呼和浩特市统计局,包头市统计局,乌海市统计局,赤峰市统计局,通辽市统计局,鄂尔多斯市统计局,呼伦贝尔市统计局,巴彦淖尔市统计局,乌兰察布市统计局,沈阳市统计局,大连市统计局,鞍山市统计局,抚顺市统计局,本溪市统计局,丹东市统计局,锦州市统计局,营口市统计局,阜新市统计局,白城市统计局,伊春市统计局,七台河市统计局,上海市统计局,南京市统计局,无锡市统计局,徐州市统计局,常州市统计局,苏州市统计局,南通市统计局,连云港市统计局,淮安市统计局,盐城市统计局,扬州市统计局,镇江市统计局,泰州市统计局,宿迁市统计局,杭州市统计局,宁波市统计局,温州市统计局,嘉兴市统计局,湖州市统计局,绍兴市统计局,金华市统计局,衢州市统计局,舟山市统计局,台州市统计局,丽水市统计局,合肥市统计局,芜湖市统计局,蚌埠市统计局,淮南市统计局,马鞍山市统计局,淮北市统计局,铜陵市统计局,安庆市统计局,黄山市统计局,滁州市统计局,阜阳市统计局,宿州市统计局,六安市统计局,亳州市统计局,池州市统计局,宣城市统计局,福州市统计局,厦门市统计局,莆田市统计局,三明市统计局,泉州市统计局,漳州市统计局,南平市统计局,龙岩市统计局,宁德市统计局,济南市统计局,青岛市统计局,淄博市统计局,枣庄市统计局,东营市统计局,烟台市统计局,潍坊市统计局,济宁市统计局,泰安市统计局,威海市统计局,日照市统计局,莱芜市统计局,临沂市统计局,德州市统计局,聊城市统计局,滨州市统计局,菏泽市统计局,郑州市统计局,开封市统计局,洛阳市统计局,平顶山市统计局,安阳市统计局,鹤壁市统计局,新乡市统计局,焦作市统计局,濮阳市统计局,许昌市统计局,漯河市统计局,三门峡市统计局,南阳市统计局,商丘市统计局,信阳市统计局,周口市统计局,驻马店市统计局,武汉市统计局,黄石市统计局,十堰市统计局,宜昌市统计局,襄阳市统计局,鄂州市统计局,荆门市统计局,孝感市统计局,荆州市统计局,黄冈市统计局,咸宁市统计局,随州市统计局,长沙市统计局,株洲市统计局,湘潭市统计局,衡阳市统计局,邵阳市统计局,岳阳市统计局,常德市统计局,张家界市统计局,益阳市统计局,郴州市统计局,永州市统计局,怀化市统计局,娄底市统计局,广州市统计局,韶关市统计局,深圳市统计局,珠海市统计局,汕头市统计局,佛山市统计局,江门市统计局,湛江市统计局,茂名市统计局,肇庆市统计局,惠州市统计局,梅州市统计局,汕尾市统计局,河源市统计局,阳江市统计局,清远市统计局,东莞市统计局,中山市统计局,潮州市统计局,揭阳市统计局,云浮市统计局,南宁市统计局,柳州市统计局,桂林市统计局,梧州市统计局,北海市统计局,防城港市统计局,钦州市统计局,贵港市统计局,玉林市统计局,百色市统计局,贺州市统计局,河池市统计局,来宾市统计局,崇左市统计局,海口市统计局,三亚市统计局,儋州市统计局,重庆市统计局,成都市统计局,自贡市统计局,泸州市统计局,广元市统计局,遂宁市统计局,内江市统计局,乐山市统计局,宜宾市统计局,达州市统计局,巴中市统计局,资阳市统计局,贵阳市统计局,曲靖市统计局,昭通市统计局,临沧市统计局,拉萨市统计局,西安市统计局,铜川市统计局,宝鸡市统计局,咸阳市统计局,渭南市统计局,延安市统计局,汉中市统计局,榆林市统计局,安康市统计局,商洛市统计局,西宁市统计局,海东市统计局,银川市统计局,石嘴山市统计局,吴忠市统计局,固原市统计局,中卫市统计局
状态,继续,继续,继续,继续,继续,继续,继续,继续,继续,继续,继续,继续,继续,继续,继续,继续,继续,继续,继续,继续,继续,继续,继续,继续,继续,继续,继续,继续,继续,继续,继续,继续,继续,继续,继续,继续,继续,继续,继续,继续,继续,继续,继续,继续,继续,继续,继续,继续,继续,继续,继续,继续,继续,继续,继续,继续,继续,继续,继续,继续,继续,继续,继续,继续,继续,继续,继续,继续,继续,继续,继续,继续,继续,继续,继续,继续,继续,继续,继续,继续,继续,继续,继续,继续,继续,继续,继续,继续,继续,继续,继续,继续,继续,继续,继续,继续,继续,继续,继续,继续,继续,继续,继续,继续,继续,继续,停止,继续,继续,继续,继续,继续,继续,继续,继续,继续,继续,继续,继续,继续,继续,继续,继续,继续,继续,继续,继续,继续,继续,继续,继续,继续,继续,继续,继续,继续,继续,继续,继续,继续,继续,继续,继续,继续,继续,继续,继续,继续,继续,继续,继续,继续,继续,继续,继续,继续,继续,继续,继续,继续,继续,继续,继续,继续,继续,继续,继续,继续,继续,继续,继续,继续,继续,继续,继续,继续,继续,继续,继续,继续,继续,继续,继续,继续,继续,继续,继续,继续,继续,继续,继续,继续,继续,继续,继续,继续,继续,继续,继续,继续,继续,继续,继续,继续,继续,继续,继续,继续,继续,继续,继续,继续,继续,继续,继续,继续,继续,继续,继续,继续,继续,继续,继续,继续,继续,继续
数列ID,377020397 (CHBAKM),377020407 (CHBAKN),377020417 (CHBAKO),377020427 (CHBAKP),377020437 (CHBAKQ),377020447 (CHBAKR),377020457 (CHBAKS),377020467 (CHBAKT),377020477 (CHBAKU),377020487 (CHBAKV),377020497 (CHBAKW),377020507 (CHBAKX),377020517 (CHBAKY),377020527 (CHBAKZ),377020537 (CHBALA),377020547 (CHBALB),377020557 (CHBALC),377020567 (CHBALD),377020577 (CHBALE),377020587 (CHBALF),377020597 (CHBALG),377020607 (CHBALH),377020617 (CHBALI),377020627 (CHBALJ),377020637 (CHBALK),377020647 (CHBALL),377020657 (CHBALM),377020667 (CHBALN),377020677 (CHBALO),377020687 (CHBALP),377020697 (CHBALQ),377020707 (CHBALR),377020717 (CHBALS),377020727 (CHBALT),377020737 (CHBALU),377020747 (CHBALV),377020757 (CHBALW),377020767 (CHBALX),377020777 (CHBALY),377020787 (CHBALZ),377020797 (CHBAMA),377020807 (CHBAMB),377020937 (CHBAMO),377021007 (CHBAMV),377021027 (CHBAMX),377021067 (CHBANB),377021077 (CHBANC),377021087 (CHBAND),377021097 (CHBANE),377021107 (CHBANF),377021117 (CHBANG),377021127 (CHBANH),377021137 (CHBANI),377021147 (CHBANJ),377021157 (CHBANK),377021167 (CHBANL),377021177 (CHBANM),377021187 (CHBANN),377021197 (CHBANO),377021207 (CHBANP),377021217 (CHBANQ),377021227 (CHBANR),377021237 (CHBANS),377021247 (CHBANT),377021257 (CHBANU),377021267 (CHBANV),377021277 (CHBANW),377021287 (CHBANX),377021297 (CHBANY),377021307 (CHBANZ),377021317 (CHBAOA),377021327 (CHBAOB),377021337 (CHBAOC),377021347 (CHBAOD),377021357 (CHBAOE),377021367 (CHBAOF),377021377 (CHBAOG),377021387 (CHBAOH),377021397 (CHBAOI),377021407 (CHBAOJ),377021417 (CHBAOK),377021427 (CHBAOL),377021447 (CHBAON),377021457 (CHBAOO),377021467 (CHBAOP),377021477 (CHBAOQ),377021487 (CHBAOR),377021497 (CHBAOS),377021507 (CHBAOT),377021517 (CHBAOU),377021527 (CHBAOV),377021537 (CHBAOW),377021547 (CHBAOX),377021557 (CHBAOY),377021567 (CHBAOZ),377021687 (CHBAPL),377021697 (CHBAPM),377021707 (CHBAPN),377021717 (CHBAPO),377021727 (CHBAPP),377021737 (CHBAPQ),377021747 (CHBAPR),377021757 (CHBAPS),377021767 (CHBAPT),377021777 (CHBAPU),377021787 (CHBAPV),377021797 (CHBAPW),377021807 (CHBAPX),377021817 (CHBAPY),377021827 (CHBAPZ),377021837 (CHBAQA),377021847 (CHBAQB),377021857 (CHBAQC),377021867 (CHBAQD),377021877 (CHBAQE),377021887 (CHBAQF),377021897 (CHBAQG),377021907 (CHBAQH),377021917 (CHBAQI),377021927 (CHBAQJ),377021937 (CHBAQK),377021947 (CHBAQL),377021957 (CHBAQM),377021967 (CHBAQN),377021977 (CHBAQO),377021987 (CHBAQP),377021997 (CHBAQQ),377022007 (CHBAQR),377022017 (CHBAQS),377022027 (CHBAQT),377022037 (CHBAQU),377022047 (CHBAQV),377022057 (CHBAQW),377022067 (CHBAQX),377022077 (CHBAQY),377022087 (CHBAQZ),377022097 (CHBARA),377022107 (CHBARB),377022117 (CHBARC),377022127 (CHBARD),377022137 (CHBARE),377022147 (CHBARF),377022157 (CHBARG),377022167 (CHBARH),377022177 (CHBARI),377022187 (CHBARJ),377022197 (CHBARK),377022207 (CHBARL),377022217 (CHBARM),377022227 (CHBARN),377022237 (CHBARO),377022247 (CHBARP),377022257 (CHBARQ),377022267 (CHBARR),377022277 (CHBARS),377022287 (CHBART),377022297 (CHBARU),377022307 (CHBARV),377022317 (CHBARW),377022327 (CHBARX),377022337 (CHBARY),377022347 (CHBARZ),377022357 (CHBASA),377022367 (CHBASB),377022377 (CHBASC),377022387 (CHBASD),377022397 (CHBASE),377022407 (CHBASF),377022417 (CHBASG),377022427 (CHBASH),377022437 (CHBASI),377022447 (CHBASJ),377022457 (CHBASK),377022467 (CHBASL),377022477 (CHBASM),377022487 (CHBASN),377022497 (CHBASO),377022507 (CHBASP),377022517 (CHBASQ),377022527 (CHBASR),377022537 (CHBASS),377022547 (CHBAST),377022557 (CHBASU),377022567 (CHBASV),377022577 (CHBASW),377022587 (CHBASX),377022597 (CHBASY),377022607 (CHBASZ),377022617 (CHBATA),377022627 (CHBATB),377022637 (CHBATC),409247807 (CHBBUV),377022647 (CHBATD),377022657 (CHBATE),377022667 (CHBATF),377022687 (CHBATH),377022717 (CHBATK),377022727 (CHBATL),377022737 (CHBATM),377022747 (CHBATN),377022777 (CHBATQ),377022797 (CHBATS),377022817 (CHBATU),377022827 (CHBATV),377022837 (CHBATW),377022887 (CHBAUB),377022917 (CHBAUE),377022947 (CHBAUH),377022957 (CHBAUI),377022967 (CHBAUJ),377022977 (CHBAUK),377022987 (CHBAUL),377022997 (CHBAUM),377023007 (CHBAUN),377023017 (CHBAUO),377023027 (CHBAUP),377023037 (CHBAUQ),377023047 (CHBAUR),377023057 (CHBAUS),377023187 (CHBAVF),313787401 (CHAXDK),377023197 (CHBAVG),377023207 (CHBAVH),377023217 (CHBAVI),377023227 (CHBAVJ),377023237 (CHBAVK)
SR码,SR100008707,SR100008717,SR100008727,SR100008737,SR100008747,SR100008757,SR100008767,SR100008777,SR100008787,SR100008797,SR100008807,SR100008817,SR100008827,SR100008837,SR100008847,SR100008857,SR100008867,SR100008877,SR100008887,SR100008897,SR100008907,SR100008917,SR100008927,SR100008937,SR100008947,SR100008957,SR100008967,SR100008977,SR100008987,SR100008997,SR100009007,SR100009017,SR100009027,SR100009037,SR100009047,SR100009057,SR100009067,SR100009077,SR100009087,SR100009097,SR100009107,SR100009117,SR100009247,SR100009317,SR100009337,SR100009377,SR100009387,SR100009397,SR100009407,SR100009417,SR100009427,SR100009437,SR100009447,SR100009457,SR100009467,SR100009477,SR100009487,SR100009497,SR100009507,SR100009517,SR100009527,SR100009537,SR100009547,SR100009557,SR100009567,SR100009577,SR100009587,SR100009597,SR100009607,SR100009617,SR100009627,SR100009637,SR100009647,SR100009657,SR100009667,SR100009677,SR100009687,SR100009697,SR100009707,SR100009717,SR100009727,SR100009737,SR100009757,SR100009767,SR100009777,SR100009787,SR100009797,SR100009807,SR100009817,SR100009827,SR100009837,SR100009847,SR100009857,SR100009867,SR100009877,SR100009997,SR100010007,SR100010017,SR100010027,SR100010037,SR100010047,SR100010057,SR100010067,SR100010077,SR100010087,SR100010097,SR100010107,SR100010117,SR100010127,SR100010137,SR100010147,SR100010157,SR100010167,SR100010177,SR100010187,SR100010197,SR100010207,SR100010217,SR100010227,SR100010237,SR100010247,SR100010257,SR100010267,SR100010277,SR100010287,SR100010297,SR100010307,SR100010317,SR100010327,SR100010337,SR100010347,SR100010357,SR100010367,SR100010377,SR100010387,SR100010397,SR100010407,SR100010417,SR100010427,SR100010437,SR100010447,SR100010457,SR100010467,SR100010477,SR100010487,SR100010497,SR100010507,SR100010517,SR100010527,SR100010537,SR100010547,SR100010557,SR100010567,SR100010577,SR100010587,SR100010597,SR100010607,SR100010617,SR100010627,SR100010637,SR100010647,SR100010657,SR100010667,SR100010677,SR100010687,SR100010697,SR100010707,SR100010717,SR100010727,SR100010737,SR100010747,SR100010757,SR100010767,SR100010777,SR100010787,SR100010797,SR100010807,SR100010817,SR100010827,SR100010837,SR100010847,SR100010857,SR100010867,SR100010877,SR100010887,SR100010897,SR100010907,SR100010917,SR100010927,SR100010937,SR100010947,SR137184157,SR100010957,SR100010967,SR100010977,SR100010997,SR100011027,SR100011037,SR100011047,SR100011057,SR100011087,SR100011107,SR100011127,SR100011137,SR100011147,SR100011197,SR100011227,SR100011257,SR100011267,SR100011277,SR100011287,SR100011297,SR100011307,SR100011317,SR100011327,SR100011337,SR100011347,SR100011357,SR100011367,SR100011497,SR5002528,SR100011507,SR100011517,SR100011527,SR100011537,SR100011547
助记符,,,,,,,,,,,,,,,,,,,,,,,,,,,,,,,,,,,,,,,,,,,,,,,,,,,,,,,,,,,,,,,,,,,,,,,,,,,,,,,,,,,,,,,,,,,,,,,,,,,,,,,,,,,,,,,,,,,,,,,,,,,,,,,,,,,,,,,,,,,,,,,,,,,,,,,,,,,,,,,,,,,,,,,,,,,,,,,,,,,,,,,,,,,,,,,,,,,,,,,,,,,,,,,,,,,,,,,,,,,,,,,,,,
函数说明,,,,,,,,,,,,,,,,,,,,,,,,,,,,,,,,,,,,,,,,,,,,,,,,,,,,,,,,,,,,,,,,,,,,,,,,,,,,,,,,,,,,,,,,,,,,,,,,,,,,,,,,,,,,,,,,,,,,,,,,,,,,,,,,,,,,,,,,,,,,,,,,,,,,,,,,,,,,,,,,,,,,,,,,,,,,,,,,,,,,,,,,,,,,,,,,,,,,,,,,,,,,,,,,,,,,,,,,,,,,,,,,,,
首次观测日期,2014,2013,2013,2013,2013,2013,2013,2013,2013,2013,2013,2013,2013,2013,2013,2013,2014,2013,2014,2013,2013,2013,2013,2013,2015,2013,2013,2013,2013,2013,2013,2013,2013,2018,2018,2018,2018,2018,2018,2018,2018,2018,2015,2013,2013,2013,2013,2013,2013,2013,2013,2013,2013,2013,2013,2013,2013,2013,2013,2013,2013,2013,2013,2013,2013,2013,2013,2013,2013,2013,2013,2013,2014,2014,2013,2013,2013,2014,2013,2014,2013,2014,2014,2014,2013,2014,2014,2014,2010,2013,2014,2013,2014,2014,2013,2016,2014,2015,2014,2014,2014,2016,2014,2014,2014,2014,2014,2014,2015,2016,2014,2014,2014,2014,2014,2015,2014,2014,2015,2014,2014,2014,2015,2014,2014,2014,2014,2015,2015,2013,2015,2015,2013,2013,2013,2013,2014,2019,2013,2013,2013,2013,2013,2013,2013,2013,2013,2013,2013,2013,2013,2013,2013,2013,2014,2010,2014,2013,2013,2013,2013,2013,2013,2013,2013,2013,2013,2013,2014,2013,2013,2013,2014,2013,2013,2015,2015,2015,2015,2015,2015,2015,2015,2015,2015,2010,2015,2015,2015,2013,2013,2014,2013,2020,2014,2016,2014,2016,2014,2019,2014,2014,2016,2018,2018,2020,2020,2020,2014,2014,2014,2014,2014,2014,2014,2014,2014,2014,2014,2010,2010,2010,2010,2010,2010,2010
最后观测日期,2020,2020,2020,2020,2020,2020,2020,2020,2020,2020,2020,2020,2020,2019,2019,2019,2019,2019,2019,2020,2019,2019,2019,2019,2019,2019,2019,2019,2019,2019,2019,2019,2019,2018,2018,2018,2018,2018,2018,2018,2018,2018,2015,2018,2015,2020,2019,2020,2019,2019,2019,2019,2019,2019,2019,2019,2019,2019,2019,2019,2020,2019,2019,2019,2019,2020,2019,2019,2019,2019,2019,2019,2019,2019,2019,2019,2019,2019,2019,2019,2019,2019,2019,2019,2019,2019,2019,2019,2019,2019,2019,2019,2019,2019,2019,2019,2019,2019,2019,2019,2019,2019,2019,2019,2019,2019,2018,2019,2019,2019,2019,2019,2019,2019,2019,2019,2019,2019,2019,2019,2020,2019,2019,2019,2019,2019,2019,2019,2019,2019,2019,2019,2019,2019,2014,2019,2019,2019,2019,2019,2019,2020,2020,2020,2020,2020,2020,2019,2020,2020,2020,2019,2020,2019,2019,2020,2019,2019,2020,2020,2020,2020,2020,2019,2020,2020,2020,2020,2020,2020,2019,2020,2020,2020,2020,2019,2019,2019,2020,2019,2019,2020,2020,2019,2020,2019,2020,2019,2019,2020,2020,2019,2020,2020,2019,2020,2020,2018,2020,2019,2018,2020,2020,2020,2018,2020,2020,2020,2015,2020,2020,2020,2020,2020,2020,2020,2020,2020,2020,2020,2020,2019,2019,2020,2019,2020
最后更新时间,20/01/2021,21/01/2021,14/05/2021,14/05/2021,14/05/2021,14/05/2021,14/05/2021,14/05/2021,14/05/2021,14/05/2021,14/05/2021,14/05/2021,14/05/2021,22/12/2020,22/12/2020,22/12/2020,22/12/2020,22/12/2020,22/12/2020,31/03/2021,22/12/2020,22/12/2020,22/12/2020,22/12/2020,21/02/2020,21/02/2020,21/02/2020,21/02/2020,21/02/2020,21/02/2020,21/02/2020,21/02/2020,21/02/2020,28/05/2020,28/05/2020,28/05/2020,28/05/2020,28/05/2020,28/05/2020,28/05/2020,28/05/2020,28/05/2020,13/02/2020,13/02/2020,13/02/2020,25/01/2021,22/02/2020,31/03/2021,22/02/2020,22/02/2020,22/02/2020,22/02/2020,22/02/2020,22/02/2020,22/02/2020,22/02/2020,22/02/2020,22/02/2020,22/02/2020,03/03/2020,25/02/2021,03/03/2020,03/03/2020,03/03/2020,03/03/2020,25/02/2021,03/03/2020,03/03/2020,03/03/2020,03/03/2020,28/05/2020,07/04/2020,07/04/2020,07/04/2020,07/04/2020,07/04/2020,07/04/2020,07/04/2020,07/04/2020,07/04/2020,07/04/2020,07/04/2020,07/04/2020,07/04/2020,07/04/2020,07/04/2020,28/05/2020,28/05/2020,28/05/2020,28/05/2020,28/05/2020,28/05/2020,28/05/2020,28/05/2020,28/05/2020,07/01/2021,17/11/2020,01/06/2020,07/01/2021,07/01/2021,07/01/2021,07/01/2021,07/01/2021,07/01/2021,07/01/2021,07/01/2021,13/02/2020,07/01/2021,07/01/2021,07/01/2021,07/01/2021,07/01/2021,21/01/2021,28/05/2020,21/01/2021,21/01/2021,21/01/2021,28/05/2020,28/05/2020,21/01/2021,07/02/2021,28/05/2020,28/05/2020,21/01/2021,21/01/2021,28/05/2020,21/01/2021,21/01/2021,28/05/2020,07/04/2020,18/01/2021,18/01/2021,19/01/2021,19/01/2021,13/02/2020,19/01/2021,19/01/2021,19/01/2021,19/01/2021,19/01/2021,01/07/2020,08/02/2021,01/02/2021,02/04/2021,02/03/2021,02/02/2021,08/02/2021,09/12/2020,02/02/2021,29/01/2021,02/02/2021,09/12/2020,08/02/2021,09/12/2020,16/10/2020,14/04/2021,16/10/2020,16/10/2020,05/02/2021,22/03/2021,23/03/2021,04/03/2021,23/04/2021,16/10/2020,15/04/2021,09/04/2021,08/02/2021,27/01/2021,23/03/2021,08/02/2021,16/10/2020,19/03/2021,02/02/2021,29/01/2021,26/01/2021,12/01/2021,12/01/2021,12/01/2021,29/03/2021,12/01/2021,12/01/2021,27/01/2021,25/01/2021,12/01/2021,29/03/2021,12/01/2021,25/01/2021,12/01/2021,12/01/2021,08/02/2021,27/01/2021,28/10/2020,02/02/2021,08/02/2021,13/04/2020,09/04/2021,15/04/2021,13/02/2020,02/04/2021,13/04/2020,13/02/2020,15/04/2021,22/01/2021,02/03/2021,13/02/2020,15/04/2021,06/04/2021,02/02/2021,13/02/2020,01/02/2021,01/02/2021,01/02/2021,01/02/2021,01/02/2021,01/02/2021,01/02/2021,01/02/2021,01/02/2021,01/02/2021,28/01/2021,21/01/2021,25/03/2021,25/03/2021,25/03/2021,25/03/2021,25/03/2021
数列备注,,,,,,,,,,,,,,,,,,,,,,,,,,,,,,,,,,,,,,,,,,,,,,,,,,,,,,,,,,,,,,,,,,,,,,,,,,,,,,,,,,,,,,,,,,,,,,,,,,,,,,,,,,,,,,,,,,,,,,,,,,,,,,,,,,,,,,,,,,,,,,,,,,,,,,,,,,,,,,,,,,,,,,,,,,,,,,,,,,,,,,,,,,,,,,,,,,,,,,,,,,,,,,,,,,,,,,,,,,,,,,,,,,
您可以,,,,,,,,,,,,,,,,,,,,,,,,,,,,,,,,,,,,,,,,,,,,,,,,,,,,,,,,,,,,,,,,,,,,,,,,,,,,,,,,,,,,,,,,,,,,,,,,,,,,,,,,,,,,,,,,,,,,,,,,,,,,,,,,,,,,,,,,,,,,,,,,,,,,,,,,,,,,,,,,,,,,,,,,,,,,,,,,,,,,,,,,,,,,,,,,,,,,,,,,,,,,,,,,,,,,,,,,,,,,,,,,,,
平均,57466.67204512714,35417.775,23951.8936356625,27064.4352948575,21922.970949782502,20609.39950373625,17604.185614318747,19042.51125,18932.37785840375,17265.788920451247,20616.0425,26559.74375,17408.0125,27353.829250858573,18864.4988382,22251.265663152855,20113.36342128,20877.705525039997,21118.57913299333,20803.1258379,16194.374584178571,14607.395393020002,17669.104397697145,14715.437687074287,33178.634145122,36138.357023598575,35937.545533300006,17956.890478354286,18612.838618672857,33303.85785287857,24498.394670944283,21278.131042485715,17623.61097735143,25091,26968,28717,13729,14700,25149,18689,16543,12786,19820,20529.540023895,17950.666666666668,57144.61705953,44943.083879422855,45180.16976584,22887.514177142857,39148.30604289429,47439.89389997571,30935.93607306,21687.533514331426,23270.13546126857,24917.842803635715,29080.558678115714,34687.79050857143,29016,19301.75036050143,46742.71428571428,47039.25,40247.857142857145,40770.28571428572,37933.28571428572,42279.28571428572,39437.375,27291.714285714286,42165,37466.857142857145,27289.571428571428,29697.99297996143,26646.736417602857,21772.816666666666,23070.033333333336,30975.949501360003,20755.73039292286,25193.00517353429,18718.716666666667,20247.594871129997,19130.266666666666,15749.18566299,16506.866666666665,16695.733333333334,16540.283333333333,19078.339859867145,23086.283333333336,31701.16103336833,45532.05865763,21098.876258905,22459.83674267286,32443.410975373332,22984.776669204286,22275.225538028335,23413.26275929333,21127.79856734857,38049.2625,37512,32195.24,21726.750578105,33751.310617283336,31241.649600614997,28968.4,23036.54941949333,24420.34,32596.238685014996,22499.118380689997,25042.86122449,22756.852492326667,19187.86,19061.7275,23686.529551044998,16619.247907543333,29735.381621343335,17692.022506501668,22162.315719755,20484.324112604,20580.281927396667,21542.980230034995,21031.768183574,22294.857892946664,18272.026146754284,21165.242814615,20895.409328486,19595.702892013334,18501.679468234997,16161.265933071665,16942.2011666,15407.274923871999,16557.359865654,35883.16763980857,25184.2,18799.8,22490.449348302856,22333.39550503714,17911.337086815,22466.951690195714,21574.939283546668,26543,16390.24165313143,18873.307361654286,18688.822041554286,39760.96486514125,30109.70965596,26754.167223481254,23250.1593806575,15755.57332052875,22009.323888636252,19093.802506752858,14550.95162929125,19361.770492477503,20919.12004349,17085.454162989998,14772.8672923925,15649.713443232858,49124.396255,18491.799031074544,51213.392925,40649.09578133142,21808.4196077325,44190.1796605975,26072.77534293875,19131.941733454998,19154.22424593625,20742.924858171427,29861.23572701,18794.47518396625,18881.16501011375,17036.300375975003,21435.357504561427,19909.13259811875,42508.14270442428,41558.471184198745,19469.655312857143,18047.381702323746,17359.22088847875,24912.6,25097.2,22506.6,21191.666666666668,23576.6,23843.8,20104.666666666668,21204.833333333332,22406.4,17460.166666666668,15008.3,15269.666666666666,19270,17603.8,27848.19820942875,27204.18430656875,20194.833333333332,23417.811198069998,42075,21441.659957303335,23307,17327.4320677025,20771.3,21858.84671532833,16728,20005.515653775,19360.386185242856,19173.25,24585,30309,25190,16841,19267,16427.13652024,31046.84138220857,21515.527006747143,20876.591484165714,20716.669897865715,17842.84052913857,22019.678317858572,17365.59396583,21579.80978402286,15743.70208901,14288.178390137142,20388.85522434636,13322.164158461817,22799.188073999998,19659.549888,13757.46453090909,10199.614035999999,12232.811489090911
方差,91136449.13149893,40504367.14785714,23691409.920044404,29298913.71062197,19979227.86997543,18711233.848221112,17721545.167101365,18432463.016726788,22152962.79749932,16909529.614141203,19396433.646907143,29470823.996741075,17803329.344107144,17262589.64662425,9329066.407273555,10414822.667626064,8324183.816462524,10946010.012426924,7905508.5394015,13490358.777201874,7783626.36833432,6448324.177186099,8500486.429633979,5738527.363216058,15939285.995075798,36002596.496912785,35505844.1510783,11034497.074115582,11798496.498341275,30915545.307789806,17936115.787790287,14256203.676791465,10037819.434015945,,,,,,,,,,,9449991.831473906,1244924.3333333335,120272818.47633971,71587371.55996549,75299177.98499681,21260417.27536694,51655357.024724625,72225475.03645554,39005623.60393742,18787624.12298581,21450866.853249516,23381344.711234033,29441553.57829691,42041531.33739328,33676682,14576018.18976166,69698339.23809524,81047904.5,55529577.14285714,52238647.90476191,51044030.90476191,59844156.238095246,61939123.125,29209832.23809524,59015567.333333336,50627133.14285714,29133776.285714287,36195108.59263674,27486637.070030164,14638607.601666665,6015492.486666666,35077242.41482742,14332062.462056613,6656868.836827037,8667120.641666668,15315074.714039305,11375743.306666669,10583421.572060259,8040996.186666666,8741410.346666668,8482204.481666666,15782654.174569303,15715417.841666665,23464935.98410051,50326662.92600102,34932309.72055325,17560952.06166019,21903822.786970228,19404424.003690865,12597209.956808802,13724256.36975478,15386969.264581867,11277741.675625006,32418024.8,16859833.487999998,10673505.688817866,23926943.63016703,21895613.501979113,9072500.506666664,13012780.616481239,14198689.381599998,25581462.963479105,13172320.490864843,10112817.484046383,12197286.434167113,6795467.747999998,4626552.503691667,12076445.491997814,8226294.683603704,18753746.696838886,8429748.134465145,12010925.467995938,7113912.111261612,7851767.590090079,10485833.121672954,6904273.027013505,11216165.644899363,10431262.275814904,11293571.7296811,7880111.644267653,9006487.451326862,8641172.351170804,7876797.158772698,7849776.386062125,4780760.224430303,5438459.831035054,46790305.53973057,11125426.2,6585429.699999999,17698174.486569975,17457603.409621112,1488374.6035696631,16184892.681188488,11036491.772930127,,9616866.014618797,12386571.958759813,11781219.653777473,69286817.52546442,42955745.22378328,27655852.163520124,20726192.686607767,13757081.265294818,21172442.6478613,14025230.493398046,10048121.283393452,18267937.56039336,18651572.208682597,11426987.426768014,11939435.310052799,10221136.56941075,61095311.55588938,34191540.916741595,65191601.46476996,64815729.7274192,19783708.799439363,76784162.45596015,29803737.376899667,15410326.027170848,14560365.030839557,13722119.06729407,46381318.7072688,14211821.84959014,13675612.935590614,13873610.220882503,14500427.152885268,17707179.153433498,55692266.402107514,68209294.04710896,8844089.519372648,8989950.893701693,11250392.901290229,9820762.8,10152733.2,8872078.299999999,9142671.466666665,9662615.8,9434510.7,8591020.266666668,9820364.166666668,7274665.3,7035009.366666665,20026722.01111111,6310973.866666665,6377518.5,6595945.7,27657440.43241658,28019586.82650558,11010018.966666667,25711932.48993996,,11758387.249682918,19419283,17212208.320389334,3588253.7700000023,18839563.527840275,,10254318.09858893,14076074.685004225,9242226.916666666,2962533,,,,,2995683.6341805104,12503020.785265505,7659023.930568777,7343062.542751536,6634660.307681245,9866805.008013448,8034369.177483179,10506223.187979374,8789705.494319571,3898882.0308842515,3679366.285371367,38870197.439686805,19913982.252871927,35247386.2386694,26142198.87023923,17510757.64475062,9691595.941753203,12703009.702327993
标准差,9546.541212999551,6364.304136970289,4867.382245113322,5412.847098396736,4469.81295693404,4325.6483731599255,4209.696564730214,4293.304440256571,4706.693403813268,4112.119844331048,4404.138241121314,5428.7037123738,4219.399168614786,4154.8272703716875,3054.3520437686216,3227.200438092754,2885.1661679117415,3308.4754816118743,2811.673618932592,3672.9223756025494,2789.91511848198,2539.355071112762,2915.559368223185,2395.5223570687162,3992.4035361015044,6000.21637084137,5958.6780539880065,3321.821348916221,3434.8939573648086,5560.17493499888,4235.105168445087,3775.738825288564,3168.251794604707,,,,,,,,,,,3074.083901176724,1115.761772661769,10966.896483342027,8460.932073948206,8677.509895413361,4610.902002359944,7187.166133096175,8498.557232639876,6245.448230826785,4334.469301193148,4631.508053890171,4835.426011349366,5426.007148750996,6483.944118928946,5803.161379799807,3817.855181873935,8348.553122433566,9002.66096773615,7451.817036324573,7227.630863897375,7144.51054340057,7735.900480105419,7870.141239202763,5404.612126517059,7682.159028120502,7115.274635799882,5397.571332156184,6016.237079158096,5242.769980652419,3826.0433350481885,2452.650094625539,5922.604360821971,3785.7710525144826,2580.0908582503516,2943.9973915862543,3913.4479316887946,3372.7945841196242,3253.2171111163575,2835.6650342850203,2956.58761863515,2912.4224421719227,3972.7388757089616,3964.267629924431,4844.0619302503255,7094.128764408003,5910.356141600373,4190.578964971331,4680.152004686411,4405.045289629934,3549.2548452891915,3704.626346847247,3922.622753284066,3358.2349047714047,5693.682885444183,4106.0727572706255,3267.03316310347,4891.517518129423,4679.274890619177,3012.059180472167,3607.323192684742,3768.114831265098,5057.81207277209,3629.3691588022352,3180.065641468173,3492.4613718933406,2606.811797579564,2150.942236251747,3475.1180543972623,2868.1517888012313,4330.5596285975425,2903.4028543185573,3465.678211836168,2667.191802488455,2802.100567447585,3238.1836145705133,2627.598338219429,3349.0544404203647,3229.7464723744038,3360.590979229859,2807.1536552650005,3001.081047110668,2939.587105559351,2806.563229070868,2801.7452393217563,2186.4949632757684,2332.050563567406,6840.343963554067,3335.479905500856,2566.2092081511983,4206.919833627683,4178.229698044509,1219.9895915825114,4023.04519999322,3322.121577084458,,3101.107223979654,3519.456202136889,3432.378133856681,8323.870345305988,6554.063260587533,5258.883166939548,4552.602847449772,3709.053958261435,4601.352262961542,3745.0274356001783,3169.8771716572005,4274.100789685868,4318.746601582755,3380.382733769656,3455.3487971625673,3197.051230338787,7816.348991433877,5847.353325799767,8074.131622953019,8050.821680264642,4447.888128026531,8762.657271396625,5459.279932088083,3925.598811286101,3815.804637404745,3704.3378716437396,6810.383154218916,3769.8570065176395,3698.0552910402266,3724.7295500321234,3807.9426404405394,4207.989918409204,7462.725132423645,8258.891817133153,2973.901397049446,2998.324681168084,3354.160536004535,3133.8096304657693,3186.335387243471,2978.6034143537804,3023.685080603909,3108.474835027622,3071.564861760207,2931.044228029776,3133.7460277863406,2697.1587457915784,2652.359207699188,4475.122569395291,2512.165175036599,2525.37492266,2568.25732744988,5259.034172965277,5293.353079712856,3318.134862639954,5070.693492012701,,3429.0504880626822,4406.731555245906,4148.759853304278,1894.2686636272065,4340.456603612145,,3202.236421407534,3751.809521418195,3040.1031095452445,1721.2010341619018,,,,,1730.8043315697214,3535.9610836752013,2767.4941608915415,2709.8085804631173,2575.7834357106276,3141.1470847468204,2834.496282848714,3241.330465716104,2964.7437485083888,1974.5586926916737,1918.1674289204702,6234.596814525123,4462.508515719822,5936.950921025826,5112.944246736828,4184.585719608408,3113.1328178786725,3564.128182645511
偏度,-0.03010087696507711,-0.06489979732556492,0.14882552559840817,0.17075492378880716,0.1956423586244462,0.17075175827396202,0.23271079161365826,0.15403073365260714,0.16224922090741006,0.15587450964295813,0.09788335909750004,0.15680140391717867,0.1679641236954367,0.1946284524606413,0.28520947899820687,0.23566178400771026,0.3206064275948074,0.26868445865345614,0.3302125546358539,0.1653313840768233,0.24002791421574401,0.27707587344479956,0.24356175670891886,0.2968026838265591,0.0856199592884038,0.13126411359972778,0.0869953167464363,0.18541477825670824,0.166247617430842,0.17086806634641677,0.10966845818388071,0.17986369637247945,0.223144125415876,,,,,,,,,,,0.14268430078095823,-0.6859422531500313,0.07050304266598494,0.3087467750561175,0.14482733847144952,0.3105433257997642,0.2763281075645089,0.2838971413070568,0.3631869927494871,0.2737990693109799,0.3046211066443869,0.2656041422375415,0.2198343218773129,0.26195144931781345,0.3599522657640191,0.24294455644264518,0.24677134433216785,0.12456376009839491,0.271119366867836,0.26115469843264255,0.28361234706519084,0.25748414820739984,0.11498553191137639,0.2879351546851429,0.22640612045252123,0.22517859116877179,0.3113886776965046,0.2993669420012725,0.2720956948077674,0.3051149695946929,0.9128350462953343,0.25014545536577254,0.3332178496005739,-0.18009109456080005,0.47696922667022335,0.28044302524896075,0.29105578405751287,0.3024656681770326,0.304968825983074,0.23046013950415745,0.3188491595043513,0.08630736800055769,0.3175215556639942,0.3105177223212117,0.34442450945262026,0.1333038531716637,0.20612234362616114,0.284559705392963,0.20045688868997627,0.25543139696357325,0.27249904952120374,0.2116287897582119,-0.4524087434350469,0.1780062165935263,0.14684140415512695,0.19583609704819427,0.18854303142687626,0.17744579572234967,0.05278068973740358,0.17220566160578535,0.18484111910111192,0.1544714880985101,0.19793348543344105,0.2445279344668756,0.183519267864351,0.16517790956725362,0.09511837263017921,0.14304183215025215,0.2275197870344337,0.2802054027330046,0.2297593560122507,0.26304843767722685,0.29298425691351043,0.42036147537801877,0.22122428481547668,0.3157433433793499,0.3101206244770343,0.05771366064116167,0.269501076982471,0.2576382832099763,0.3329012069157328,0.20830456891068502,0.29923955298697763,0.260863985627641,0.3021912617926298,0.2576973909119984,0.2161428271546211,0.2656826121016399,0.2122151875012368,0.19764605823629638,0.19854145442063514,,0.20192621117675502,0.20983950732113646,,0.18390651874073935,0.18190164594488795,0.191321736511495,-0.023522847562752122,-0.12137278339906481,0.15420906484234165,0.20535218744907385,0.13435216847255732,0.12120230675385583,0.2010055171560036,0.16643238306946959,0.07347208811631073,0.15349615580148157,0.3191274867135273,0.16221678283608362,0.3549834590973179,0.19061369900509367,0.08164354823264047,0.18381741980109567,0.23520110583648035,0.1055903702543036,0.0613590071981545,0.14280791693100617,0.19875113375822712,0.014633873078029361,0.12260100284416009,0.14001375681987513,-0.04151674083327618,0.19248798987058255,0.07574091553493599,0.012923364675528137,0.12900673830858564,0.2568644395568734,-0.014275750036611084,-0.07817661031297866,-0.21689086694855064,0.1402382950430527,0.03403544857305351,0.08179951624061312,0.10968182169789067,0.0278581927320027,0.17734675617152204,-0.03573912638487448,0.08998639284183092,0.034796123622603675,0.05302325039774582,-0.025125873057332,0.07909431216533788,0.08086880745645592,0.05267544257317479,0.14846379831163584,0.055740290006103164,0.11320182227822437,0.25868949926794205,0.15847052434027403,,0.2308274540174837,1.3602495025375583,1.7834262927481186,0.15257424044049328,-0.13832624867714807,,0.17687621712607465,0.22335371518614755,0.8817734024968057,-0.6177303862375725,,,,,,-0.3061215954172982,-0.2393738139764725,-0.19985525426156678,-0.24542515190626105,0.11965034723125771,-0.20131390940545138,0.11440540378465087,-0.10442613154957887,-0.29378400341963473,-0.21660439481515478,0.14582589395482384,0.0019874995578755767,0.08186931816269026,0.09422496567078885,0.24454712115641328,0.25423765389544317,0.1653328428057665
峰度,-1.5927197929902057,-1.422280634292313,-1.337592957481398,-1.353372403367127,-1.3300713510554307,-1.2687550551995055,-1.3271411096375902,-1.3758371930847502,-1.3988466343714228,-1.2380642419408905,-1.3347870479683794,-1.3521692641412115,-1.3288452077105681,-0.9376561530872989,-0.8278536709191497,-0.8474712520593233,-0.897963762523962,-0.880962569623998,-0.839737820011031,-1.1570956177068688,-0.8680050533582175,-0.896860914001361,-0.8300015887710064,-0.8562363117663843,-1.2898296414252801,-1.1783446701688458,-1.1801546001672136,-1.1055466274392343,-1.0450135066296786,-1.1498485666717047,-1.1394189135672645,-1.023109672842577,-1.0303755216332071,,,,,,,,,,,-0.4696908778286426,,-1.442633529073591,-1.1023460870593649,-1.3502903101702626,-1.1493323806014804,-1.1155666439429819,-1.1022171395603966,-1.1094592344133352,-1.1415259180150157,-1.0957838823154695,-1.109707267359962,-1.1486923304046899,-1.1521497099733669,-1.0707430842806955,-1.1072497859500405,-0.9826028516663152,-1.275822708329942,-1.0121190878032111,-1.0056375111733766,-1.0461459356480773,-1.0467586647689853,-1.3567952137290398,-1.0606647847802124,-1.0526895105748721,-1.1328358247482555,-1.0490172578120625,-1.0040918857515564,-1.0099511330220894,-0.9469849725449286,0.04302908965898755,-1.0733275146433483,-0.8680499342881554,-0.9071166778157567,-1.1228839329244442,-1.0043176543256251,-0.9862820788272337,-0.9505157007896452,-1.0561240180629357,-1.0884764035951378,-1.0212531409871861,-1.2189778308422552,-0.9895674625160638,-1.0012058134362682,-0.9914358471051239,-0.9898391394263135,-1.0022027856806712,-1.0590510193494023,-1.1275444020675938,-1.083157107939292,-1.0000911185904062,-1.0255715203239752,-1.8137872820745446,-1.184300832317839,-1.245490328971914,-1.1991440456483566,-1.168205435250921,-1.1640944762996188,-0.9795070887589272,-1.1988507940878943,-1.16398475015201,-1.2303583341640216,-1.1951040190734545,-1.2370531901580444,-1.219469419625824,-1.165675688414317,-1.2075006605248433,-1.174518582280636,-1.1497976806716368,-1.0279768496812105,-1.095480828897153,-1.060452929898572,-1.5124727642432543,-1.2896638287472122,-1.1335780656475567,-1.2911185091646047,-1.0777423329021945,-1.5124473652965205,-1.1023163061406036,-1.3132560669970177,-1.0867197186841766,-1.0966563365339645,-1.112632933110345,-1.0754683336852162,-1.3886077112404012,-1.4029463463686955,-1.0830568538853491,-1.0010769317362236,-1.1102947009061177,-0.9708106888893555,-1.0023635753478333,,-0.9744077769013462,-0.9504017947345993,,-1.0106836126299807,-1.0092069025416075,-0.9925219605175091,-1.0212520697027299,-0.8601031571819746,-1.300376806512332,-1.3181760537155656,-1.3757032525400823,-1.3649253667909567,-0.9591828307860268,-1.3567683646176416,-1.1327431123065792,-1.2861429486713445,-1.0542019681826869,-1.2277136149198182,-0.9832455050838469,-1.1637370704958192,-1.127152212957609,-1.1455616156835813,-1.2242612173388077,-1.2713832567017467,-1.4218567739207653,-1.475278910592435,-1.2027622316488267,-1.1720520667126282,-1.0984069180618388,-1.3503564868291589,-1.3851035777075564,-1.1716881010793934,-1.382439932225107,-1.4317478641445303,-1.2941574517127559,-1.0765455222102167,-1.4984774361829842,-1.331327650961283,-1.2420648521310693,-1.1703564789388263,-1.1660215217204266,-1.1921603005844297,-1.155121886602016,-1.456992584286418,-1.1239670508229036,-1.321372152699861,-1.2668271214199267,-1.362334707331697,-1.0606268801624719,-1.1832966172373194,-1.0898900570845198,-1.367689787033603,-1.259410683824136,-1.1633273758189153,-1.3981020828914539,-1.3922072024578553,-1.1407977741175523,-1.2733815240430189,,-1.0616220477853702,,3.372508005687319,,-1.5583758676855144,,-3.226189676765234,-1.2720961070680188,0.5647518268881591,,,,,,,-0.688585214584764,-0.7396224113211405,-0.619934988242675,-0.5809848583230455,-1.2278728702550694,-0.6554028861559171,-1.3749135009281774,-0.7588003573349091,-0.6200864809502686,-0.6848320645470434,-1.144867318835399,-1.0836623587668166,-1.0605044517767976,-0.9458190730769243,-1.0082528118713392,-0.9076407396558324,-1.0460810469790238
变异系数,0.16612309140683998,0.179692375847164,0.20321492401194408,0.19999852350236286,0.2038871906172181,0.20988716203864816,0.2391304350543865,0.22545894204245628,0.2486055074019162,0.2381657660288121,0.2136267540737421,0.20439593707954354,0.24238259069579512,0.15189197944712904,0.16191005496438937,0.14503446621631327,0.14344523625815994,0.15846930485937755,0.1331374426861864,0.17655627352458095,0.17227680537954487,0.1738403735087617,0.16500889363714308,0.16278974557263015,0.12033055726884034,0.16603456451889026,0.16580648359712405,0.18498867345214545,0.18454433672029147,0.16695287853921387,0.17287276269853016,0.17744692039679635,0.17977313495380212,,,,,,,,,,,0.14973954105151396,0.06215712170365645,0.19191477776318527,0.188258823018196,0.19206457037207256,0.20145927454912196,0.18358817684783835,0.17914368127716718,0.20188327956449073,0.1998599471133437,0.1990322772980405,0.19405476025572477,0.18658538196634727,0.1869229496565009,0.19999866900330188,0.19779839188505352,0.178606511196657,0.19138615024125916,0.1851481685068309,0.17727692453636268,0.18834409961776497,0.1829714090342719,0.1995604737689251,0.19803124383967613,0.18219279089577853,0.18990849989552355,0.19778879072117184,0.20258059469599585,0.1967509228330506,0.17572569473318128,0.10631324451021767,0.191200090914467,0.1823964264734007,0.10241298489315534,0.15727559981869774,0.19327964415510795,0.17630672080470863,0.20656414755216815,0.17178699577256862,0.17708641840441172,0.1760805654581848,0.20823294400294987,0.17171528100413583,0.15280392806911752,0.15580513979723626,0.280126584424412,0.18658100737702094,0.1442558554721312,0.19165055867312167,0.15933642688510122,0.158227684237507,0.18566168835716684,0.08826018388060491,0.15178297306046554,0.12753664073542006,0.15036915673878096,0.14492822437611,0.14977681877998736,0.10397740919319558,0.1565912987659626,0.1543023082915757,0.15516551224351066,0.16131161663281715,0.12698491649821197,0.1534685595501819,0.13585734926039505,0.1128408868635724,0.14671284144468297,0.17258011943485133,0.14563659157779807,0.16410802401204166,0.1563770797086398,0.13020648315398076,0.13615462496251823,0.15031270418453396,0.12493473279491578,0.15021645154687852,0.1767590767676366,0.15877875858382817,0.13434308039317056,0.1531499565822579,0.15888217664813856,0.17365986307592696,0.16537079283683284,0.1419131529799613,0.14084676436881272,0.1906282085298799,0.13244335359077739,0.13650194194359505,0.18705361411310087,0.18708439104578337,0.0681127034609034,0.17906502205854763,0.1539805759554536,,0.18920448457129205,0.18647797837953511,0.18365941557070023,0.2093477955964693,0.2176727486075311,0.19656314184670262,0.19580953286871733,0.23541218607568645,0.20906377161986744,0.1961383770611267,0.217846725933457,0.2207494811151932,0.20644972602118333,0.19785149996727278,0.23389831701405378,0.20428816424886256,0.15911338535052855,0.31621332872878305,0.15765664334673682,0.19805659942778056,0.2039527947476518,0.19829422144689565,0.209386222229181,0.20518559307660955,0.19921478355952232,0.1785831987037479,0.2280676933961848,0.2005832548989578,0.19585948690450788,0.21863488362090785,0.17764773177355273,0.21135978163141192,0.1755598964724215,0.19872944268155193,0.1527454569308978,0.1661362701040465,0.19322068412820756,0.1257921545910812,0.1269597958036542,0.13234355319567506,0.14268274072845813,0.13184576380935428,0.12882027452672004,0.1457892476720053,0.14778451584715785,0.12037447987144648,0.15190915747458622,0.2981765136221485,0.16451997478901084,0.13105214959314995,0.14589221233198968,0.18884647880682967,0.1945786361414526,0.16430612760557342,0.21653148747012735,,0.15992467443709735,0.18907330652790602,0.2394330468065933,0.09119644238093941,0.19856750267471507,,0.16006767717598314,0.193787948521293,0.1585596135003322,0.07001021086686605,,,,,0.10536250973729863,0.11389116980194604,0.12862776542836582,0.12980129359327783,0.12433385521946225,0.17604523672209665,0.1287255990724378,0.18665243884511049,0.13738507327823665,0.1254189568329058,0.13424856385083664,0.30578454483704326,0.33496873800983584,0.2604018573712401,0.260074329059676,0.30416838147805797,0.30522064922169895,0.2913580566351376
最小,44497.70431589,26359.2,17437,19868,16000,14774,12111,13300,12716,11587,14614,19312,11805,21792.05175601,14845.3038674,17914.20664207,16502.76752768,16517.52767528,17593.14179796,15719.6347032,12474.49908925,11276.30375114,13783.88278388,11559.52380952,28263,28069,27769,13548,14005,25880.3652968,18743.42701723,16187,13435,,,,,,,,,,,16377.24014337,16758,42173.639,34204.58715596,33490.35812672,17040,29910.25641026,36528.92561983,23141.55251142,16106.78733032,17356.94822888,18675.45454545,22000.91074681,26327,21734,14313.51351351,35763,34657,30602,31315,28717,32191,28673,20342,32027,28215,20418,21965.61085973,19825.65492322,17015,20749,23252.94650952,15857.01275046,21273,15465.3,15173.16409791,14922,11538.59964093,13009,13005,12954,14137,18184,25724.07407407,36898.69888476,12428,16893.21266968,26627.66945218,17215.45454545,17838.23529412,18756.62775182,15949.13714805,33909,30273,27203.2,17596.86346863,27553.7037037,25287.55760369,25484,18441.79651696,19628,26138.53211009,17916.59028414,21265.30612245,18335.17495396,16020,16607,19230.62730627,13025.54744526,24269.23076923,13992.77326107,17773.84196185,17476,17392.49771272,17418.79562044,18031,18144.43422263,13950,16941.71220401,17626,15898.98989899,14731.22171946,12669.37669377,13395.30685921,12906,13862,26909.17347866,21205,15723,16877.14543812,16775.76853526,17048.67417363,17090.66183137,17299.63570128,,12248.69157192,14169.15153158,14095.75429088,27236,19842,19630.81130356,17331,10799.45799458,15800.36463081,14060,10338.19507748,13250,15080.90909091,12831,10022,11641.68190128,39229.1,9864,40948,30351.50684932,15710.64604186,32208.98258478,18817.18464351,13822.76422764,13703.77019749,15743.4150772,20782.21415608,13442.05776173,13891.32420091,11923.6983842,16309.17431193,14228.38944495,32853.72585097,30245.85635359,15242.5,13507.85907859,12724.88687783,20990,21152,18840,17260,19822,19959,16282,17093,19012,13884,8529,12033,16132,14474,20518.58567543,20005.47445255,16081,16563.17689531,,17107.95974382,19853,14228.72827081,18910,16197.08029197,,16662.0626151,14546.7032967,16157,22756,,,,,15203.27304048,25599.88967546,17331.68904723,16772.14038916,16763.68928506,13632.88370397,17730.74822501,13066.15776081,17217.66848816,12693.91462307,11383.24873096,11318.53117319,6493.65078131,14036,11987,7801,5827,7010
最大,69434,43854,30955,34871,28417,26919,23772,25204,25674,23223,26888,34358,23527,33562.753,23533.188,27125.653,24313.413,25897.411,25237.333,26187,20406.123,18462.464,22106.848,18368.54,38306.17072561,44748.49916519,44369.2687331,22826.11398848,23655.87033071,41367.63967335,30570.33567938,26832.9172974,22337.86661146,,,,,,,,,,,24998,18969,72232,57630,57589,29736,49840,60109,40320,28094,30192,32096,37074,44259,37773,24938,59261,59952,51490,51615,48673,53839,50580,35412,53568,47988,35450,38806,34529,27330,27093,39783,26576,28551.2,23077,26148,23999,20700,20592,20899,20756,24786,28834,38719.2380674,55870.123484,30519.75162519,28702.29964179,39155.40090324,29474.17431278,27339.43850608,28736.77687961,26972.24466715,41472.05,45452,37543,26290.64,40602.16,37783.34,32517.6,28054.5,29690.04,39592.9,27577.12,29254,27618.94,22608.3,21601.91,28516.55,20672.94,35941.89699552,21794.8,27101.42594174,24019.96,24646.99525131,26105.1,24561.8,27115.7588399,22584,25949.2,24624.7,23924.26,22637.50285785,20175.1,20927.59999064,18321,19643.6,46010,29672,22211,28772,28558,18774,28459,26312,,20990,24093,23788,51478,39173,34360,29955.99999638,21067,28577,24669.63200756,19139,25560,27196.00000187,22212.13144281,19811,20553.67258261,60073.82,27546,62522.39,52495.06,28220,56245,33667,24986,24600,26121.47,39745,23873,24427,22291.1,26591,26055,53657.16,52754,23302.5,21822,22306.2,28929,29209,26381,25140,27684,27679,24061,25326,25882,20962,21975,18637,22498,20967,35025,34642,24912,30823.93372677,,26319,28270,23439,22696.9,27315,,23665,24797,23241,26173,,,,,17651,35783,25293,24662,24280,22288,25954,21868,25759,18428,16932,30203,20066,32023,27725,20608,15323,17864
中位数,57230,35548,23651.5,26659.81117943,21536.5,20289.838014945002,17185.212457275,18721.5,18586.355508195,16924.790583235,20435,26204,17150,27169,18594,21951,19834,20578,20847,20455.5,16001,14371,17438,14429,33115,35759,35566,17737.11936,18415,32860,24280,21010,17373.41023,[object Object],[object Object],[object Object],[object Object],[object Object],[object Object],[object Object],[object Object],[object Object],[object Object],20511.5,18125,56646.651457585,44009,44605,22348,38435,46595,30084,21230,22762,24463,28633,34064,28259,18957,46116,46437,39601,40118,37193,41506,38894,26745,41564,36915,26757,29113,26160,21470.5,22534.1,30437,20238,25443,18336,19884,18858,15415,16257.5,16547.5,16276,19058,22729,31302.82992348,44886.24564342,20835.62188233,22172.643549,32055.608517775,22784.292303,22026.844713985,23119.708620589998,20905.173429,38408,37221.5,32038,21532,33504,31020.5,28936,22850.5,24219,32364.5,22288.5,24759,22565,19083,19019,23577.5,16441.5,29297.51807479,17444.850888970002,21823.61320747,20310.73056302,20208.479300175,21274.967879885,20855.04091787,21947.837147575,18196.96302728,20838.872341839997,20749.72664243,19242.128726545,18269.86111605,15855.45445233,16666.335074875,15226.10461936,16432.94932827,35383,24968,18716,22261,22117,17911.337086815,22187,21386.5,[object Object],16224,18699,18480,39461.537170925,29997.896182174998,26387.51424528,22916.611847,15553.857020399999,21771.690522445002,18838,14319.362346664999,19185.411108250002,20641.85567867,16763.92040957,14495.446660590002,15305.63957193,48724.57814,18143.1,50816.514745,40154.1,21616.97713,43876.990195,25638.687400000003,18782.999065,19143.95,20579.8,29576.00965,18810.818135,18631.239950000003,16897.5509468,21443.89771,19775.648255,41901.9,41783.065,19429.01138,18202.11653,17196.041555,24984,25075,22480,21133,23536,23916,19982,21119,22371,17453,14972,15197,19269,17541,27574,26887.5,19957,23093.565675445,[object Object],21227.5,21798,15821,20707,22190.5,[object Object],19847.5,19068,18647.5,24826,[object Object],[object Object],[object Object],[object Object],16427.13652024,31407,21922,21185,20868,17775,22357,17166,22183,15834,14484,19955.40963038,13226.41998909,22650.5,19484,13373,10000,12011
观测次数,7,8,8,8,8,8,8,8,8,8,8,8,8,7,7,7,6,7,6,8,7,7,7,7,5,7,7,7,7,7,7,7,7,1,1,1,1,1,1,1,1,1,1,6,3,8,7,8,7,7,7,7,7,7,7,7,7,7,7,7,8,7,7,7,7,8,7,7,7,7,7,7,6,6,7,7,7,6,7,6,7,6,6,6,7,6,6,6,10,7,6,7,6,6,7,4,6,5,6,6,6,4,6,6,6,6,5,6,5,4,6,6,6,6,6,5,6,6,5,6,7,6,5,6,6,6,6,5,5,7,5,5,7,7,2,7,6,1,7,7,7,8,8,8,8,8,8,7,8,8,8,7,8,7,6,11,6,7,8,8,8,8,8,7,8,8,8,8,7,8,7,8,7,8,8,5,5,5,6,5,5,6,6,5,6,10,6,5,5,8,8,6,8,1,6,3,4,3,6,1,4,7,4,3,1,1,1,1,2,7,7,7,7,7,7,7,7,7,7,11,11,10,10,11,10,11
2010,,,,,,,,,,,,,,,,,,,,,,,,,,,,,,,,,,,,,,,,,,,,,,,,,,,,,,,,,,,,,,,,,,,,,,,,,,,,,,,,,,,,,,,,,12428,,,,,,,,,,,,,,,,,,,,,,,,,,,,,,,,,,,,,,,,,,,,,,,,,,,,,,,,,,,,,,,,,,,9864,,,,,,,,,,,,,,,,,,,,,,,,,,,,,,8529,,,,,,,,,,,,,,,,,,,,,,,,,,,,,,,,,,11318.53117319,6493.65078131,14036,11987,7801,5827,7010
2011,,,,,,,,,,,,,,,,,,,,,,,,,,,,,,,,,,,,,,,,,,,,,,,,,,,,,,,,,,,,,,,,,,,,,,,,,,,,,,,,,,,,,,,,,14459,,,,,,,,,,,,,,,,,,,,,,,,,,,,,,,,,,,,,,,,,,,,,,,,,,,,,,,,,,,,,,,,,,,11339,,,,,,,,,,,,,,,,,,,,,,,,,,,,,,9735,,,,,,,,,,,,,,,,,,,,,,,,,,,,,,,,,,13078.24162407,7842.74027377,16017,13880,8912,6709,8055
2012,,,,,,,,,,,,,,,,,,,,,,,,,,,,,,,,,,,,,,,,,,,,,,,,,,,,,,,,,,,,,,,,,,,,,,,,,,,,,,,,,,,,,,,,,16393,,,,,,,,,,,,,,,,,,,,,,,,,,,,,,,,,,,,,,,,,,,,,,,,,,,,,,,,,,,,,,,,,,,13458,,,,,,,,,,,,,,,,,,,,,,,,,,,,,,11375,,,,,,,,,,,,,,,,,,,,,,,,,,,,,,,,,,14965.28889593,9388.77599594,18064,15734,10136,7688,9141
2013,,26359.2,17437,19868,16000,14774,12111,13300,12716,11587,14614,19312,11805,21792.05175601,14845.3038674,17914.20664207,,16517.52767528,,15719.6347032,12474.49908925,11276.30375114,13783.88278388,11559.52380952,,28069,27769,13548,14005,25880.3652968,18743.42701723,16187,13435,,,,,,,,,,,16377.24014337,16758,42173.639,34204.58715596,33490.35812672,17040,29910.25641026,36528.92561983,23141.55251142,16106.78733032,17356.94822888,18675.45454545,22000.91074681,26327,21734,14313.51351351,35763,34657,30602,31315,28717,32191,28673,20342,32027,28215,20418,21965.61085973,19825.65492322,,,23252.94650952,15857.01275046,23819.83621474,,15173.16409791,,11538.59964093,,,,14613.07901907,,,,18246.57534247,16893.21266968,,17215.45454545,,,15949.13714805,,,,,,,,,,,,,,,,,,,,,,,,,,,,,,,,,,,26909.17347866,,,16877.14543812,16775.76853526,17048.67417363,17090.66183137,,,12248.69157192,14169.15153158,14095.75429088,27236,19842,19630.81130356,17331,10799.45799458,15800.36463081,14060,10338.19507748,13250,15080.90909091,12831,10022,11641.68190128,,15111.81818182,,30351.50684932,15710.64604186,32208.98258478,18817.18464351,13822.76422764,13703.77019749,15743.4150772,20782.21415608,13442.05776173,13891.32420091,11923.6983842,,14228.38944495,32853.72585097,30245.85635359,,13507.85907859,12724.88687783,,,,,,,,,,,12835,,,,20518.58567543,20005.47445255,,16563.17689531,,,,,,,,,,,,,,,,,,,,,,,,,,,16617.56867711,11004.79103363,19914,17294,11241,8676,10140
2014,44497.70431589,28832,18984,21603,17457,16292,13405,14734,14126,13345,16099,21061,13111,23579,16122,19419,16502.76752768,17905,17593.14179796,17213,13697,12325,15052,12623,,30704,30660,14948,15489,28339,20674,17957,14791,,,,,,,,,,,18277,18125,45965.8282784,37283,36471,18744,32662,39780,25340,17798,19110,20543,24157,28850,23833,15888,39237,38074,33478,34318,31510,35335,31599,22436,35330,30950,22426,24271.64,21947,17015,20749,25648,17411,26178,16089,16736,14922,12854,13009,13005,12954,14137,18184,25724.07407407,36898.69888476,19980.24376466,18667.41674251,26627.66945218,18937.11436383,17838.23529412,18756.62775182,17559.55785042,,30273,,17596.86346863,27553.7037037,25287.55760369,,18441.79651696,19628,26138.53211009,17916.59028414,21265.30612245,18335.17495396,,,19230.62730627,13025.54744526,24269.23076923,13992.77326107,17773.84196185,,17392.49771272,17418.79562044,,18144.43422263,13950,16941.71220401,,15898.98989899,14731.22171946,12669.37669377,13395.30685921,,,29627,,,18683,18554,18774,18851,17299.63570128,,13574,15681,15604,32220,24364,21535,18546,11955,17333,15792,11341,15260,16589,13965.29680365,11446,12736,39229.1,16623,40948,33234.9,17266,35140,20586,15301.8,15266,17333.5,22901.6,14893.8,15211,13283,16309.17431193,15637,35712,32847,15242.5,14953.2,14061,,,,,,,,,,,14305,,,,22632,21926,16081,18352,,17107.95974382,,14228.72827081,,16197.08029197,,16662.0626151,14546.7032967,,,,,,,15203.27304048,25599.88967546,17331.68904723,16772.14038916,16763.68928506,13632.88370397,17730.74822501,13066.15776081,17217.66848816,12693.91462307,11383.24873096,18128.87548386,12029.01666491,21750,18748,12322,9591,11094
2015,48458,31291,20761.77,23464.93,18965.89,17822.34,14784.67,16182.09,15781.25,14616.51,17764.42,22954.95,14585.1,25408,17472,20793,17889,19352,18983,18631,14922,13415,16347,13591,28263,33184,33023,16302,16989,30511,22461,19435,16042,,,,,,,,,,19820,19778,18969,49867.16628267,40455,39461,20424.59924,35378.88589,42987.33168,27584,19417.94727,20840,22419.44508,26253,31262.53356,25927,17341.73901,42642,41373,36459,37139,34251,38389,34378,24460,38254,33788,24402,26604.7,23998.5,18716.9,22376.2,27968.7,18937.1,28551.2,15465.3,18255,16443.6,14094.7,14222.2,14206.4,14201.7,17577.3,19929.7,27782,39703,21691,20434,28678,20695,19408,20500.16241136,19175,,32885,27203.2,19075,29758,27437,,20120,21377,28491,19547,22924,19912,16020,,20846,14276,26501,15490,19569,17476,18200,19091,18031,19723,15345,18602,17626,17314,16278,14025,14842,12906,13862,32478,21205,15723,20465,20271,,20559,18995,,14893,17166,17033,34860,26450,23312,20212,13284,18958,17284,12460,16711,18108,15292,12550,13954,42718.2,18143.1,44633.3,36157.9,18996,38501.3,22364.4,16631.7,16847.3,18991.4,25219.6,16404.4,16473.5,14548.1,17777.3,17070,38650.6,35712.2,16815.6,16308.4,15212.4,20990,21152,18840,17260,19822,19959,16282,17093,19012,13884,15639,12033,16132,14474,24442,23668,17464,20110,,18699,,15552,,17752,,18095,15885,,,,,,,17651,27845,18973,18446,18430,14958,19479,14378,18905,13976,12558,19955.40963038,13226.41998909,23551,20220,13373,10409,12011
2016,52530,34074,22652,25534,20600,19412,16320,17802,17588,16095,19521,25070,16296,27169,18594,21951,19117,20578,20113,19783,16001,14371,17438,14429,30527,35759,35566,17737.11936,18415,32860,24280,21010,17373.41023,,,,,,,,,,,21245,,54305.347144,44009,42757,22348,38435,46595,30084,21230,22762,24463,28633,34064,28259,18957,46116,44641,39601,40118,37193,41506,37159,26745,41564,36915,26757,29113,26160,20479,20795,30437,20238,21273,17529,19884,17995,15415,15511,15837,15514,19058,21696,30045.024552,43142.984304,23622.72,22172.643549,30855.186853,22784.292303,21073.255101,22142.21902,20905.173429,33909,35680,29462,20644,32178,29742,25484,21854,23194,30941,21291,24759,21602,17467,16607,22603,15661,28038.7,16607.2,20811.8,18461.9,19320.6,20287.9,19115.1,20942.3,16434.2,19862.1,18887.2,18342.5,17421.1,15026.5,15853.1,13822.4,14856.8,35383,22984,17062,22261,22117,,22187,20517,,16224,18699,18480,37791.78017339,28761.76632922,25304.0400769,21981.22394315,14754.69470828,20782.22115045,18838,13605.64061979,18335.58402096,19756.46411876,16763.92040957,13807.81544756,15305.63957193,46667,19977.5,48695,40154.1,20713,41940.7,24426.74,17934.4,18402.7,20579.8,28061.4,17986.6,17936.7,16077.4478836,19513.2,18859.2537,41901.9,40012.4,18060.5,17654.1,16517.6,22862,23009,20543,18657,21467,21841,17765,18642,20726,15340,16940,13175,17607,15897,26447,25761,19083,22034.143137,,20304,19853,16090,18910,,,,17350,16157,,,,,,,30032,20630,20040,20006,16265,21122,15678,20463,15226,13693,21819.80447162,14457.45397146,25397,21747,14510,11330,12941
2017,57230,37022,24651,27785.62235886,22473,21167.67602989,18050.42491455,19641,19584.71101639,17754.58116647,21349,27338,18004,28935,19895,23422,20551,22039,21581,21128,17153,15506,18764,15554,33115,38749,38624.55,19321,19996,35648,26332,22783,18885,,,,,,,,,,,22502,,58987.95577117,48104,46453,24535,41879,50603,33011,23302,24934,26740,31370,37169,30944,20756,49832,48233,43185,43507,40702,45306,40629,29378,45195,40439,29329,31950,28622,22462,22692,33260,22128,23292,19143,21724,19721,16971,17004,17258,17038,20718,23762,32560.63529496,46629.50698284,25694.25185673,24149.75609638,33256.03018255,24789.466336,22980.43432697,24097.19822118,22702.89873967,36872,38763,32038,22420,34830,32299,27823,23847,25244,33788,23286,27012,23528,19083,18183,24552,17222,30556.33614958,18282.50177794,22835.42641494,20310.73056302,21096.35860035,22262.03575977,20855.04091787,22953.37429515,18196.96302728,21815.64468368,20749.72664243,20141.75745309,19118.6222321,16684.40890466,17479.57014975,15226.10461936,16432.94932827,38642,24968,18716,24182,24030,,24049,22256,,17658,20310,20069,41131.29416846,31234.02603513,27470.98841366,23851.99975085,16353.01933252,22761.15989444,20547.98553971,15033.08407354,20035.23819554,21527.24723858,18370.8304849,15183.07787362,16813.00004681,50782.15628,21865.86,52938.02949,44043.11633,22520.95426,45813.28039,26850.6348,19631.59813,19885.2,22360.01031,31090.6193,19635.03627,19325.7799,17717.65401,21443.89771,20692.04281,45450.61156,43553.73,19429.01138,18750.13306,17874.48311,24984,25075,22480,20330,23536,23916,19215,20344,22371,16841,18590,14529,19269,17541,28701,28014,20831,24152.98821389,,22151,21798,,20707,21198,,21600,19068,17773,,,,,,,32597,22562,21880,21838,17775,23045,17166,22318,16702,15034,23927.55338858,15841.10824256,27517,23622,15848,12485,14067
2018,62361,39506,26839.01928771,30308.67,24554.59876969,23117,20052.39,21708,21830.06185084,19677.22019714,23271.92,29781,19869,31031,21590,25134,22307,23855,23204,22908,18707,16896,20192,16883,35682,41755,41551,21016,21740,38521,28428,24742,20501,25091,26968,28717,13729,14700,25149,18689,16543,12786,,24998,,64183,52916,50373,27385,45933,55476,37071,25864,27696,29488,34076,40883,34642,22918,54348,52402,46920,47380,44487,49389,44326,32269,49217,43973,32245,35175,31445,24634,24715,36482,24143,25443,21009,23813,21701,18671,18703,18969,18778,22659,26112,35375.99421178,50948.03829018,27954.22,26199.52849935,36088.17846127,26997.93482337,25011.99,26246.59227179,24630.57813715,39944,42019,34730,24334,37586,34901,30049,25902,27389,36626,25377,29254,25545,20761,19855,26371,18858,33105.12581373,19984.86,24882.4,22153.03,22825.24,24093.05,22595.9,24890.28,19801.82,23820.8,22589.42,21952.71,20823.63,18387.21,19155.63,16760.87,17991.45,42133,27092,20287,26193,26028,,26073,24070,,19144,21995,21752,44647,33953,29872,25901,18010,24812,22465,16465,21843,23459,20163,16789,18544,55276.10125,23675.98116,57543.63806,48107.08729,24428.00656,49629.52431,29546.9133,21426.85151,21349.86377,24070.87862,33929.86236,21217.00744,21001.08598,19397.11273,23281.82051,22369.39483,49331.00152,46864.98312,20895.06581,20042.27148,19239.13712,26798,27041,24289,21936,25374,25824,20749,21894,24041,18065,20160,15865,20844,19140,31205,30487,22798,26385.83560649,,24069,,,22696.9,23183,,23665,20881,19522,22756,30309,,,,,31407,21922,21185,20868,19075,22357,18820,22183,15834,14484,26073.90374581,17305.08201722,29722.88074,25638.49888,17416.10984,13958.14036,15333.92638
2019,67756,42404,29335.35979759,33080.26,26916.27882857,25371.18,22338,23769,24159,21828,25421,32603,22067,33562.753,23533.188,27125.653,24313.413,25897.411,25237.333,24855.372,20406.123,18462.464,22106.848,18368.54,38306.17072561,44748.49916519,44369.2687331,22826.11398848,23655.87033071,41367.63967335,30570.33567938,26832.9172974,22337.86661146,,,,,,,,,,,,,69442,57630,54847,29736,49840,60109,40320,28094,30192,32096,37074,44259,37773,24938,59261,56982,51490,51615,48673,53839,48155,35412,53568,47988,35450,38806,34529,27330,27093,39783,26576,27794,23077,26148,23999,20700,20592,20899,20756,24786,28834,38719.2380674,55870.123484,30519.75162519,28702.29964179,39155.40090324,29474.17431278,27339.43850608,28736.77687961,26972.24466715,41472.05,45452,37543,26290.64,40602.16,37783.34,32517.6,28054.5,29690.04,39592.9,27577.12,,27618.94,22608.3,21601.91,28516.55,20672.94,35941.89699552,21794.8,27101.42594174,24019.96,24646.99525131,26105.1,24561.8,27115.7588399,21592.2,25949.2,24624.7,23924.26,22637.50285785,20175.1,20927.59999064,18321,19643.6,46010,29672,22211,28772,28558,,28459,26312,26543,20990,24093,23788,48723.64457928,37099.88488333,32548.49799373,28222.05135488,19821.41452885,27050.84543339,24669.63200756,18025.69326352,23899.34172332,25636.3398978,22212.13144281,18574.04501796,20553.67258261,60073.82,25805.53,62522.39,52495.06,26612.75,54042.65,32323.33,23320.42,23178.96,26121.47,37159.59,22903.9,22782.93,21052.29,25131.11,24361.98,53657.16,50477.6,22542.41,21341.09,20938.06,28929,29209,26381,23827,27684,27679,22556,23930,25882,19669,21975,17379,22498,20967,33815,33130,24912,28920.4120051,,26319,,,,25508,16728,,22995,,24826,,,,,,34064,23897,23151,22831,20906,24450,20583,24213,17346,15933,28189.23037726,18888.76677319,32023,27725,19165,15323,16904
2020,69434,43854,30955,34871,28417,26919,23772,25204,25674,23223,26888,34358,23527,,,,,,,26187,,,,,,,,,,,,,,,,,,,,,,,,,,72232,,57589,,,,,,,,,,,,,59952,,,,,50580,,,,,,,,,,,,,,,,,,,,,,,,,,,,,,,,,,,,,,,,,,,,,,,,,,,,,,,22584,,,,,,,,,,,,,,,,,,,,,51478,39173,34360,29955.99999638,21067,28577,,19139,25560,27196.00000187,,19811,,,27546,,,28220,56245,33667,24986,24600,,39745,23873,24427,22291.1,26591,26055,,52754,23302.5,21822,22306.2,,,,25140,,,24061,25326,,20962,,18637,,,35025,34642,,30823.93372677,42075,,28270,23439,,27315,,,24797,23241,26173,,25190,16841,19267,,35783,25293,24662,24280,22288,25954,21868,25759,18428,16932,30203,20066,,,20608,,17864