1949,,,0.407,,,,,,,,,,,,,,,,,,,,,,,,,,,,,,,,,,,,,,,,,,,,,,,,,,,,,,,,,,,,,,,,,,2.028,,,,,,,,,,,,,,,,,,,,,,,,,,,,,,,,,,,,,,,,,,,,,,,,,,,,,,,,,,,,,,,,,,,,,,,,,,,,,,,,,,,,,,,,,,,,,,,,,,,,,,,,,,,,,,,,,,,,,,,,,,,,,,,,,,,,,,,,,,,,,,,,,,,,,,,,,,,,,,,1.389,0.39953,,,,,,,,,,,,,,,,,,,,,,,,,,,,,,,,,,,,,,,,,,,,,,,,,,,,,,,,,,,,,,,,,,,,,,
1950,,,0.755,,,,,,,,,,,,,,,,,,,,,,,,,,,,,,,,,,,,,,,,,,,,,,,,,,,,,,,,,,,,,,,,,,2.243,,,,,,,,,,,,,,,,,,,,,,,,,,,,,,,,,,,,,,,,,,,,,,,,,,,,,,,,,,,,,,,,,,,,,,,,,,,,,,,,,,,,,,,,,,,,,,,,,,,,,,,,,,,,,,,,,,,,,,,,,,,,,,,,,,,,,,,,,,,,,,,,,,,,,,,,,,,,,,,1.502,0.42058,,,,,,,,,,,,,,,,,,,,,,,,,,,,,,,,,,,,,,,,,,,,,,,,,,,,,,,,,,,,,,,,,,,,,,
1951,,,1.145,,,,,,,,,,,,,,,,,,,,,,,,,,,,,,,,,,,,,,,,,,,,,,,,,,,,,,,,,,,,,,,,,,3.152,,,,,,,,,,,,,,,,,,,,,,,,,,,,,,,,,,,,,,,,,,,,,,,,,,,,,,,,,,,,,,,,,,,,,,,,,,,,,,,,,,,,,,,,,,,,,,,,,,,,,,,,,,,,,,,,,,,,,,,,,,,,,,,,,,,,,,,,,,,,,,,,,,,,,,,,,,,,,,,1.597,0.45902,,,,,,,,,,,,,,,,,,,,,,,,,,,,,,,,,,,,,,,,,,,,,,,,,,,,,,,,,,,,,,,,,,,,,,
1952,,0.788,1.28,,,,,,,,,,,,,,,,,,,,,,,,,,,,,,,,,,,,,,,,,,,,,,,,,,,,,,,,,,,,,,,,,,3.666,,,,,,,,,,,,,,,,,,,,,,,,,,,,,,,,,,,,,,,,,,,,,,,,,,,,,,,,,,,,,,,,,,,,,,,,,,,,,,,,,,,,,,,,,,,,,,,,,,,,,,,,,,,,,,,,,,,,,,,,,,,,,,,,,,,,,,,,,,,,,,,,,,,,,,,,,,,,,,,1.797,0.5109,,,,,,,,,,,,,,,,,,,,,,,,,,,,,,,,,,,,,,,,,,,,,,,,,,,,,,,,,,,,,,,,,,,,,,
1953,,1.928,1.758,,,,,,,,,,,,,,,,,,,,,,,,,,,,,,,,,,,,,,,,,,,,,,,,,,,,,,,,,,,,,,,,,,5.171,,,,,,,,,,,,,,,,,,,,,,,,,,,,,,,,,,,,,,,,,,,,,,,,,,,,,,,,,,,,,,,,,,,,,,,,,,,,,,,,,,,,,,,,,,,,,,,,,,,,,,,,,,,,,,,,,,,,,,,,,,,,,,,,,,,,,,,,,,,,,,,,,,,,,,,,,,,,,,,2.126,0.6251,,,,,,,,,,,,,,,,,,,,,,,,,,,,,,,,,,,,,,,,,,,,,,,,,,,,,,,,,,,,,,,,,,,,,,
1954,,2.113,1.698,,,,,,,,,,,,,,,,,,,,,,,,,,,,,,,,,,,,,,,,,,,,,,,,,,,,,,,,,,,,,,,,,,5.47,,,,,,,,,,,,,,,,,,,,,,,,,,,,,,,,,,,,,,,,,,,,,,,,,,,,,,,,,,,,,,,,,,,,,,,,,,,,,,,,,,,,,,,,,,,,,,,,,,,,,,,,,,,,,,,,,,,,,,,,,,,,,,,,,,,,,,,,,,,,,,,,,,,,,,,,,,,,,,,2.279,0.6623,,,,,,,,,,,,,,,,,,,,,,,,,,,,,,,,,,,,,,,,,,,,,,,,,,,,,,,,,,,,,,,,,,,,,,
1955,,2.388,1.712,,,,,,,,,,,,,,,,,,,,,,,,,,,,,,,,,,,,,,,,,,,,,,,,,,,,,,,,,,,,,,,,,,5.364,,,,,,,,,,,,,,,,,,,,,,,,,,,,,,,,,,,,,,,,,,,,,,,,,,,,,,,,,,,,,,,,,,,,,,,,,,,,,,,,,,,,,,,,,,,,,,,,,,,,,,,,,,,,,,,,,,,,,,,,,,,,,,,,,,,,,,,,,,,,,,,,,,,,,,,,,,,,,,,2.332,0.69748,,,,,,,,,,,,,,,,,,,,,,,,,,,,,,,,,,,,,,,,,,,,,,,,,,,,,,,,,,,,,,,,,,,,,,
1956,,2.683,2.07,,,,,,,,,,,,,,,,,,,,,,,,,,,,,,,,,,,,,,,,,,,,,,,,,,,,,,,,,,,,,,,,,,6.361,,,,,,,,,,,,,,,,,,,,,,,,,,,,,,,,,,,,,,,,,,,,,,,,,,,,,,,,,,,,,,,,,,,,,,,,,,,,,,,,,,,,,,,,,,,,,,,,,,,,,,,,,,,,,,,,,,,,,,,,,,,,,,,,,,,,,,,,,,,,,,,,,,,,,,,,,,,,,,,2.637,0.7961,,,,,,,,,,,,,,,,,,,,,,,,,,,,,,,,,,,,,,,,,,,,,,,,,,,,,,,,,,,,,,,,,,,,,,
1957,,3.281,2.411,,,,,,,,,,,,,,,,,,,,,,,,,,,,,,,,,,,,,,,,,,,,,,,,,,,,,,,,,,,,,,,,,,6.96,,,,,,,,,,,,,,,,,,,,,,,,,,,,,,,,,,,,,,,,,,,,,,,,,,,,,,,,,,,,,,,,,,,,,,,,,,,,,,,,,,,,,,,,,,,,,,,,,,,,,,,,,,,,,,,,,,,,,,,,,,,,,,,,,,,,,,,,,,,,,,,,,,,,,,,,,,,,,,,2.656,0.90359,,,,,,,,,,,,,,,,,,,,,,,,,,,,,,,,,,,,,,,,,,,,,,,,,,,,,,,,,,,,,,,,,,,,,,
1958,,3.452,3.249,,,,,,,,,,,,,,,,,,,,,,,,,,,,,,,,,,,,,,,,,,,,,,,,,,,,,,,,,,,,,,,,,,9.561,,,,,,,,,,,,,,,,,,,,,,,,,,,,,,,,,,,,,,,,,,,,,,,,,,,,,,,,,,,,,,,,,,,,,,,,,,,,,,,,,,,,,,,,,,,,,,,,,,,,,,,,,,,,,,,,,,,,,,,,,,,,,,,,,,,,,,,,,,,,,,,,,,,,,,,,,,,,,,,3.481,1.03925,,,,,,,,,,,,,,,,,,,,,,,,,,,,,,,,,,,,,,,,,,,,,,,,,,,,,,,,,,,,,,,,,,,,,,
1959,,4.628,4.125,,,,,,,,,,,,,,,,,,,,,,,,,,,,,,,,,,,,,,,,,,,,,,,,,,,,,,,,,,,,,,,,,,12.849,,,,,,,,,,,,,,,,,,,,,,,,,,,,,,,,,,,,,,,,,,,,,,,,,,,,,,,,,,,,,,,,,,,,,,,,,,,,,,,,,,,,,,,,,,,,,,,,,,,,,,,,,,,,,,,,,,,,,,,,,,,,,,,,,,,,,,,,,,,,,,,,,,,,,,,,,,,,,,,3.803,1.25501,,,,,,,,,,,,,,,,,,,,,,,,,,,,,,,,,,,,,,,,,,,,,,,,,,,,,,,,,,,,,,,,,,,,,,
1960,,5.747,4.266,,,,,,,,,,,,,,,,,,,,,,,,,,,,,,,,,,,,,,,,,,,,,,,,,,,,,,,,,,,,,,,,,,15.839,,,,,,,,,,,,,,,,,,,,,,,,,,,,,,,,,,,,,,,,,,,,,,,,,,,,,,,,,,,,,,,,,,,,,,,,,,,,,,,,,,,,,,,,,,,,,,,,,,,,,,,,,,,,,,,,,,,,,,,,,,,,,,,,,,,,,,,,,,,,,,,,,,,,,,,,,,,,,,,3.882,1.28171,,,,,,,,,,,,,,,,,,,,,,,,,,,,,,,,,,,,,,,,,,,,,,,,,,,,,,,,,,,,,,,,,,,,,,
1961,,3.655,2.841,,,,,,,,,,,,,,,,,,,,,,,,,,,,,,,,,,,,,,,,,,,,,,,,,,,,,,,,,,,,,,,,,,10.178,,,,,,,,,,,,,,,,,,,,,,,,,,,,,,,,,,,,,,,,,,,,,,,,,,,,,,,,,,,,,,,,,,,,,,,,,,,,,,,,,,,,,,,,,,,,,,,,,,,,,,,,,,,,,,,,,,,,,,,,,,,,,,,,,,,,,,,,,,,,,,,,,,,,,,,,,,,,,,,2.896,0.79866,,,,,,,,,,,,,,,,,,,,,,,,,,,,,,,,,,,,,,,,,,,,,,,,,,,,,,,,,,,,,,,,,,,,,,
1962,,2.959,2.425,,,,,,,,,,,,,,,,,,,,,,,,,,,,,,,,,,,,,,,,,,,,,,,,,,,,,,,,,,,,,,,,,,8.472,,,,,,,,,,,,,,,,,,,,,,,,,,,,,,,,,,,,,,,,,,,,,,,,,,,,,,,,,,,,,,,,,,,,,,,,,,,,,,,,,,,,,,,,,,,,,,,,,,,,,,,,,,,,,,,,,,,,,,,,,,,,,,,,,,,,,,,,,,,,,,,,,,,,,,,,,,,,,,,2.512,0.77482,,,,,,,,,,,,,,,,,,,,,,,,,,,,,,,,,,,,,,,,,,,,,,,,,,,,,,,,,,,,,,,,,,,,,,
1963,,3.172,2.665,,,,,,,,,,,,,,,,,,,,,,,,,,,,,,,,,,,,,,,,,,,,,,,,,,,,,,,,,,,,,,,,,,9.069,,,,,,,,,,,,,,,,,,,,,,,,,,,,,,,,,,,,,,,,,,,,,,,,,,,,,,,,,,,,,,,,,,,,,,,,,,,,,,,,,,,,,,,,,,,,,,,,,,,,,,,,,,,,,,,,,,,,,,,,,,,,,,,,,,,,,,,,,,,,,,,,,,,,,,,,,,,,,,,2.792,0.84932,,,,,,,,,,,,,,,,,,,,,,,,,,,,,,,,,,,,,,,,,,,,,,,,,,,,,,,,,,,,,,,,,,,,,,
1964,,3.599,3.059,,,,,,,,,,,,,,,,,,,,,,,,,,,,,,,,,,,,,,,,,,,,,,,,,,,,,,,,,,,,,,,,,,10.07,,,,,,,,,,,,,,,,,,,,,,,,,,,,,,,,,,,,,,,,,,,,,,,,,,,,,,,,,,,,,,,,,,,,,,,,,,,,,,,,,,,,,,,,,,,,,,,,,,,,,,,,,,,,,,,,,,,,,,,,,,,,,,,,,,,,,,,,,,,,,,,,,,,,,,,,,,,,,,,3.258,1.04283,,,,,,,,,,,,,,,,,,,,,,,,,,,,,,,,,,,,,,,,,,,,,,,,,,,,,,,,,,,,,,,,,,,,,,
1965,,3.979,3.596,,,,,,,,,,,,,,,,,,,,,,,,,,,,,,,,,,,,,,,,,,,,,,,,,,,,,,,,,,,,,,,,,,11.353,,,,,,,,,,,,,,,,,,,,,,,,,,,,,,,,,,,,,,,,,,,,,,,,,,,,,,,,,,,,,,,,,,,,,,,,,,,,,,,,,,,,,,,,,,,,,,,,,,,,,,,,,,,,,,,,,,,,,,,,,,,,,,,,,,,,,,,,,,,,,,,,,,,,,,,,,,,,,,,3.829,1.36371,,,,,,,,,,,,,,,,,,,,,,,,,,,,,,,,,,,,,,,,,,,,,,,,,,,,,,,,,,,,,,,,,,,,,,
1966,,4.441,3.931,,,,,,,,,,,,,,,,,,,,,,,,,,,,,,,,,,,,,,,,,,,,,,,,,,,,,,,,,,,,,,,,,,12.481,,,,,,,,,,,,,,,,,,,,,,,,,,,,,,,,,,,,,,,,,,,,,,,,,,,,,,,,,,,,,,,,,,,,,,,,,,,,,,,,,,,,,,,,,,,,,,,,,,,,,,,,,,,,,,,,,,,,,,,,,,,,,,,,,,,,,,,,,,,,,,,,,,,,,,,,,,,,,,,3.961,1.67303,,,,,,,,,,,,,,,,,,,,,,,,,,,,,,,,,,,,,,,,,,,,,,,,,,,,,,,,,,,,,,,,,,,,,,
1967,,3.786,3.362,,,,,,,,,,,,,,,,,,,,,,,,,,,,,,,,,,,,,,,,,,,,,,,,,,,,,,,,,,,,,,,,,,11.004,,,,,,,,,,,,,,,,,,,,,,,,,,,,,,,,,,,,,,,,,,,,,,,,,,,,,,,,,,,,,,,,,,,,,,,,,,,,,,,,,,,,,,,,,,,,,,,,,,,,,,,,,,,,,,,,,,,,,,,,,,,,,,,,,,,,,,,,,,,,,,,,,,,,,,,,,,,,,,,3.47,1.46728,,,,,,,,,,,,,,,,,,,,,,,,,,,,,,,,,,,,,,,,,,,,,,,,,,,,,,,,,,,,,,,,,,,,,,
1968,,3.782,3.477,,,,,,,,,,,,,,,,,,,,,,,,,,,,,,,,,,,,,,,,,,,,,,,,,,,,,,,,,,,,,,,,,,12.324,,,,,,,,,,,,,,,,,,,,,,,,,,,,,,,,,,,,,,,,,,,,,,,,,,,,,,,,,,,,,,,,,,,,,,,,,,,,,,,,,,,,,,,,,,,,,,,,,,,,,,,,,,,,,,,,,,,,,,,,,,,,,,,,,,,,,,,,,,,,,,,,,,,,,,,,,,,,,,,2.825,1.19505,,,,,,,,,,,,,,,,,,,,,,,,,,,,,,,,,,,,,,,,,,,,,,,,,,,,,,,,,,,,,,,,,,,,,,
1969,,5.063,4.287,,,,,,,,,,,,,,,,,,,,,,,,,,,,,,,,,,,,,,,,,,,,,,,,,,,,,,,,,,,,,,,,,,14.23,,,,,,,,,,,,,,,,,,,,,,,,,,,,,,,,,,,,,,,,,,,,,,,,,,,,,,,,,,,,,,,,,,,,,,,,,,,,,,,,,,,,,,,,,,,,,,,,,,,,,,,,,,,,,,,,,,,,,,,,,,,,,,,,,,,,,,,,,,,,,,,,,,,,,,,,,,,,,,,3.279,1.51898,,,,,,,,,,,,,,,,,,,,,,,,,,,,,,,,,,,,,,,,,,,,,,,,,,,,,,,,,,,,,,,,,,,,,,
1970,,6.337,5.099,,,,,,,,,,,,,,,,,,,,,,,,,,,,,,,,,,,,,,,,,,,,,,,,,,,,,,,,,,,,,,,,,,15.667,,,,,,,,,,,,,,,,,,,,,,,,,,,,,,,,,,,,,,,,,,,,,,,,,,,,,,,,,,,,,,,,,,,,,,,,,,,,,,,,,,,,,,,,,,,,,,,,,,,,,,,,,,,,,,,,,,,,,,,,,,,,,,,,,,,,,,,,,,,,,,,,,,,,,,,,,,,,,,,3.996,2.05059,,,,,,,,,,,,,,,,,,,,,,,,,,,,,,,,,,,,,,,,,,,,,,,,,,,,,,,,,,,,,,,,,,,,,,
1971,,6.314,5.512,,,,,,,,,,,,,,,,,,,,,,,,,,,,,,,,,,,,,,,,,,,,,,,,,,,,,,,,,,,,,,,,,,16.486,,,,,,,,,,,,,,,,,,,,,,,,,,,,,,,,,,,,,,,,,,,,,,,,,,,,,,,,,,,,,,,,,,,,,,,,,,,,,,,,,,,,,,,,,,,,,,,,,,,,,,,,,,,,,,,,,,,,,,,,,,,,,,,,,,,,,,,,,,,,,,,,,,,,,,,,,,,,,,,4.597,2.32066,,,,,,,,,,,,,,,,,,,,,,,,,,,,,,,,,,,,,,,,,,,,,,,,,,,,,,,,,,,,,,,,,,,,,,
1972,,6.719,5.637,,,,,,,,,,,,,,,,,,,,,,,,,,,,,,,,,,,,,,,,,,,,,,,,,,,,,,,,,,,,,,,,,,17.098,,,,,,,,,,,,,,,,,,,,,,,,,,,,,,,,,,,,,,,,,,,,,,,,,,,,,,,,,,,,,,,,,,,,,,,,,,,,,,,,,,,,,,,,,,,,,,,,,,,,,,,,,,,,,,,,,,,,,,,,,,,,,,,,,,,,,,,,,,,,,,,,,,,,,,,,,,,,,,,4.537,2.23627,,,,,,,,,,,,,,,,,,,,,,,,,,,,,,,,,,,,,,,,,,,,,,,,,,,,,,,,,,,,,,,,,,,,,,
1973,,7.303,6.033,,,,,,,,,,,,,,,,,,,,,,,,,,,,,,,,,,,,,,,,,,,,,,,,,,,,,,,,,,,,,,,,,,18.535,,,,,,,,,,,,,,,,,,,,,,,,,,,,,,,,,,,,,,,,,,,,,,,,,,,,,,,,,,,,,,,,,,,,,,,,,,,,,,,,,,,,,,,,,,,,,,,,,,,,,,,,,,,,,,,,,,,,,,,,,,,,,,,,,,,,,,,,,,,,,,,,,,,,,,,,,,,,,,,4.632,2.31546,,,,,,,,,,,,,,,,,,,,,,,,,,,,,,,,,,,,,,,,,,,,,,,,,,,,,,,,,,,,,,,,,,,,,,
1974,,8.019,6.669,,,,,,,,,,,,,,,,,,,,,,,,,,,,,,,,,,,,,,,,,,,,,,,,,,,,,,,,,,,,,,,,,,19.345,,,,,,,,,,,,,,,,,,,,,,,,,,,,,,,,,,,,,,,,,,,,,,,,,,,,,,,,,,,,,,,,,,,,,,,,,,,,,,,,,,,,,,,,,,,,,,,,,,,,,,,,,,,,,,,,,,,,,,,,,,,,,,,,,,,,,,,,,,,,,,,,,,,,,,,,,,,,,,,4.57,2.22283,,,,,,,,,,,,,,,,,,,,,,,,,,,,,,,,,,,,,,,,,,,,,,,,,,,,,,,,,,,,,,,,,,,,,,
1975,,9.125,6.973,,,,,,,,,,,,,,,,,,,,,,,,,,,,,,,,,,,,,,,,,,,,,,,,,,,,,,,,,,,,,,,,,,20.412,,,,,,,,,,,,,,,,,,,,,,,,,,,,,,,,,,,,,,,,,,,,,,,,,,,,,,,,,,,,,,,,,,,,,,,,,,,,,,,,,,,,,,,,,,,,,,,,,,,,,,,,,,,,,,,,,,,,,,,,,,,,,,,,,,,,,,,,,,,,,,,,,,,,,,,,,,,,,,,5.337,2.48198,,,,,,,,,,,,,,,,,,,,,,,,,,,,,,,,,,,,,,,,,,,,,,,,,,,,,,,,,,,,,,,,,,,,,,
1976,,9.384,6.525,,,,,,,,,,,,,,,,,,,,,,,,,,,,,,,,,,,,,,,,,,,,,,,,,,,,,,,,,,,,,,,,,,20.812,,,,,,,,,,,,,,,,,,,,,,,,,,,,,,,,,,,,,,,,,,,,,,,,,,,,,,,,,,,,,,,,,,,,,,,,,,,,,,,,,,,,,,,,,,,,,,,,,,,,,,,,,,,,,,,,,,,,,,,,,,,,,,,,,,,,,,,,,,,,,,,,,,,,,,,,,,,,,,,5.343,2.21926,,,,,,,,,,,,,,,,,,,,,,,,,,,,,,,,,,,,,,,,,,,,,,,,,,,,,,,,,,,,,,,,,,,,,,
1977,,9.909,6.773,,,,,,,,,,,,,,,,,,,,,,,,,,,,,,,,,,,,,,,,,,,,,,,,,,,,,,,,,,,,,,,,,,23.036,,,,,,,,,,,,,,,,,,,,,,,,,,,,,,,,,,,,,,,,,,,,,,,,,,,,,,,,,,,,,,,,,,,,,,,,,,,,,,,,,,,,,,,,,,,,,,,,,,,,,,,,,,,,,,,,,,,,,,,,,,,,,,,,,,,,,,,,,,,,,,,,,,,,,,,,,,,,,,,6.022,2.87141,,,,,,,,,,,,,,,,,,,,,,,,,,,,,,,,,,,,,,,,,,,,,,,,,,,,,,,,,,,,,,,,,,,,,,
1978,,10.884,8.265,,,,,,,,,,,,,,,,,,,,,,,,,,,,,,,,,,,,,,,,,,,,,,,,,,,,,,,,,,,,,,,,,,27.281,,,,,,,,,,,,,,,,,,,,,,,,,,,,,,,,,,,,,,,,,,,,,,,,,,,,,,,,,,,,,,,,,,1.917,,,,,,,,,,,,,,,,,,,,,,,,,,,,,,,,,,,,,,,,,,,,,,,,,,,,,,,,,,,,,,,,,,,,,,,,,,,,1.47407,0.989,1.12199,0.60665,0.286,0.10769,0.446,,0.91192,0.615,,0.56747,0.36,,,,,7.17,3.59356,,,,,,,,,,,,,,,,,,,,,,,,,,,,,,,,,,,,,,,,,,,,,,,,,,,,,,,,,,,,,,,,,,,,,,
1979,,12.011,9.301,,,,,,,,,,,,,,,,,,,,,,,,,,,,,,,,,,,,,,,,,,,,,,,,,,,,,,,,,,,,,,,,,,28.643,,,,,,,,,,,,,,,,,,,,,,,,,,,,,,,,,,,,,,,,,,,,,,,,,,,,,,,,,,,,,,,,,,1.87,,,,,,,,,,,,,,,,,,,,,,,,,,,,,,,,,,,,,,,,,,,,,,,,,,,,,,,,,0.19638,,,,,,,,,,,,,,,,,,,1.068,1.087,1.2566,0.632,0.321,,0.48,,0.91755,0.653,,0.65731,0.36758,,,,,8.098,4.13577,,,,,,,,,,,,,,,,,,,,,,,,,,,,,,,,,,,,,,,,,,,,,,,,,,,,,,,,,,,,,,,,,,,,,,
1980,,13.907,10.353,,,,,,,,,,,,,,,,,,,,,,,,,,,,,,,,,,,,,,,,,,,,,,,,,,,,,,,,,,,,,,,,,,31.189,,,,,,,,,,,,,,,,,,,,,,,,,,,,,,,,,,,,,,,,,,,,,,,,,,,,,,,,,,,,,,,,,,1.832,,,,,,,,,,,,,,,,,,,,,,,,,,,,,,,,,,,,,,,,,,,,,,,,,,,,,,,,,0.27012,,,,,,,,,,,,,,,,,,,1.80111,1.226,1.37553,0.69929,0.367,0.12614,0.615,,1.04162,0.674,,0.78166,0.38568,,,,,9.068,4.62957,,,,,,,,,,,,,,,,,,,,,,,,,,,,,,,,,,,,,,,,,,,,,,,,,,,,,,,,,,,,,,,,,,,,,,
1981,,13.915,10.796,,,,,,,,,,,,,,,,,,,,,,,,,,,,,,,,,,,,,,,,,,,,,,,,,,,,,,,,,,,,,,,,,,32.476,,,,,,,,,,,,,,,,,,,,,,,,,,,,,,,,,,,,,,,,,,,,,,,,,,,,,,,,,,,,,,,,,,1.683,,,,,,,,,,,,,,,,,,,,,,,,,,,,,,,,,,,,,,,,,,,,,,,,,,,,,,,,,0.49576,,,,,,,,,,,,,,,,,,,1.244,1.347,1.45432,0.788,0.377,,0.65,,1.16444,0.746,,0.75803,0.42836,,,,,9.72,4.90129,,,,,,,,,,,,,,,,,,,,,,,,,,,,,,,,,,,,,,,,,,,,,,,,,,,,,,,,,,,,,,,,,,,,,,
1982,,15.494,11.411,,,,,,,,,,,,,,,,,,,,,,,,,,,,,,,,,,,,,,,,,,,,,,,,,,,,,,,,,,,,,,,,,,33.707,,,,,,,,,,,,,,,,,,,,,,,,,,,,,,,,,,,,,,,,,,,,,,,,,,,,,,,,,,,,,,,,,,1.742,,,,,,,,,,,,,,,,,,,,,,,,,,,,,,,,,,,,,,,,,,,,,,,,,,,,,,,,,0.82573,,,,,,,,,,,,,,,,,,,1.372,1.41,1.5956,0.907,0.444,,0.779,,1.38644,0.838,,0.84405,0.50177,,,,,10.808,5.54095,,,,,,,,,,,,,,,,,,,,,,,,,,,,,,,,,,,,,,,,,,,,,,,,,,,,,,,,,,,,,,,,,,,,,,
1983,,18.313,12.342,,,,,,,,,,,,,,,,,,,,,,,,,,,,,,,,,,,,,,,,,,,,,,,,,,,,,,,,,,,,,,,,,,35.181,,,,,,,,,,,,,,,,,,,,,,,,,,,,,,,,,,,,,,,,,,,,,,,,,,,,,,,,,,,,,,,,,,2.076,,,,,,,,,,,,,,,,,,,,,,,,,,,,,,,,,,,,,,,,,,,,,,,,,,,,,,,,,1.31212,,,,,,,,,,,,,,,,,,,1.495,1.629,1.77108,0.985,0.479,,0.82,,1.43578,0.909,,0.85633,0.57102,,,,,12.001,6.27673,,,,,,,,,,,,,,,,,,,,,,,,,,,,,,,,,,,,,,,,,,,,,,,,,,,,,,,,,,,,,,,,,,,,,,
1984,,21.661,14.753,,,,,,,,,,,,,,,,,,,,,,,,,,,,,,,,,,,,,,,,,,,,,,,,,,,,,,,,,,,,,,,,,,39.085,,,,,,,,,,,,,,,,,,,,,,,,,,,,,,,,,,,,,,,,,,,,,,,,,,,,,,,,,,,,,,,,,,5.432,,,,,,,,,,,,,,,,,,,,,,,,,,,,,,,,,,,,,,,,,,,,,,,,,,,,,,,,,2.34161,,,,,,,,,,,,,,,,,,,1.538,1.874,1.96925,1.062,0.516,,0.84,,1.5448,0.94,,0.98414,0.63609,,,,,14.164,7.12035,,,,,,,,,,,,,,,,,,,,,,,,,,,,,,,,,,,,,,,,,,,,,,,,,,,,,,,,,,,,,,,,,,,,,,
1985,,25.712,17.578,,,,,,,,,,,,,,,,,,,,,,,,,,,,,,,,,,,,,,,,,,,,,,,,,,,,,,,,,,,,,,,,,,46.675,,,,,,,,,,,,,,,,,,,,,,,,,,,,,,,,,,,,,,,,,,,,,,,,,,,,,,,,,,,,,,,,,,6.192,,,,,,,,,,,,,,,,,,,,,,,,,,,,,,,,,,,,,,,,,,,,,,,,,,,,,,,,,3.90222,,,,,,,,,,,,,,,,,,,3.09278,2.316,2.44166,1.2684,0.683,0.25625,0.972,,1.76303,1.056,,1.27244,0.69741,,,,,16.432,8.64945,,,,,,,,,,,,,,,,,,,,,,,,,,,,,,,,,,,,,,,,,,,,,,,,,,,,,,,,,,,,,,,,,,,,,,
1986,,28.486,19.474,,,,,,,,,,,,,,,,,,,,,,,,,,,,,,,,,,,,,,,,,,,,,,,,,,,,,,,,,,,,,,,,,,49.083,,,,,,,,,,,,,,,,,,,,,,,,,,,,,,,,,,,,,,,,,,,,,,,,,,,,,,,,,,,,,,,,,,4.285,,,,,,,,,,,,,,,,,,,,,,,,,,,,,,,,,,,,,,,,,,,,,,,,,,,,,,,,,4.16451,,,,,,,,,,,,,,,,,,,3.51522,2.687,2.8537,1.44091,0.801,0.30922,1.179,,2.07402,1.285,,1.4247,0.76548,,,,,18.46,9.48905,,,,,,,,,,,,,,,,,,,,,,,,,,,,,,,,,,,,,,,,,,,,,,,,,,,,,,,,,,,,,,,,,,,,,,
1987,,32.682,22.012,,,,,,,,,,,,,,,,,,,,,,,,,,,,,,,,,,,,,,,,,,,,,,,,,,,,,,,,,,,,,,,,,,54.546,,,,,,,,,,,,,,,,,,,,,,,,,,,,,,,,,,,,,,,,,,,,,,,,,,,,,,,,,,,,,,,,,,6.606,,,,,,,,,,,,,,,,,,,,,,,,,,,,,,,,,,,,,,,,,,,,,,,,,,,,,,,,,5.59015,,,,,,,,,,,,,,,,,,,4.20513,3.551,3.44724,1.79109,0.947,0.3714,1.448,,2.698,1.521,,1.73443,0.9434,,,,,20.673,11.58644,,,,,,,,,,,,,,,,,,,,,,,,,,,,,,,,,,,,,,,,,,,,,,,,,,,,,,,,,,,,,,,,,,,,,,
1988,,41.022,25.971,,,,,,,,,,,,,,,,,,,,,,,,,,,,,,,,,,,,,,,,,,,,,,,,,,,,,,,,,,,,,,,,,,64.83,,,,,,,,,,,,,,,,,,,,,,,,,,,,,,,,,,,,,,,,,,,,,,,,,,,,,,,,,,,,,,,,,,5.341,,,,,,,,,,,,,,,,,,,,,,,,,,,,,,,,,,,,,,,,,,,,,,,,,,,,,,,,,8.69807,,,,,,,,,,,,,,,,,,,5.37786,4.278,4.18198,2.19562,1.208,0.46838,1.67,,3.35668,1.787,,2.07836,1.16933,,,,,26.127,14.64911,,,,,,,,,,,,,,,,,,,,,,,,,,,,,,,,,,,,,,,,,,,,,,,,,,,,,,,,,,,,,,,,,,,,,,
1989,,45.596,28.349,,,,,,,,,,,,,,,,,,,,,,,,,,,,,,,,,,,,,,,,,,,,,,,,,,,,,,,,,,,,,,,,,,69.654,,,,,,,,,,,,,,,,,,,,,,,,,,,,,,,,,,,,,,,,,,,,,,,,,,,,,,,,,,,,,,,,,,5.86,,,,,,,,,,,,,,,,,,,,,,,,,,,,,,,,,,,,,,,,,,,,,,,,,,,,,,,,,11.56565,,,,,,,,,,,,,,,,,,,6.20446,4.901,4.50632,2.53536,1.381,0.58217,1.885,,3.59735,1.992,,2.44313,1.43465,,,,,30.375,16.39063,,,,,,,,,,,,,,,,,,,,,,,,,,,,,,,,,,,,,,,,,,,,,,,,,,,,,,,,,,,,,,,,,,,,,,
1990,,50.082,31.095,,,,,,,,,,,,,,,,,,,,,,,,,,,,,,,,,,,,,,,,,,,,,,,,,,,,,,,,,,,,,,,,,,78.166,,,,,,,,,,,,,,,,,,,,,,,,,,,,,,,,,,,,,,,,,,,,,,,,,,,,,,,,,,,,,,,,,,6.493,,,,,,,,,,,,,,,,,,,,,,,,,,,,,,,,,,,,,,,,,,,,,,,,,,,,,,,,,17.16665,,,,,,,,,,,,,,,,,,,7.08788,5.28,4.98848,3.06933,1.761,0.69787,2.392,,4.113,2.314,,2.79098,1.67849,,,,,32.775,19.40857,,,,,,,,,,,,,,,,,,,,,,,,,,,,,,,,,,,,,,,,,,,,,,,,,,,,,,,,,,,,,,,,,,,,,,
1991,1559.944,59.889,34.265,8.277,13.925,5.413,5.441,1.654,3.723,3.092,1.624,1.941,6.392,0.752,9.659,4.838,2.648,4.35,2.769,1.288,,0.912,0.677,0.798,,3.229,4.602,0.75,4.426,1.326,,0.441,,,21.199,19.66,10.965,6.724,4.522,5.809,6.362,3.943,2.543,4.319,4.427,5.775,3.615,,11.122,9.283,4.489,2.129,3.62,,,0.742,13.59,8.115,2.249,1.862,1.802,15.248,1.599,3.167,1.284,5.927,0.442,1.23,89.377,18.027,18.914,11.459,10.545,24.428,14.553,5.494,10.584,11.369,20.358,7.346,,,20.748,17.255,9.468,9.217,6.024,10.421,7.758,4.361,3.045,,0.558,5.879,3.192,3.432,2.405,3.117,2.671,1.433,4.814,1.857,1.191,0.698,0.314,0.812,0.391,1.285,,,11.88295,6.337,3.556,6.424,7.607,5.958,1.434,1.171,0.398,7.255,2.145,1.624,4.686,1.637,1.148,0.734,0.564,0.979,,0.309,14.28,19.744,12.547,5.568,7.347,15.211,16.343,10.758,9.705,9.281,1.946,,3.034,1.255,1.332,0.877,1.454,12.266,4.829,8.143,7.134,6.155,1.535,6.602,6.771,3.993,4.826,2.527,2.978,1.195,0.479,0.548,0.512,0.62,18.634,2.838,2.869,2.141,9.699,1.569,2.354,1.352,,,0.54,,10.462,6.311,4.494,7.126,5.309,7.383,8.634,,0.83,0.969,0.862,0.779,0.758,36.721,5.971,23.6663,7.283,13.02,16.382,10.865,11.262,8.39,10.654,5.668,4.939,2.503,2.236,3.353,4.334,7.125,5.084,2.712,,,7.93241,6.167,5.71349,3.5016,2.121,0.82384,2.85,1.367,5.04,2.691,,3.15607,2.04,,2.123,0.516,,37.463,23.27841,3.671,2.835,4.33,6.078,7.019,2.696,2.953,7.443,7.828,0.85,,1.145,,,0.557,,,4.824,1.898,1.466,0.735,,,10.71,2.174,2.324,0.678,1.012,,,,,,,,,,11.538,0.995,4.988,5.19,0.817,0.423,0.849,0.319,0.817,,7.237,0.491,1.884,1.712,2.419,0.777,0.724,0.337,0.402,,,,2.243,,2.423,1.437,0.519,,,6.594,2.566,,
1992,,71.02,41.104,,,,,,,,,,,,,,,,,,,,,,,,,,,,,,,,,,,,,,,,,,,,,,,,,,,,,,,,,,,,,,,,,,111.432,,,,,,,,,,,,,,,,,,,,,,,,,,,,,,,,,,,,,,,,,,,,,,,,,,,,,,,,,,,,,,,,,,8.329,,,,,,,,,,,,,,,,,,,,,,,,,,,,,,,,,,,,,,,,,,,,,,,,,,,,,,,,,31.73194,,,,,,,,,,,,,,,,,,,9.18098,7.634,7.08678,4.52436,3.155,1.23834,3.879,,6.53105,3.104,,3.71667,2.357,,,,,46.247,29.25556,,,,,,,,,,,,,,,,,,,,,,,,,,,,,,,,,,,,,,,,,,,,,,,,,,,,,,,,,,,,,,,,,,,,,,
1993,,88.89,53.894,,,,,,,,,,,,,,,,,,,,,,,,,,,,,,,,,,,,,,,,,,,,,,,,,,,,,,,,,,,,,,,,,,151.923,,,,,,,,,,,,,,,,,,,,,,,,,,,,,,,,,,,,,,,,,,,,,,,,,,,,,,,,,,,,,,,,,,11.946,,,,,,,,,,,,,,,,,,,,,,,,,,,,,,,,,,,,,,,,,,,,,,,,,,,,,,,,,45.31445,,,,,,,,,,,,,,,,,,,13.46171,10.548,9.69285,5.93582,5.431,1.74927,5.265,,9.79682,4.156,,5.13322,3.27724,,,,,61.105,38.85838,,,,,,,,,,,,,,,,,,,,,,,,,,,,,,,,,,,,,,,,,,,,,,,,,,,,,,,,,,,,,,,,,,,,,,
1994,4137.96459,114.98,73.289,41.7421,38.64908,13.93006,22.27146,15.19083,9.03523,12.55305,8.32975,16.97549,15.0819,,19.05966,10.66252,4.88412,7.81697,7.53307,4.72135,,,,,,7.84542,11.99943,1.6798,9.34234,,,,,,55.62836,52.81064,33.02492,14.13592,10.27415,10.83024,14.02384,9.10793,5.33904,11.41957,15.44904,8.89235,10.69242,10.20714,32.6184,18.15115,10.03768,3.65455,8.07065,4.50649,7.55284,4.85523,31.18609,15.23119,6.0863,2.80651,4.26725,38.65112,4.07396,7.66691,2.68435,10.23507,4.96892,,199.086,46.68613,60.7241,31.83994,31.49332,72.08982,34.51698,11.66253,22.72739,22.95737,47.04143,22.05348,,,58.55239,46.35058,29.67801,25.59932,18.6953,30.7807,25.34632,8.74183,5.96987,26.88297,,13.18183,7.50881,8.95261,6.83059,8,5.83448,3.3354,13.82562,3.70551,11.98975,,,,,,,,34.90842,18.90901,9.44169,15.88925,38.02565,16.29034,12.7607,,,17.91004,4.26595,4.05047,11.07116,4.25406,2.48363,,,,,,36.2,52.07599,33.3047,13.04103,17.938,44.8,41.91,26.43701,18.45628,28.243,9.24,6.607,23.43477,16.47423,,,,29.2964,8.66946,19.38025,14.99398,15.16066,4.03891,15.53006,16.86892,9.93303,9.90487,6.05151,7.27701,21.50052,,,,,48.57571,5.44982,14.24126,15.69956,26.71658,5.2929,,15.54618,,,,6.41298,25.30577,13.62317,10.62891,15.16856,12.17692,15.04208,17.10248,2.72556,11.23729,9.53695,,,,97.61829,12.0328,63.46711,16.569,19.66518,43.6374,27.86479,22.66969,21.96346,18.42979,18.00707,11.0519,6.17957,5.11225,8.9457,10.05097,15.45383,13.00242,8.45248,15.11745,12.12443,18.72259,14.156,13.42759,7.32369,7.545,2.46573,7.012,3.84194,13.49234,5.868,,7.31394,4.54744,,8.82931,1.90585,,83.814,50.73962,7.80969,7.19001,8.01466,13.97684,16.35252,6.31357,6.08128,15.54181,13.42414,8.33492,,,,,,,,9.93054,4.40223,,,,,26.81332,,17.05231,,,,,,,,,,,,28.98173,2.03042,9.83674,11.51845,,,,,,,15.58911,1.20306,2.38271,3.70791,4.57707,,,,,,,,3.62583,,4.82381,2.53739,,,,14.05496,6.11807,,
1995,5273.93106,151.62,93.197,54.03093,49.85998,17.22375,28.98612,20.05161,37.53772,15.94731,9.77513,25.09651,20.16917,,24.00632,12.31,6.18323,9.7583,9.451,5.30769,,,,,,8.76928,14.219,1.79907,10.00734,,,,,,68.26485,64.50933,34.98536,15.2962,11.30148,12.58096,16.05672,10.06837,5.76954,11.39727,17.54063,8.59571,9.85872,11.66981,36.30068,22.88708,11.65985,3.80232,8.53736,5.14822,9.58996,4.67401,39.35495,17.77043,7.83019,3.975,5.67649,44.07726,4.73637,9.54429,3.28626,12.00615,5.95766,,251.808,57.64586,76.11135,41.0739,36.97,90.31127,46.65291,15.51626,27.70664,32.40721,60.50218,28.58627,,,76.20055,63.76278,40.35891,32.12716,22.73113,41.12082,34.08281,11.44684,7.34927,40.82316,,16.75816,10.192,9.52,8.44,8.029,7.23,4.448,16.591,4.096,14.885,17.038,10.946,,12.06,11.005,4.299,12.068,46.41433,25.05488,13.36822,17.42744,51.89576,22.66764,15.7142,,,24.00781,5.41052,5.40068,14.30763,4.9065,3.15863,,,,,,48.15192,64.20308,40.4541,16.959,21.2,57.57,53,36.818,20.515,33.672,11.445,6.915,31.176,18.43887,,,,38.98885,12.33449,24.50457,18.8745,18.91315,5.47873,21.03025,22.8059,12.2497,12.60498,8.60338,9.27341,30.66008,,,,,60.691,7.06442,14.1511,21.70562,33.79907,7.65305,,20.9977,,,,7.79391,32.04072,17.59629,13.88078,19.73168,15.44654,19.9,21.75817,3.35895,13.76298,12.73279,15.31793,,,124.30697,14.46335,84.24833,19.9099,26.17763,54.58907,37.93935,28.26626,29.68766,24.16617,23.04263,12.75285,7.70694,6.08419,10.47352,12.57693,20.56273,15.52142,10.13097,20.96938,12.91677,23.58085,17.764,17.80326,8.6274,8.826,2.92649,8.689,5.36621,15.60752,7.713,,9.88902,5.93054,,9.37711,2.10771,,113.06,64.72632,9.42629,8.09314,10.06013,16.1656,20.00258,7.29163,8.23496,18.53613,17.57751,10.27739,,,,,,,,11.771,5.01631,,,,,32.97414,,19.27338,,,,,,,,,,,,33.0345,2.54688,11.06092,15.05354,11.56837,,,,,,21.451,1.39384,2.77977,4.87846,5.62107,,,,,,,,5.04689,,5.93437,2.97917,,,,17.89782,6.96344,,
1996,6361.46686,181.94,112.193,65.64068,60.728,20.10365,38.07283,25.61207,46.04259,19.3714,12.23426,31.61855,24.56182,20.72248,29.17832,14.54879,7.86766,12.37,11.55478,6.46423,,,,,,11.37346,17.50012,2.16259,12.50453,,,,,,77.18047,73.30704,39.50424,16.84186,11.1692,14.02102,16.59074,11.44586,6.35813,13.23833,20.01673,9.88505,10.49758,12.6246,48.82217,26.95549,13.2823,4.48348,10.2688,6.11699,11.92582,5.98064,63.73925,21.98581,8.95424,4.53685,6.79044,49.19572,5.24807,10.93056,3.9517,14.14726,6.95933,,298.075,67.48997,87.00081,50.00445,43.11541,100.21368,53.04243,21.02004,17.32288,38.12003,35.11492,33.51073,29.36454,12.48807,90.66133,79.58607,51.00892,38.16972,26.79177,51.37087,42.49552,13.02175,8.25827,48.65936,,21.15886,13.20637,13.74934,10.63871,10.93304,8.5502,5.19461,20.51207,5.73125,20.04029,38.94328,,,,,,,57.5581,30.84808,15.25679,19.58191,62.90105,29.95873,18.80653,15.08756,,30.10215,6.47544,6.51836,17.00533,5.00953,3.57655,,,,,,61.188,71.02,46.9,20.4,23.641,65.031,63,43.219,26.038,40.712,13.832,8.43,37.255,22.33489,,,,50.44902,15.5015,29.27564,23.71639,21.34862,6.66755,26.46752,23.62853,14.85335,17.07094,11.00015,11.37323,37.53541,,,,,78.21325,11.53179,15.71601,28.13983,39.92212,10.02957,24.67807,26.06778,,26.84944,,10.30262,40.00701,21.46651,16.991,23.92318,18.27262,24.57283,26.91415,4.19772,15.07776,15.13806,18.70954,,,144.49358,16.04117,104.84421,20.73203,31.36629,63.74395,42.9137,32.12148,35.06907,27.18412,28.8612,13.02027,9.27795,6.86107,11.74964,13.48576,24.51106,18.11476,13.02027,25.4274,14.61823,26.71991,17.875,22.31091,9.65462,9.162,3.66597,9.782,10.826,16.8343,8.918,,10.87672,7.22294,,9.88686,2.13166,,132.64,77.22699,11.19737,8.94596,12.23857,18.96002,23.8482,8.13868,9.4959,21.51484,19.46273,11.58076,,,,,,,,17.01512,5.67681,,,,,43.02723,,23.62274,,,,,,,,,,,,41.04259,3.05467,12.65307,17.27802,13.00873,,11.45271,,,,23.025,1.39685,3.23096,5.50873,6.71198,,,,,,,,5.41336,,6.72066,3.59179,,,,20.07266,7.85298,,
1997,6931.76059,211.81,126.463,78.13998,71.08752,23.07143,44.11249,29.08907,54.5086,21.72573,14.18522,36.94603,28.2073,24.24187,31.036,15.56877,8.80765,13.84,12.71344,7.50216,,,,,,12.8013,19.48881,2.61888,14.11459,,,,,,85.11268,82.9,43.60287,19.28821,11.49,15.18644,17.96389,12.54525,6.2731,14.51,22.5967,10.41787,9.30988,14.07944,54.12214,28.6819,14.80047,4.91164,11.46012,6.72838,11.77356,6.06433,74.62006,25.63559,10.08181,5.56378,7.5213,58.3946,5.87172,11.92162,4.43583,15.68407,7.66801,,346.528,75.50549,96.00128,51.5018,47.01069,113.25941,57.74733,23.85282,19.65801,42.1476,37.66734,36.05427,31.77639,14.46946,103.63299,89.74306,60.58218,41.9746,29.6165,59.45503,46.19568,13.34083,8.91533,50.90663,,24.89887,16.49423,16.25911,12.3,12.35224,9.38827,5.80129,25.22,6.75571,24.10482,45.93911,,,,,,,68.73322,37.18162,14.00882,20.9177,74.62783,36.85213,20.61769,17.00568,,36,7.34987,7.4507,19.28,5.22111,3.95,,,,,,73.17,79.77025,49.88,21.4116,27,72.5,71.8,48.057,31.352,47.759,15.713,9.45175,42.682,26.78664,,,,57.44045,17.571,33.50102,22.57818,21.75825,6.99629,24.69749,24.63681,16.5025,22.20949,12.60487,13.09258,43.9028,22.48588,,,,91.23256,13.83989,16.53804,33.96355,46.20747,10.08426,28.87921,29.88623,31.64749,31.59103,,12.16161,48.28691,23.97033,18.75,26.43541,20.46973,27.95623,28.31623,4.75513,17.30754,18.95096,21.38027,19.00695,,164.62567,17.3332,129.74208,23.51974,37.35241,72.45687,45.78679,34.85591,39.59962,33.10964,32.28699,14.43303,10.32576,7.54919,12.64759,13.95869,29.47037,22.09508,15.14713,30.9855,15.57306,30.44914,20.107,24.7305,10.72139,9.533,4.46414,10.958,11.158,17.35057,9.714,,12.28386,7.97346,,10.45806,2.21084,,152.526,87.54888,12.60065,9.85476,14.33873,21.51754,27.51501,8.54992,10.45339,24.95789,12.18879,13.46856,,15.10914,,,,,,19.75101,6.33885,19.3973,,,,48.73321,18.37703,,,,,,,0.69,,,,,,50.05543,3.40309,15.01453,18.38545,14.09854,6.79634,12.25011,,,,24.368,1.61659,3.125,5.9003,6.1192,,,,,,,,6.04771,,7.54963,3.93892,,,,21.69045,9.4371,,
1998,7708.8643,243.91,137.46,84.58583,78.11579,24.94997,47.92422,32.01335,59.395,22.83239,16.02771,40.29868,31.02302,26.62401,32.30836,17.09372,9.39397,15.1643,14.00327,8.29593,,,,,,14.30164,20.72078,3.06057,14.76518,,,,,,93.88146,92.62684,48.26739,19.37182,12.18941,15.77914,18.65499,14.22974,6.84545,14.63721,23.14004,11.29961,9.10275,15.07455,60.90527,33.07965,15.78395,5.57866,12.3215,7.38504,13.59904,5.87551,81.61672,26.26261,10.77819,6.26128,8.24068,61.159,6.5433,13.038,4.92488,18.56215,7.86647,,383.1,82.51263,105.2008,55.51461,50.45974,125.00133,62.44917,26.46654,21.97767,46.46832,40.15906,39.05572,34.20817,16.54626,113.48899,97.34402,67.71891,44.50356,32.45411,65.12592,48.44853,14.08255,9.35639,55.46349,,27.04736,18.67609,17.60829,12.4,11.71143,9.42207,6.43624,24.79773,7.25483,23.00247,38.16091,18.72,,,,,,77.666,41.80644,15.92846,22.43997,86.38794,43.32983,20.88527,18.94625,,38.00104,8.12568,8.39792,17.045,5.65987,3.891,,,,,,82.116,88.83973,53.6,23.37446,28.025,74,77.4,51.551,34.434,53.07,17.5,10.632,45.882,30.53363,23.539,,,62.03185,18.85971,36.48262,23.90078,22.12881,7.32335,25.60521,25.08236,17.05816,24.2919,13.66115,14.48007,46.58731,24.05946,22.8848,,,101.5888,16.05195,18.17257,37.76284,48.88573,10.93297,30.95303,33.70203,32.46633,34.64035,,13.24908,54.28509,26.32238,20.0084,30.00134,22.06726,30.6442,30.36528,5.08095,18.37139,21.04741,23.09037,20.24805,,184.16052,18.21372,153.47272,26.35,42.31779,78.2562,48.18765,35.9314,42.74942,36.1989,35.60062,15.23039,11.80978,7.93666,14.1652,13.68604,35.55119,24.90318,17.00933,36.1122,16.39954,33.95532,21.686,25.96387,11.20049,10.26208,4.90423,11.823,11.366,18.74002,10.608,,13.00306,8.68875,,11.02761,2.39934,,162.242,96.18871,13.61893,10.49112,15.601,23.28062,30.86626,8.45057,10.9538,12.59093,13.17615,14.68328,,16.81675,11.70911,,,,,21.95496,6.83514,21.62572,,,,54.4786,19.34154,32.53364,,,,,,0.8,,,,,,55.71501,3.70748,16.8308,19.98952,15.1799,7.68192,12.84856,,,,25.95092,1.6045,3.01102,6.52408,7.22019,,,,,,,,6.69345,,8.09834,4.22873,7.16528,,,23.2,9.06581,,
1999,8176.7736,275.98,150.095,90.83677,83.25611,26.29975,49.69986,33.93337,63.65742,22.95098,15.85321,42.25325,33.24707,27.92124,33.26763,15.69588,9.09487,15.354,13.3603,7.69498,,,,,,15.64299,21.40579,3.38519,15.39264,13.4595,,,,,101.31885,100.30806,52.49721,20.57915,13.32939,16.60695,18.67279,15.45225,6.44568,15.47268,25.15475,11.85487,8.60804,15.17184,70.70473,35.20901,16.4402,6.10594,13.04049,7.84468,14.81995,7.00595,88.328,26.83433,11.81365,6.29391,8.19887,71.2937,6.76912,13.27702,5.29811,19.11618,7.55324,,422.23,89.94202,113.80111,60.00327,53.87217,135.84312,67.04393,28.49626,25.27188,50.024,42.69748,41.65149,36.89193,18.20013,122.52795,104.17362,73.3188,47.18859,34.26184,70.50648,50.00345,14.74938,10.13672,60.5003,,29.44484,19.31721,18.02529,12.5801,12.36502,9.87706,6.85354,24.82255,7.78711,24.35104,35.05614,19.75034,20.84849,17.91815,,,,82.7385,45.82928,17.60444,23.98875,95.1834,48.70732,21.49324,20.78099,,39.9802,8.76154,9.19901,19.19469,5.9975,4.20336,25.05231,,,,,88.13156,99.283,56.8,22.71258,28.954,80.066,64.73,53,35.631,50.08,18.562,9.91,50.159,31.2,25.365,,,64.08491,19.91607,37.74544,24.94817,23.12626,7.7025,26.32148,21.17325,21.79107,25.91992,14.69191,15.20925,48.4938,26.01554,23.89627,,,108.56837,18.00312,16.74498,34.61031,39.15925,9.17709,22.9846,27.24736,27.91174,30.41404,12.25046,,58.8436,28.09966,21.3381,32.52363,23.54781,33.12443,31.9384,5.48323,19.27356,23.13984,24.38451,21.02492,18.74071,205.67383,19.6651,180.40176,28.66141,45.459,83.37935,51.46937,37.9735,45.72196,39.23948,39.23696,16.15402,13.29952,8.54599,15.37796,14.4358,41.2837,27.2675,18.37378,38.35917,17.20537,35.69886,22.837,27.83155,11.57764,10.763,5.20544,12.286,11.538,19.11475,11.202,,13.77519,8.74873,,11.84626,2.56102,,168.781,104.49059,14.29004,10.83057,16.20138,24.34517,31.05223,8.49752,11.07617,13.31242,14.04103,15.85377,,17.86385,11.69266,17.66371,,,,23.75921,7.45294,22.59573,,,,59.18911,20.01594,29.41452,,,,,,3.355,,,,,,61.37007,3.88113,18.27659,20.81979,15.21913,8.1248,13.55178,6.23133,,,27.52498,1.68848,3.12876,7.18506,7.36297,,,,,,,,7.31621,,8.75462,4.4388,7.85,,,24.87769,10.19903,,
2000,9409.29085,327.78,170.188,96.25186,91.50473,26.01254,54.23546,37.03839,70.22238,24.39319,16.30258,46.13449,36.88199,29.85606,39.90686,17.01829,9.47094,17.02026,14.45381,8.35279,13.83729,17.18452,8.34199,17.11008,,17.91495,22.83658,3.82203,16.08131,14.87879,,,,,106.69908,106.2,58.12213,23.22075,15.83175,17.28908,19.58541,17.08299,6.50531,17.2071,29.90604,12.65064,8.20179,16.03422,80.32,40.11802,15.65766,6.71146,14.2269,8.501,15.57777,7.32589,97.99,28.25549,12.44084,6.3273,8.40736,102.93517,7.26206,14.64021,5.62078,20.76558,7.65648,31.52672,481.215,107.354,117.6543,61.63,60.06573,154.06798,72.05859,24.907,29.10502,52.948,47.212,42.325,40.52459,20.065,139.56746,114.457,82.20172,52.403,32.52261,71.68454,50.93495,15.52321,12.15702,61.331,13.67613,36.916,25.66,16.366,13.28,17.315,10.30177,7.571,24.296,7.973,21.78552,20.887,17.881,19.02267,17.862,15.37,6.005,15.197,87.63866,50.18706,19.84502,25.49813,104.50813,47.73573,22.27808,22.66848,21.87279,43.51022,9.52653,9.94865,21.307,6.49408,5.39487,26.61989,15.5898,18.558,12.5142,17.3431,94.41315,118.314,64.22,24.88058,39.875,87.959,71.456,57.844,39.64,56.08914,20.95045,11.04,55.23,36,28.083,27,20.85914,73.80243,22.62409,42.2764,27.15029,25.60095,8.53405,28.08535,22.85547,20.39449,29.13482,16.42624,16.86397,51.96645,28.50119,26.10514,34.14728,28.00835,120.684,18.241,18.012,37.94924,41.52925,9.05531,24.82213,26.25108,30.15435,32.03296,13.30699,12.01067,72.08461,29.14191,22.47749,35.30805,25.15953,36.404,34.97961,6.03722,19.36084,25.02714,26.21423,21.04552,16.85355,250.55794,19.27224,221.92015,33.59192,45.01598,105.0378,50.46565,37.38104,41.73624,24.97779,43.91944239,18.05048,12.8494254,8.72194,16.01958372,15.79174949,82.1139,34.54360831,17.78725,31.10869,13.77000037,37.79364,25.156,30.24924,12.70786,11.367,5.50339,13.125,12.081,19.96395,11.95,,14.13932,9.89469,,13.36153,2.95398,,182.206,115.67929,15.19624,11.45225,16.54956,26.00749,31.78849,8.62872,11.80249,14.48017,14.60203,17.67797,12.47982,20.06572,12.64707,18.78429,7.39362,8.40097,9.01878,26.4811,8.15053,19.921,5.84571,,,63.61308,21.3117,29.45531,7.04255,,,,,2,,,,,,64.613,3.455,19.534,23.446,16.547,13.063,11.923,10.505,7.48,5.547,30.94316,1.79307,3.50746,7.70319,8.11094,,,,,,4.315,,9.20131,,9.5026,5.05034,9.17834,,,27.5,13.85868,,
2001,10392.58555,386.15,191.909,105.55803,100.64571,28.26906,59.16767,40.63406,74.73056,25.80246,18.24136,48.72054,41.34429,,45.47413,19.02003,10.04012,18.4592,15.80261,8.53543,14.89973,19.35,8.4354,19.24352,,21.11188,24.85728,4.39207,17.96219,17.37214,17.18362,16.78481,,,117.40239,117.39,64.15123,25.79196,17.7309,18.65795,21.64675,19.23362,7.03271,18.06211,30.08647,13.78909,9.28439,18.40493,92.89,44.64432,17.94311,6.37016,15.8051,9.36096,17.80141,8.33,109.22,30.11998,13.6344,6.97139,9.22687,107.78546,7.85572,16.42411,6.14451,22.85937,8.24628,33.95907,525.766,121.851,132.8649,68.149,67.29008,176.02795,78.96123,26.929,32.90168,60.3233,50.031,46.684,44.99734,22.316,158.29368,127.875,92.43037,58.673,36.29457,78.80179,56.24178,17.43446,13.43755,68.08,15.89669,42.398,21.87703,17.16516,13.48558,13.81549,10.7376,8.01435,26.4143,8.82945,26.53988,20.05501,19.32239,20.52484,18.061,16.40174,6.19052,16.89098,94.32352,55.83268,22.01347,27.20804,112.50986,52.38905,24.08847,23.42689,23.62256,48.56173,10.42566,10.84502,23.26245,7.295,5.88195,28.45752,16.48891,20.4074,13.562,19.08609,105.79155,134.998,70.209,27.68,42.372,97.95,80.2,65.002,44.802,62.71016,23.421,12.536,61.79,40.743,31.854,30.65,22.572,82.81974,25.23545,46.51893,29.53438,27.98274,9.4824,30.86886,25.66587,21.94533,32.61883,18.23247,18.11926,57.62789,31.8378,26.368,37.34029,30.56202,133.54,20.818,20.343,41.03443,45.02,10.139,27.122,28.78,33,34.30456,14.477,12.964,81.85333,32.26716,23.82813,38.62195,24.32092,40.6965,39.85929,6.67147,21.00108,25.71121,24.92887,21.41565,18.00628,285.79151,21.91864,252.29474,37.29815,46.37544,118.91904,53.45988,40.06426,54.01839,26.796,48.03938,18.95468,13.9857,9.72821,17.43278,16.77135,99.34806,40.43816,20.51118,31.9835,18.01652,41.81684136,28.368,33.25344,13.90514,12.34378,6.00308,14.255,13.235,21.3905,12.837,,14.53089052,10.9207,,14.56452,3.18613,,201.459,132.20544,16.43332,12.41647,17.79648,28.60074,33.00864,8.78912,12.82343,16.04308,16.10762,20.009,13.49,22.93905,13.85407,20.53982,8.10416,8.64925,9.70809,30.2747,9.05076,21.836,6.35033,,,67.63684,23.18489,27.1385,7.5864,10.80796,,,,1.88,,,,,,73.486,3.708,22.188,25.708,18.145,15.833,12.932,12.931,8.074,5.889,34.87465,2.06425,4.00569,8.41841,8.85618,7.05247,,,,,4.728,,10.44875,,10.48208,5.52472,10.1,,,31.5,16.75526,,
2002,11683.02027,452.57,215.076,116.46487,110.22878,31.16334,65.31664,43.94074,82.34564,27.83715,20.0011,53.13289,45.99763,34.89205,50.73073,21.83851,10.91737,20.6016,17.20312,10.03957,17.0141,23.05186,9.34096,22.39068,,31.67,33.30196,5.13994,20.54143,20.30653,20.47691,19.036,,,132.60183,133.4,70.89643,28.01795,19.34967,20.26475,24.28663,21.76304,8.52089,20.19508,30.20112,15.18136,10.26199,20.60788,106.08,51.50813,19.99885,6.9707,17.41323,10.03247,19.52528,10.20181,119.88,33.3051,14.91194,7.68841,10.05654,103.0715,8.53472,18.47101,6.96552,24.24485,8.95727,32.02128,579.502,138.514,153.4133,74.934,76.06035,208.03673,86.51791,29.684,37.50195,67.32616,54.428,51.346,50.46038,24.703,179.89565,145.334,105.2353,67.765,39.70651,88.60602,63.74144,19.8412,15.7301,78.285,18.51028,50.067,24.55133,19.01881,15.21178,15.45927,11.81038,8.84156,28.52141,9.67473,28.08265,20.97706,20.74129,22.27315,19.6226,17.24566,6.69749,18.25966,101.1691,64.8357,23.2075,28.65663,122.30562,53.4697,25.49835,25.7858,24.40598,55.23746,11.62452,12.04051,26.33549,8.9966,6.56671,30.91679,18,22.14287,14.92,21.85,119.01167,155.142,78,31.386,44.817,111.5,89.5,74.35,51.52,70.35039,26.143,14.19,69.3,46.05,37.55,34.06,24.984,92.8289,26.98982,53.50145,32.1513,31.2641,10.50506,34.04699,28.76249,23.7135,36.28207,20.07737,19.71858,62.50672,34.27291,31.19211,41.35687,33.16976,146.78,23.452,23.318,44.40603,45.662,11.134,29.34604,31.406,35.91,36.227,15.659,14.301,93.02779,35.52747,26.22958,41.89963,26.00747,45.20156,44.32084,7.29602,22.94538,28.86309,27.13332,23.04753,18.92986,322.43283,23.561,301.72384,41.50575,48.31587,132.85468,56.59912,42.56642,59.25513,29.366,52.52036,20.46886,15.08941,10.96324,19.15271,18.02005,118.9055,46.9734,21.52232,33.46088,19.19831,46.31795,31.463,36.07784,15.31624,13.439,6.65348,14.812,13.982,23.17002,14.397,11.02567,13.76359894,11.47148,,16.27047,3.588,,227.98,148.87638,18.12198,13.88926,19.22238,31.51091,36.96998,9.40993,14.06178,17.82231,17.98019,21.91069,14.95165,25.83049,15.44405,22.504,8.95209,9.56326,10.32671,33.63696,10.11188,24.289,7.07276,,,73.39974,25.43962,27.30769,8.1087,11.26632,3.6948,,,2.078,,,,,,82.668,4.09,25.037,28.189,20.153,17.971,14.131,16.283,9.108,6.563,38.67843,2.40336,4.52011,9.51751,9.8806,7.84706,7.566,7.27784,9.50705,8.014,5.21328,,12.13381,,13.34608,5.7859,9.6,3.09648,,35.44426,17.04788,,
2003,13594.31024,526.72,257.803,132.45121,129.5322,35.82427,76.25607,51.46061,92.48071,31.99369,23.49782,62.88615,52.85451,39.67576,61.93085,25.15415,12.5918,25.56615,19.85067,11.85962,20.34428,29.36189,10.93822,29.53034,13.49617,40.62029,45.01914,6.76298,24.24821,23.81544,27.13973,21.32626,15.13733,15.53002,150.18961,154.67,79.03681,31.48388,23.46594,23.29453,28.17002,25.338,10.30302,23.87762,33.80089,17.65242,11.98189,24.00291,122.67,60.01038,23.13066,8.16105,19.23723,10.98582,22.71321,12.33531,135.59,35.0169,16.91294,8.80058,11.48876,112.56009,9.50709,20.08599,7.96885,26.69036,9.71388,34.98974,680.404,169.077,183.3452,85.226,90.142,280.156,98.01814,33.275,42.064,74.339,63.177,58.767,57.405,27.819,211.87148,174.927,121.2485,82.354,45.95433,103.52193,75.63033,23.84733,18.66184,90.887,22.02878,60.364,28.48538,20.81442,17.05041,19.25237,13.24689,10.30449,32.04307,10.84187,30.05,21.68607,21.99287,24.82739,20.9068,18.32512,7.55027,20.31763,116.2131,75.96934,26.27554,32.06821,138.01105,60.33969,28.26381,29.43962,26.9869,64.10248,14.0691,14.28645,30.67749,10.91,7.97237,34.50595,20.67244,24.94974,16.8411,25.27563,135.2154,181.903,100.338,38.324,56.2,131.6,103,88.261,60.407,83.602,31.167,17.005,81.97,55.668,45.419,40.65,29.01,110.2277,28.20917,68.63165,36.56628,36.17866,12.22482,37.89452,34.14205,26.50299,41.16846,22.15676,22.45634,72.41573,33.97493,34.71173,40.34625,34.57143,162.218,25.979,24.505,49.13566,50.331,12.57,32.75115,34.355,38.998,38.7235,17.368,15.688,108.60986,38.30868,26.76868,44.54628,28.50856,49.51877,48.65833,8.19087,23.96731,32.42609,28.03566,24.96138,21.12509,378.04451,26.803,364.01435,48.30648,52.69693,157.84876,61.78068,48.39463,65.72548,32.83,59.09772,22.70363,16.474,12.80242,21.51434,20.5987,145.47,57.2054,23.64556,35.90698,21.47012,52.17793095,36.157,39.15373,16.19978,14.014,7.25271,15.289,15.692,25.84458,16.213,11.49806,14.85799717,12.63024,10.42185,22.88595,4.11659,,261.557,170.52732,20.27893,16.4268,21.63954,35.53762,39.65792,10.40781,15.9188,20.03189,21.55616,25.03236,17.40527,29.10202,17.6347,25.514,10.03435,10.82321,11.76806,38.09191,11.7082,28.018,7.87506,,,81.82598,28.1611,28.64738,8.73,12.1256,4.1405,7.6995,7.31542,6.42,,,,,,92.6121,4.7429,28.1324,31.2608,22.4829,21.8018,16.0711,20.0096,10.3375,7.4717,44.00803,3.17731,5.41581,10.53445,11.01045,9.00107,8.3764,8.06051,10.66855,8.96916,5.60408,,14.48328,,15.67845,6.92109,12.70346,3.75938,,40.85834,21.62707,,
2004,16335.0667,625.25,314.135,151.11521,162.63343,42.51391,93.64918,63.5577,111.08786,40.01082,30.06156,77.41155,60.48,47.38046,77.1655,30.47269,15.15009,31.84746,24.45115,14.52132,25.39148,36.82811,13.01939,37.59352,17.95855,51.21,60.83255,9.13666,32.6653,27.70805,38.03751,26.1789,18.94893,18.31763,179.23975,185.04,100.6,37.50016,29.36043,29.05058,34.31203,31.83313,12.71258,29.00185,36.87,21.6057,15.27847,29.33558,141.56,70.3704,27.94099,10.00597,21.78,9.92254,28.47227,13.70006,160.45,40.18847,19.46995,10.48765,13.66325,123.9538,10.92023,23.62956,9.65164,30.17544,11.22757,39.75993,810.155,208.71,227.43,103.951,111.338,336.594,120.402,39.28,50.097,87.136,76.765,71.666,70.375,33.559,256.64609,210.945,138.8907,100.241,55.04915,124.4992,92.55855,28.0455,23.12696,107.648,26.275,74.092,34.50746,26.366,21.449,26.5095,16.913,13.672,39.202,13.198,35.564,26.332,27.91206,29.462,25.31,22.46429,9.24253,23.566,133.5209,89.72652,29.646,34.0034,160.29716,70.20241,32.1696,34.92257,30.90407,77.04622,16.51237,17.2556,35.67621,13.4,9.63748,39.80147,24.286,28.95167,20.41762,30.10663,160.027,219.36,123.096,50.331,70.173,163.08949,124.641,110.216,73.211,100.881,38.778,22.388,96.03,68.69,57.269,51.945,36.522,137.78886,34.57413,90.5198,46.98229,46.34693,15.63417,46.15109,45.57036,31.74246,51.58199,27.95597,27.46518,89.33215,45.5837,43.42689,52.19821,44.58303,188.224,29.591,29.29,58.86758,55.788,14.192,37.94609,38.129,43.002,43.23957,20.5,18.969,130.8983,45.2477,33.2781,54.21735,33.66166,59.03086,58.33656,9.60921,28.73425,39.50835,32.7851,29.12274,26.72073,447.73511,31.27628,435.02928,55.80339,60.37625,191.80422,69.5642,55.17005,75.0338,39.11541,68.51423,27.164,19.01613,16.03001,25.12089,25.57613,180.9609,70.42951,25.69282,38.578,25.75959,61.91189469,44.083,45.91601,19.6614,15.553,8.33226,17.125,19.118,31.2684,20.376,13.95,17.84514,15.47458,12.55486,25.30155,4.82348,,305.954,203.10663,24.93484,20.08306,25.87937,42.47771,45.49447,12.74716,19.3527,24.35401,26.57746,30.70864,21.68208,34.90282,21.75811,32.18573,12.15901,12.4657,14.04319,44.36292,15.10957,32.893,8.77905,,,94.61405,34.24766,32.78995,9.8083,14.56693,5.0378,8.84887,8.38988,,,,,,,109.2352,5.6842,34.0783,36.3458,27.2546,27.0024,18.9039,27.1127,11.6554,10.1459,50.465,4.44385,8.55262,12.63304,12.82506,10.80216,9.93456,9.63426,12.22504,10.83062,6.41428,6.3383,17.47354,,18.89679,8.93847,9.22147,3.58573,5.05381,48.42599,29.6202,,
2005,19431.30113,714.98,394.794,167.15015,202.7637,45.34994,109.85113,67.10439,104.05691854,42.58052,35.32,105.551,60.957,51.09449925,91.00593,37.02507,20.02511,39.87461,31.59994,18.16505,33.10171,47.08299,16.717,52.31628,30.95173,74.36618,84.86991,12.56046,34.75633,32.93183,59.48228,32.40831,21.70292,23.02063,210.83514,211.98,101.8012,39.02406,34.32895,32.63156,38.19403,37.95888,14.25943,33.00613,44.13248,26.42307,21.2135,29.95243,150.32,62.96913,33.07059,13.708,23.36343,16.0482,36.55508,15.21856,179.64,42.24396,20.46355,11.20588,14.66204,140.07195,11.59296,24.15433,10.02149,30.28103,12.0496,35.07883,919.713,247.826,283.954,123.666,132.249,417.348,149.431,49.734,57.242,106.158,99.085,88.834,86.769,39.238,297.37445,244.732,159.0821,115.838,63.94198,144.98051,106.67,32.83576,28.36728,124.941,31.80652,92.561,49.204,30.245375,26.7153003,41.179,20.51359989,17.568,42.12887249,15.864,31.735,32.90348498,31.37857301,30.187,30.91074488,23.54,12.1,24.25404538,149.13998,101.80148,34.271,38.63191,162.63034,62.8531,34.80016,38.56278,34.35992,100.77025,19.30985,22.80989,42.89161,17.73193,12.3528,50.01106,30.31422,37.22066,26.2004,38.81089,184.62792,257.695,143.095,63.335,87.329,201.246,147.118,126.619,85.566,116.977,42.65,25.634,114.85,83.183,69.31391,66.727,45.085,166.06006,40.80088,111.23986,56.09931,55.74577,18.62357,54.41633,58.3974,38.39824,60.54744,32.21361,33.51823,105.34299,56.07773,50.85635,59.54976,50.03555,226.117,32.819,30.663,60.806,57.147,14.697,31.02908,36.023,39.304,34.856,20.383,19.307,179.78497,52.41377,36.68374,59.08645,36.00894,63.48661,63.4168,11.06322,29.47607,47.76876,36.1222,29.52122,31.11113,518.78466,33.70298,503.57678,64.05336,63.7684,245.0669,80.17004,68.26726,73.91322,43.59545,80.5113,31.5171,20.57511,20.4807,29.45493,32.35979,218.819,88.57187,28.34371,41.39965,20.24609,72.79031652,51.2,51.203,22.84,16.461,9.9138204,18.802,22.282,35.2602,23.93604,14.107,20.69592394,16.522,15.11295,30.88614,7.19296,7.29633,344.835,237.59858,27.39544,24.8011,28.49099,46.2167,48.25313,14.51893,20.65863,25.48349,30.67168,33.52726,24.50669,37.00352,24.63199,34.2558,12.64636,12.90055,15.64614,52.65159,20.75507,38.859,10.60334,23.1,12.81,108.0126,44.09662,36.82253,11.74226,16.71974,6.03328,10.65609,9.65139,,4.41,3.25,2.45,2.45,2.87,129.4054,6.8078,39.0806,40.9314,31.4962,37.9276,21.0462,42.6378,13.8158,10.9012,56.70437,8.13069,11.587,14.65368,14.61676,14.18113,11.07881,11.017,14.60284,14.38181,7.13036,7.41836,23.75652,7.42,28.85029,10.96294,9.81093,4.48776,6.58484,56.25007,38.57256,11.98,6.86
2006,22611.0359,838.7,451.894,190.25185942,233.55284,53.43611,135.4798,77.694,115.39241027,50.14422,42.75,120.893,71.598,52.42063378,105.4608,40.59573,23.74387,46.03998,36.44086,23.41263,38.56794,55.02093,19.44549,58.87387,40.57513,90.00845,101.01178,15.23965,42.80089,41.30283,80.00046,39.506,27.82323,28.50871,254.90316,254.17,113.60123,45.78224,40.03426,38.53331,46.0245,45.7244,15.86389,39.30333,50.91464,32.39324,25.40231,34.81105,173.68,72.88301,38.01684,17.1611,28.47362,19.19006,47.36781,19.00399,205.51,48.15986,23.62214,13.00017,16.92288,162.03336,13.03332,27.8537,11.42269,34.70888,13.56863,39.72715,1059.886,285.581,335.018,147.614,160.386,494.807,180.181,59.743,67.662,123.3219567,113.569,105.32,104.605,48.046,348.34137,287.442,182.6922,134.518,75.30948,168.20447,124.08,38.70731,34.26667,145.848,36.22872,112.129,47.9719,35.902,30.498,42.89,22.472,24.363,49.421,18.74889,37.22901,37.836,35.901,34.44,35.635,29.873,13.009,28.788,168.69271,118.88391,40.993,45.65895,190.07599,71.69115,39.31859,45.00075,38.39988,118.38973,22.47759,26.54942,50.62201,21.42709,14.32082,58.2732,35.17803,43.97203,31.35607,45.14277,216.15316,302.94,164.516,75.995,105.439,240.57504,172.088,145.60939,101.818,136.8527,50.587,29.198,135.95,100.338,84.133,83.367,53.96,201.34777,47.52888,133.3646,67.54105,64.60021,22.16682,63.99858,69.90957,45.62361,71.85397,38.02783,41.2147,120.30522,65.09783,58.83499,67.77441,57.19231,267.933,38.49,33.815,69.491,67.51838,16.833,34.87304,40.41503,43.806,39.119,23.425,21.833,213.78191,60.52653,42.2078,67.20697,40.95117,73.3402,72.38368,12.75435,33.62102,54.62338,41.45477,33.39081,35.91162,612.42011,40.46046,592.06612,75.36263,72.03281,302.0827,94.37866,80.84972,87.3672,50.70384,93.09277,35.00272,23.97832,25.80842,34.57753,43.11051,263.5619,106.4314,32.18277,48.02224,23.09655,88.01064228,62.23355,59.55241,27.04162,17.925,12.27842304,23.595,26.002,41.09618,29.72745,16.215,24.88920247,20.006,19.40282,35.01246,10.92608,,390.026,277.21734,31.9999,29.00717,33.11151,53.92036,56.08402,16.64814,24.09397,30.12878,36.6435,39.64607,28.08286,42.80679,28.11095,40.03974,14.89092,14.60812,17.85472,60.28845,25.39238,46.681,12.37375,26.97,14.75,121.5543,53.68252,41.58666,13.54865,19.56234,7.01749,12.46806,11.41738,,5.05,3.74,2.75,2.87,3.27,151.2556,8.006,46.2652,45.7259,36.1315,52.4636,24.312,57.0525,15.8128,13.0967,63.84705,9.86572,15.26136,17.57102,16.63925,16.16223,12.67042,12.55928,17.32454,17.15456,8.08834,9.349,28.16093,8.47,33.52918,12.97701,11.96379,5.19279,7.5005,64.43019,47.32562,14.82,7.76
2007,27086.48354,1042.55,531.796,226.88440024,277.9419,64.77079,160.81303,89.07487,133.67260288,59.22339,56.981,138.672,88.39313,53.60923728,130.9787,49.08465,27.32413,55.06252,41.99561,33.21931,47.01976,61.95053,25.72845,65.80869,50.76745,110.11331,127.71982,19.004,59.01361,58.61392,115.09051,50.50392,35.51474,34.40007,316.75731,307.88,134.35436,54.72419,48.49215,46.40241,55.10889,57.01071,19.35087,46.7712,56.28575,40.39664,33.42279,41.75255,208.91,100.80128,47.52497,21.65,35.36277,23.74523,60.73494,22.8612,239.14,55.60392,26.46464,15.35718,20.64301,182.22781,15.32188,33.68924,13.51595,41.6966,16.63188,44.72112,1287.868,338.118,393.199,176.276,193.693,591.431,218.249,70.481,81.244,144.1117133,137.036,126.958,123.388,58.561,415.58438,341.857,214.6622,158.6,88.33116,197.8715,147.435,47.88812,42.13472,171.51,44.1016,140.155,58.23014,40.96988,34.42294,53.21,26.71818,28.69,58.76612,21.32317,43.55544,45.37578,42.427,40.399,43.529,33.5566,15.80091,33.26478,202.92767,141.81033,51.333,57.47686,228.37002,85.48082,46.6577,55.34371,45.74559,138.9892,26.18517,31.6276,59.25614,28.07714,22.02019,70.19653,40.60052,50.88563,36.79225,52.81238,250.01427,354.548,194.502,92.55606,117.204,287.99509,205.602,173.601,122.611,158.34545,62.958,36.727,159.81,118.082,102.54153,103.02894,68.602,248.6747,55.54386,159.53222,82.11632,80.78243,27.44319,77.96766,85.60041,52.61408,85.53952,43.70242,51.84783,137.63321,76.56721,69.9026,79.8538,66.74772,320.947,44.705,41.142,82.09,78.545,20.87073,42.00794,48.08,51.963,47.374,28.674,25.762,260.471,75.12625,52.681,82.08659,47.59067,91.58376,86.40845,15.13284,41.76247,65.05242,50.63922,41.16746,42.33519,720.29498,48.04308,692.52268,90.24451,83.23343,369.6352,109.8817,92.84769,99.87848,62.12468,112.1708,41.17083,28.84062,32.94873,40.36103,55.78581,316.9261,128.3877,37.48669,58.4869,27.48099,108.90730439,75.51234,72.40453,31.95739,22.595,16.29082607,28.667,33.056,50.13927,35.273,20.543,31.93088846,23.564,23.18724798,39.36858,12.23161,,477.072,336.47844,39.41538,34.52571,40.38967,64.83972,67.34967,20.84596,30.49454,37.46111,45.29731,50.8129,34.37497,52.9045,33.88327,51.04223,17.67505,17.61156,22.0209,69.3717,30.08419,56.81,14.57813,33.55,17.92,142.5433,65.04206,49.59279,16.23779,22.66953,8.48176,15.1508,13.5783,12.191,5.89,4.44,3.38,3.32,3.72,185.7746,9.5383,54.8098,56.0684,44.3184,64.0174,29.5559,77.8294,18.8374,15.354,73.27581,12.01845,21.3219,20.75226,19.62073,18.76523,14.66371,14.78204,20.325,20.08175,9.77094,11.18061,34.24581,10.21,40.86009,16.93068,13.88272,6.18352,8.96641,82.028,51.51297,17.2,9.2
2008,32339.24803,1181.31,680.554,272.35531,353.74741,76.06319,190.63594,97.00139,152.58233,74.65162,74.368,162.016,106.14881609,60.38074,154.8089,56.96268,31.06529,68.21316,52.7549,42.04038,56.78066,69.14452,31.12485,75.46316,62.96438,131.637,176.00038,24.01,75.23927,74.1962,160.30184,63.266,43.906,43.46864,378.86599,380.33,160.78635,66.24377,61.08589,56.38618,69.04436,70.35683,23.3912,56.66088,67.50045,53.6328,44.66114,45.78221,250.13,130.00948,59.65476,27.11856,44.73262,30.03488,80.67183,29.07212,281.48,66.58807,31.58814,18.46919,26.00512,222.03734,17.90114,39.85,18.71613,50.60872,20.56219,54.17896,1453.69,385.957,452.981,213.371,230.151,716.34,262.006,83.088,99.225,168.828,166.559,150.586,146.114,72.109,485.05857,394.652,240.746,181.978,102.288,223.01962,169.30788,58.01513,51.20801,194.623,51.506,177.686,74.9646,48.63852,45.362,63.63,34.909,32.531,70.47175,24.99,52.0111,54.127,51.11031,47.933,53.3947,40.422,19.24,41.161,235.5671,162.836,60.535,72.10897,270.52915,100.20167,55.91439,67.28476,54.26716,166.00847,32.19756,38.76366,70.05984,40.23218,25.66218,83.48486,50.50046,61.5,43.40496,62.83382,300.67703,414.191,231.678,109.283,142.67,343.419,249.181,212.216,151.33,178.03493,77.31401,45.579,187.82,140.091,125.267,123.683,82.179,300.39925,68.93747,191.96384,106.77008,103.60548,34.23523,94.94928,103.1586,65.72798,106.20503,55.02627,65.42124,163.64296,93.13905,86.67899,98.41251,81.29755,411.551,53.057,48.736,102.656,100.246,26.979,52.036,59.306,62.398,60.075,35.919,31.02,333.41947,90.95676,65.47824,100.00859,56.15709,110.5736,104.96975,18.39774,51.1277,73.40633,59.26853,50.37856,52.84038,836.60227,55.78888463,794.14328,100.66218,95.46505,441.9036637,127.23303,110.11966073,118.12429573,70.78030012,130.95122172,47.86216,34.58587,39.53749,47.82763,65.3560932,371.5680611,147.3844251,43.98497083,72.19805,32.22573186,132.04347996,90.526,85.15923,40.01238,27.65,21.33366865,34.575,38.682,60.28298,41.62366,22.736,36.73139,27.347,27.29832057,43.99393,14.92809,,589.949,394.49148,48.6851,42.76138,50.84223,69.50411,74.31645,23.35589,37.26708,48.82791,56.23939,60.19472,41.27098,64.58619,40.4903,60.39863,21.32237,21.37624,26.94381,81.10521,38.42663,70.049,16.76482,40.298,21.642,163.4001,78.75678,59.60973,19.40496,27.22801,10.1149,17.98569,15.6874,14.205,6.727,5.137,3.899,3.989,4.219,231.3263,11.8566,65.8639,71.733,54.4805,74.5231,36.175,113.7766,23.9567,18.7744,84.62811,14.41043,19.44259,24.42835,22.68035,21.01088,16.98559,17.50618,24.80173,24.84991,11.62151,12.16011,42.21885,12.236,51.41138,22.8727,17.29879,7.57929,11.91009,102.03488,66.12062,20.123,12.69
2009,36114.87026,1290.09,761.82,300.12797,381.27192,80.45421,201.528,105.62913,173.00023,80.03407,76.01136,180.12287,114.74791,65.21058,156.5912,59.62587,34.871,77.52901,60.60499,56.13074,63.68106,72.30077,34.93072,76.68659,61.15606,164.39925,216.8798,31.1208,91.28888,96.13935,216.1,77.92653,50.98658,50.001,428.27978,434.9505,173.0474,69.86395,68.83947,60.75211,72.72951,79.94827,28.79693,60.82597,67.68658,60.57065,51.80944,44.55816,284.86,150.04776,65.85947,33.6182,51.80017,35.66348,90.08304,35.33626,317.55391,69.05169,35.38182,20.23348921,29.85081733,212.00036,17.24616,43.26602728,23.36262,62.92847939,22.42095,60.5879,1574.244,428.725,502.749,241.254,256.088,785.101,290.417,94.85,112.175,191.7,187.897,169.334,167.982,82.685,518.1802,433.433,252.051,191.937,110.12534,237.71851,177.78219,62.62897,53.99335,204.105,54.6633,210.213,90.19997,53.2087,50.8773,66.58905,37.18734,34.373,77.066,26.69198,57.61845,60.77994,54.06,52.93628,58.40232,43.19284,24.55896,43.277,260.40448,176.04059,70.087,81.80936,306.95003,117.80103,62.16534,82.48814,61.22829,183.75008,36.40337,42.14862,83.13636,48.41748,25.6802,94.0629,58.41087,70.0243,50.29103,72.85029,334.09059,453.422,244.528,119.60414,144.259,370.179,270.723,223.813,171.5663,178.03493,86.466,47.13,197.71,147.60842,137.837,135.49931,95.73109,330.85053,77.87245,200.14846,112.781,112.48807,36.36276,99.19801,107.14238,66.16319,113.07471,59.17024,70.27459,171.44914,99.55475,92.89974,106.53712,90.05247,462.086,57.159,55.096,127.233,120.101,32.37121,60.00969,67.288,70.958,73.019,40.515,34.191,378.78437,102.48939,73.93818,116.80146,60.06947,127.21499,123.92306,20.30965,59.16182,84.32283,64.00361,55.94841,56.83129,914.6743083,57.0877108,851.4470706,105.6865237,102.0001022,484.2576672,133.7917519,115.5953505,122.8836975,79.3412369,141.307594,51.5155001,38.45276,40.1168233,51.4829893,71.5983814,381.682754,155.6105999,47.9808528,80.1381288,34.0865257,152.47144242,104.60537,94.82319,45.36513,32.106,25.10366507,39.618,43.77331,68.34914951,45.28599,24.92167,38.27713,30.314,30.43554786,50.5992,18.36724,10.99046,665.122,450.26032,54.10487,42.4075,58.7603,77.9893,82.01664,27.04803,41.20706,56.08849,61.90171,68.62762,46.53274,72.078,45.03368,68.27297,23.96141,23.83161,29.16302,97.19382,43.01556,77.76409,19.57038,50.001,25.174,184.2225,87.09446,64.44042,22.16546,32.04517,12.06746,21.16987,18.13326,16.32777,7.551,5.79,4.577,4.548,4.511,268.9061,13.7498,73.8201,80.4401,60.6891,71.1391,40.4482,126.128,26.8722,20.788,92.59821,16.005,19.47494,26.53311,26.00022,19.27902,19.20761,19.56563,32.10478,30.22211,12.70997,14.234,50.10743,13.567,57.81483,27.07801,18.58945,8.7928,14.29824,109.452,48.02909,15.458,13.032
2010,43068.92111,1496.4,934.377,340.10186,446.91588,93.04969,236.15569,121.20943,205.03,96.64158,88.89619,220.31199,135.10982,78.18229,180.6509,69.51422,43.21597,92.02336,73.05428483,67.01476,76.38366,82.74316,43.74561,89.0144,84.55392,186.57116,246.081,39.11235,108.62293,117.66183,264.323,93.20138,60.33292,56.76016,503.65832,515.81621,212.50121,89.51571,86.03675,72.88908,91.26325,100.24494,37.88656,73.54295,92.63214,72.21291,65.64084,53.14485,332.9,180.06376,77.95527,41.01426,62.70844,43.3167,110.28463,44.51802,366.48538,88.04569,41.94931,25.09869911,39.63503591,290.00642,20.24407,51.24563035,30.52237,76.49791215,26.10994,73.34286,1791.541,519.954,577.921,295.147,309.185,918.076,351.056,120.179,139.638,231.571,225.702,201.922,199.841,118.77,604.95624,518.1,291.8815,231.546,130.16552,280.04029,211.45027,76.08909,60.94395,243.327,64.19304,270.161,134.112,63.80525434,60.41811915,94.909,46.16414447,46.67,86.8543,30.94492826,69.56502472,72.15098195,65.05654307,62.97332,58.094,51.278,30.08438999,52.5959678,312.34091472,209.30558,86.795,100.57925,357.7288,143.07097,72.86525,99.08973,73.86099,220.01059,46.15001,52.039,103.20647,63.12212,34.48865,111.97412,72.05251,87.00005,63.00124,90.10029,391.05271,535.069,286.675,136.204,163.869,435.846,309.092,254.281,207.193,194.47,90.924,54.633,236.06,165.782,162.238,155.15164,122.709,404.08926,92.71584,232.0246,131.08394,131.5589,42.91193,118.99408,124.5926,77.54037,131.6487,68.04948,87.44157,195.33562,114.37913,109.18323,122.83024,105.37118,556.593,69.012,73.678,154.732,153.827,39.529,73.007,80.067,83.71,86.23,52.033,40.166,459.83041,127.54805,89.4005,142.03377,72.72893,153.93576,149.15686,24.24785,71.22748,108.17632,76.70148,67.49227,67.87067,1064.0674228,62.4765574,1006.9055315,124.1738759,112.57469,566.5450759,157.4726678,139.0017085,148.2260864,96.5119985,172.3561744,60.2789439,45.50246,44.4028824,61.4991884,86.7134004,433.984528,180.847722,55.6505098,96.9818097,39.6212643,180.02613,131.53121,110.35587,57.92817,40.141,32.04154468,52.06655,54.46571,84.02489,57.399,29.6868,46.87372,40.522,39.23691288,63.13099,23.87682,13.2947,806.526,588.946,63.183,51.909,71.722,91.726,93.587,31.685,48.927,65.035,73.206,80.643,54.197,80.784,53.086,79.222,29.671,27.747,34.887,112.18174,50.06319,90.8757,23.2921,60.085,29.362,213.4905,100.55964,73.64354,26.08992,37.96448,14.35885,24.80804,21.69731,17.891,8.64,6.707,5.369,5.305,5.115,319.5047,16.5087,87.7825,99.7815,76.3404,86.3189,49.5952,168.6811,31.9606,26.4074,110.03898,18.43192,21.05134,31.11826,30.02285,22.87676,21.2701,23.18873,40.50348,35.76095,15.05867,16.94085,62.828,17.331,76.94227,29.85969,21.69973,10.4031,17.31892,130.27147,71.13531,18.27866,16.73848
2011,51512.7478875,1718.88,1146.17,408.26833,544.24541,107.00808,278.90278,142.89231,244.99,111.861,110.42013,258.51998,161.14156,92.90736,211.4694,84.35804,53.03844,121.86037,89.49773,85.52006,89.02376,101.68221,55.45452,113.60573,113.07118,217.72669,300.53984136,48.324205,134.71906,144.88194,321.8539667,114.53112464,71.84502,69.00404967,592.78058,615.06265,239.87633,111.33679,104.45851,88.86676,111.69266,122.4654,48.02605,88.86669,111.99202,87.38428,81.30202,60.04725,400.3,220.80487,98.45977,50.04925,78.02319,53.14342,136.09668,55.45757,424.21894,106.56697,50.78321,31.30593006,50.29163637,374.15389,22.96836,62.53089092,30.8059,94.03460974,31.60451317,91.20937,2000.968,623.02,679.988,358.975,363.981,1088.592,413.886,142.216,169,277.133,266.487,236.068,245.493,132.083,715.30334,607.494,340.7971,270.39,152.00252,333.60649,246.36409,92.67127,68.94508,276.647,75.63001,363.66151408,165.8241988,78.0239356,70.95384,114.43,55.4915648,57.941,106.63019,37.88147544,85.0489064,85.3206815,80.24166744,,72.134,62.665306,37.248819,67.13932862,373.63795606,258.47032,105.934,123.58328,422.0615,176.82006,89.43055,124.21544,93.01166,268.88724,56.47106,65.81538,125.64149,77.92129,42.75959,133.59972,87.90619,107.7982,74.25067,111.05823,440.629,624.848,328.023,156.16815,185.299,490.683,354.184,289.669,233.062,211.095,106.471,61.188,264.29,195.071,191.942,181.75833,155.652,497.98455,107.24197,270.27571,148.46148,148.66057,50.05192,148.94078,144.26241,89.73433,158.87419,75.17001,103.04485,220.23132,130.83722,125.76828,140.74894,124.47731,676.22,92.596,85.125,214.069,213.222,49.089,94.259,95.816,104.311,104.511,65.201,51.799,568.36892,156.42651,112.41443,173.42967,90.72264,189.9492,181.11879,29.80421,88.36303,134.63756,94.53949,84.5631,84.72625,1219.9691406,72.0262163,1192.2808476,146.0067928,127.13914,623.1403526,183.6718994,169.9019802,173.6460156,116.9413878,208.0136853,68.6706196,53.90681,51.9950744,72.8683337,100.3694869,488.7260905,210.2581414,64.3553843,116.3383194,47.1454794,221.14358237,157.97154,132.75663,74.24851,49.65849,41.37720857,64.66515,63.08187,101.99447369,65.67051,35.64003,51.19613,48.62126,49.18478,76.17575,28.64966,16.41015,1016.117,734.532,74.679,59.956,88.762,111.042,113.381,39.234,58.636,78.139,88.528,98.148,64.852,98.26,64.073,95.718,35.801,33.387,41.859,138.30724,61.38561,112.14632,28.5637,73.78832901,35.79561,252.8225,120.99332,87.65508,32.324,46.50326,17.85015,30.11899,27.24334,22.209,10.391,7.54,6.135,6.337,5.803,379.1705,20.1904,104.3983,122.4078,97.706,109.0568,62.8981,220.9311,39.5798,33.2108,136.00322345,23.55352,23.23556,37.58317,35.75508,27.28505863,25.6837645,27.6187216,48.15446919,45.43451,17.96849,19.76822,77.07043,21.937,98.66761,36.8020875,27.19592,13.37454,22.15901,162.15843,80.16856,22.14322,22.09185
2012,57404.94598,1902.47,1308.717,450.02098,586.16363,113.93664,302.42864,153.2062,272.09,123.35529,118.19213,281.24212,179.43291,101.10263,236.6301,92.17269,60.4154,132.86097,101.28134181,100.71198,98.65596,106.86498,62.09439,122.10801,123.04159,245.874,320.914,53.191,155.682,169.319,365.68,133.582,78.334,77.871,659.49552,700.28306,242.9316,123.63686,111.23567,101.53733,124.27098,138.11809,55.99635,100.04881,124.49563,97.53257887,92.06331,65.4515,442.62,243.00668,112.28017,60.51273,88.11232,64.30212,160.54206,61.55007,455.02155,117.60768,58.23381,35.82393138,56.54312474,400.10695,26.00327,66.82943234,29.89081,98.10517881,36.60823027,106.35381,2130.559,730.654,744.637,406.037,403.983,1220.781,463.03,161.875,192.091,314.723,297.455,269.333,274.088,152.203,796.85754,660.121,367.0562,291.44,166.44429,366.03997,272.13428,97.53242,75.59599,292.132,84.42386,416.43169719,187.36338679,89.02163797,78.17574376,123.394,62.05393463,62.13008,119.05588,42.495,97.07412502,96.25289647,91.49488416,,81.516,71.56535,41.74466179,75.7464118,421.09279246,286.90438,121.552,136.80111,472.6559,201.292,99.508,135.678,107.506,300.05236,62.82524,73.30597,142.01046,83.03232,48.21747,150.849,100.6261,124.76,82.504,126.53897,480.3669565,686.961,355.7207098,170.2916353,206.78,528.1383418,401.2430786,318.93672,258.042,233.7858952,117.119,63.141,287.09,223.05525,214.6753249,198.7726156,178.7355658,554.97869,120.70542,298.11236,149.57963,156.68969,54.57806,161.97714,155.13469,98.96987,171.61891,79.71238,112.73204,234.0726,139.7275,139.73205,157.47181,137.35463,800.382,104.095,95.568,250.889,250.196,56.039,108.526,110.516,119.598,119.288,77.32,59.007,647.97773,176.13222,128.23929,195.77018,102.8412,219.9916956,203.8503853,33.89855172,102.0277348,151.7267944,105.95951,100.10673,100.26518,1319.4687025,81.8551219,1349.6267525,158.3663214,142.29832,664.2946408,189.2983235,184.5702175,193.169252,127.9644652,235.2457332,73.7599209,61.37279,59.1422706,83.1809543,102.5123433,519.0201132,230.652438,69.943708,130.6170321,52.4281939,250.31811925,182.06066025,148.50211684,83.25789815,63.00914707,44.39936839,69.13215714,67.91828042,110.20781406,75.52414932,39.42144445,49.27087153,51.42945122,53.05063856,85.84869,32.48228,18.13733,1159.537,861.96,83.2,62.74,100.34,123.455,126.476,45.061,65.465,87.783,98.926,108.302,73.649,111.98,72.019,105.524,40.377,37.467,47.004,171.03048156,75.36526,136.193,36.762,88.496,45.791,303.5021,140.01655,100.01749,38.99564,55.55967,21.22389,36.68537,35.29771,26.004,11.524,8.975,7.239,7.307,6.516,437.0162,23.6139,122.5955,140.7587,110.4627,126.1848,73.3236,260.1933,48.3613,38.7205,156.3818,26.9146,24.33952,43.37651,41.28747,34.04992,29.1927966,32.450858,57.36605,52.93638,21.2051,22.59756,85.10857,27.413,115.09343669,40.99687798,31.50281297,15.845448,25.05880553,189.54206,81.07054,24.33907,26.82518
2013,62971.53651,2113.46,1465.985,491.366,612.12139,116.87549,306.15043,160.45756,290.638,131.70159,127.20917,301.2985,194.3134,107.02335,250.2076,97.10826,61.45908,133.37207,103.19142723,102.64012,102.22281,114.01151,65.47321,122.39045,122.86015,271.039,342.475,57.509,168.615,178.18,395.59,143.081,83.49,83.379,676.2273,726.7,262.325,134.045,119.366,110.73,134.493,151.311,61.512,107.999,135.106,103.127,100.286,69.8105,496.47,261.74061,113.77,70.0301,100.345,67.36447,165.04848,69.23486,501.705,123.0398,57.09117,32.00142,55.51063,418.14993,28.44921,74.71785,24.09883,109.26389,38.96462,121.00083,2320.412,819.949,791.985,456.868,452.753,1319.133,523.541,182.904,223.499,352.665,336.725,302.272,311.08,175.028,863.99093,716.451,402.4501,316.305,181.29461,398.71339,297.35669,106.18578,82.14197,316.937,93.64988,468.4,209.953,104.66511,81.93895,129.302,70.366,68.059,124.4907,47.09,111.23431,109.97133,102.52,,90.754,81.999,47.295,84.852,468.5015125,306.5489,137.172,153.34749,524.756,223.602,110.582,147.99,123.872,333.603,68.028,79.833,160.173,84.507,55.347,167.331,112.39,138.707,94.064,140.131,523.01948,750.87,380.124,183.063,224.218,561.387,442.07,350.154,283.044,254.969,128.83,65.348,317.56,246.059,236.587,215.573,205.001,620.18473094,136.35389112,314.07595814,155.687876,168.3649351,62.21182743,176.60959255,170.73608067,113.04789186,190.33145597,86.15354903,120.46790006,249.86647132,153.82197283,158.11632175,179.06548531,154.20210068,905.127,114.203,108.059,281.807,281.402,63.094,120.261,123.893,133.493,133.255,87.211,66.194,724.9055,194.943,144.306,216.944,113.004,243.551,226.494,36.56506,112.313,168.552,117.545,111.767,111.817,1505.0403109,89.84110364,1523.4243603,178.0865993,156.9575679,706.42967821,202.09725755,203.18025254,218.69333192,143.70445976,267.45036107,79.0821405,67.82164,66.8922301,97.1171506,109.95414902,574.04388651,247.00562629,77.22761015,146.53581177,59.66650279,280.3544424,201.00542873,165.79048406,99.17095533,73.49971694,52.51469276,75.37411135,74.20090859,119.84583836,80.38711587,42.38481855,52.86230116,51.557,58.46287985,98.94896,36.58868,20.08862,1302.76,945.066,91.337,65.233,115.659,140.384,147.041,52.025,70.669,91.511,109.693,128.371,82.109,129.347,79.091,115.916,42.895,40.022,50.751,208.542,88.211,158.467,42.916,104.193,53.522,344.5991,158.394,110.247,44.974,63.47,24.88114,42.539,41.609,30.487,12.858,10.45,8.183,8.661,7.288,496.0228,27.8099,137.451,164.8027,126.0711,135.4202,87.5036,274.631,60.3037,46.8482,177.62823,22.62175,25.20357,46.33061,47.89746,37.96906,33.59718,34.10775,64.19382,60.53667,25.74773,24.95048,97.853,33.7,128.90199,44.63454,35.19106,18.458434,28.74801,205.84716,85.31091,26.08927,33.3931
2014,67836.36354,2292.6,1596.454,517.02653,622.53023,120.00219,308.00054,164.69408,303.52036,134.89726,134.255,313.33822,217.59631,114.91345,257.2121,100.17256,61.66154,133.11415,103.58203,100.341,104.13,120.17177,68.03394,121.32401,110.13462,289.405,363.631,60.10187,177.83716,188.68,405.54873,152.22009,86.746,87.37258,710.26314,765.56,238.58951,127.65826,117.12452,102.26035,136.3999,154.60811,60.61578,101.46163,130.39536,86.72909,99.35232,72.15505,534.24,237.95605,121.0315,69.03093,100.84958,67.52889,159.62932,68.61811,534.00715,120.9336,51.60088,25.94613,43.26831,407.75057,25.60255,76.59799,21.4259,126.40168,42.13621,119.02452,2526.975,895.605,835.898,497.965,499.137,1371.695,574.861,198.719,247.843,380.758,375.013,287.176,319.307,203.67,950.2213,761.028,430.3046,335.26045,195.59985,426.58839,320.8203,111.50977,88.6097,338.738,100.01236,518.056,230.95488,115.11949,78.93189,133.312,75.9637,71.631,135.29062,50.71697,121.4386,118.89663,114.05288,,97.533,88.36299,51.7169,91.763,516.91646935,333.73631,154.157,168.37601,577.0609,250.63612,123.25593,162.12107,137.60938,366.79635,73.82137,86.49524,177.99599,90.02683,60.69809,184.35921,124.21109,152.29911,103.67713,155.0236,577.05966,812.066,402.97668,198.01306,237.077,600.20788,478.6,380.00607,304.682,279.034,138.622,68.76,338.81,259.608,251.64,227.6706,222.219,677.6989,149.20564,328.45734,163.71717,179.18143,68.21975,191.79974,184.43139,125.36056,208.72312,94.11601,124.00597,267.55709,169.7637,175.73375,199.20815,169.12964,1006.948,121.856,120.082,313.221,312.926,68.664,131.059,135.472,148.049,145.915,96.425,72.345,793.46649,216.10147,157.05611,239.65488,126.16104,266.93384,251.41545,41.00187,125.31471,187.25768,130.14528,118.12366,121.08581,1613.5953599,96.19005269,1679.5350749,200.8856333,171.0567833,750.99636695,209.92921223,220.18754656,237.5384256,158.04989975,295.91102879,87.0732291,72.93553,73.48399605,106.681695,119.44231504,617.48289679,258.05879182,83.31903522,160.4734091,64.57434232,314.82973,220.85074,182.70531,106.48152,85.60135,58.8938,85.49638,80.53951,134.17462,91.79154,44.83807,60.13922,55.12357,64.97236,109.17022,40.22558,21.51624,1462.378,1036.843,94.209,68.575,127.912,146.524,161.208,56.308,80.9,97.386,119.581,139.17,90.039,141.137,83.846,127.212,47.579,47.229,53.709,249.72691,104.273,187.436,52.006,126.67,64.773,374.7068,164.94046,118.47251,50.09758,67.03372,26.18385,47.69455,46.51215,34.745,14.64,11.711,9.286,10.113,8.339,557.6982,27.8949,146.8383,181.0293,135.3447,140.2464,98.4404,291.742,68.0143,52.5903,200.09389,24.30618,25.61027,44.76423,52.28228,40.59679,36.17771,35.05533,61.05496,66.88607,27.42496,26.25279,106.57811,37.77,138.86244,46.72622,38.34317,20.10289,29.75704,226.468,84.76725,27.75,40
2015,71746.93631,2477.91,1679.467,544.05988,610.30601,125.04439,314.54319,176.47323,330.056,136.35443,135.87278,332.06328,247.38649,122.0008,278.0081,105.33703,59.57009,119.53423,104.02416,90.11301,104.61155,117.40143,68.12356,116.1109,95.58013,309.052,372.193,55.98322,186.12749,187.727,422.613,159.895,88.743,91.37748,726.92045,773.16,233.69966,121.64773,116.46927,98.49006,132.73292,151.37503,52.55376,102.85818,125.65377,74.09003,85.47329,72.01673,559.22,239.4186,123.32487,72.66404,100.12129,66.85521,163.73003,69.96822,406.53165,98.15771,50.10138,28.5201,38.535828,230.18300002,23.36948,61.94049107,19.00947,71.85147494,45.70333,98.74964474,2688.702,1001.573,868.137,533.675,528.131,1446.868,649.829,230.505,275.558,418.171,409.991,308.847,349.493,224.24,1049.52793,800.361,461.80766,351.78068,208.42555,446.59653,340.234,114.61322,94.26052,355.385,103.86277,566.027,245.73234,125.3055,77.0622,136.53044,76.03904,72.12852,141.743,53.09,130.56964,126.74505,123.58259,,101.64885,94.2609,54.47404,97.14569,561.80844034,353.41878,165.56,171.29906,617.4765,276.73767,133.95148,173.84535,148.7359,400.0014,77.20557,91.23871,190.26783,94.67964,63.92614,197.38688,132.85198,162.10204,110.51377,165.08064,610.0232,865.857,413.024,203.10028,239.681,644.608,517.05,401.31243,320.783,300.157,139.626,66.583,359.94,275.094,266.362,235.53298,240.096,731.1521,160.58404,346.90273,170.57781,188.44808,71.72528,197.50287,192.60785,132.8341,217.11562,99.28496,125.10383,286.68156,181.21623,187.7744,208.96975,180.7096,1090.56,122.81,130.012,338.48,338.212,73.001,138.846,145.72,159.05,158.924,103.007,78.526,863.05197,233.51075,170.30972,260.15749,138.69988,288.628,270.90169,44.77004,135.44119,201.20654,141.81762,127.32479,129.16626,1734.7372404,98.78618801,1843.683593,221.6536618,186.9530321,810.75978431,227.42557808,231.94859004,243.97339353,169.18542984,309.02218027,94.3579682,76.6855,76.86839972,110.811651,126.62646822,666.53368204,271.13625215,89.11070719,166.4393028,69.65988018,341.00859,229.86169,194.29668,107.85858,89.20837,62.07242,94.44242,86.52035,144.61253,98.03511,46.81077,61.80346,55.76985,68.28231,114.31884,44.11933,23.76659,1604.054,1066.231,97.027,71.256,136.931,152.577,174.3,61.412,87.136,101.8,128.063,146.34,95.867,147.01,87.439,136.656,51.902,50.768,57.276,289.116,120.108,216.834,62.541,146.13,77.089,400.8942,165.02574,124.4523,55.19581,70.83761,28.96117,51.40121,50.21223,37.673,16.685,13.202,10.433,11.362,9.494,593.2861,26.6406,158.5024,192.5771,136.442,119.585,103.4886,246.1199,74.4041,56.0999,209.5992,19.00441,22.45163,43.42749,55.37728,41.61872,37.353,34.76994,54.47963,60.94314,28.6413,31.51353,113.16193,38.4396326,149.3859,48.23793,40.48073,21.70391,31.68907,238.73124,62.94299,25.02,45.044
2016,,2704.12,1783.789,592.77293,635.48675,134.93526,336.11123,197.5746,347.71269,146.59911,143.85741,354.468,272.0458,142.01825,300.2942,103.30266,62.28625004,127.04767,104.9340632,91.8064,109.11041,122.22982,71.61357,120.517611,99.53079,317.359,386.763,57.223,193.3282872,194.938179,441.793,162.0856349,91.538,93.887,552.56918,681.01998,146.19713,86.50721,76.67098,75.12352,103.28139,115.62477,40.78179,66.68819,101.25344,58.92359,71.65334,64.73518,598.64,245.35091,119.38035,76.52485,94.75914,69.66243,165.16898,70.01392,437.45683,103.8155,50.46081,28.56165,38.524791,208.05001,23.83066,64.04777266,19.35384,74.61243495,48.22886,101.43974109,2988.702,1081.914,934.016,580.981,575.234,1544.526,715.169,253.649,309.086,454.69,453.912,343.573,388.829,247.618,1170.9454,868.649,510.156,386.211,228.43743,478.90304,368.49362,125.15883,107.61943,389.866,113.413,627.438,269.944,138.582,96.384,149.376,79.903,95.725,153.118,58.04823,142.283,140.186,135.182,,110.815,104.61,58.902,105.782,619.7639532,386.17366,188.028,193.89782,668.4785,312.535,145.774,189.567,162.311,440.16543,84.95714,100.1815389,210.40523,103.61912,71.35451,220.71959,146.70327,178.1952,121.5789833,181.77664,653.61165,928.317,447.3402555,215.9355253,242.916,704.7343661,564.052,435.878,336.459,329.994,151.191,71.536,381.05,297.993,286.6285343,251.3460725,258.9236089,811.39666,175.51002,382.01075,182.51414,202.98494,77.17894,216.69705,209.50796,144.95555,237.77133,108.19257,132.58631,311.49653,198.91538,203.7801,226.38615,197.29881,1191.261,130.555,142.915,370.936,369.451,79.782,152.1,157.669,172.675,172.617,110.793,85.218,929.2326,248.845,186.679,286.857,153.026,310.087,295.382,49.31,149.318,220.413,157.133,138.823,139.817,1855.9731555,104.06939583,2068.5735775,245.2609802,209.7482845,875.6309379,248.09361861,248.72483467,261.8911665,181.06681148,335.95203007,102.9740053,84.3917,84.7796711,111.7026948,140.42968779,726.09151025,283.04301503,94.81574554,180.425859,75.8683087,370.333,247.694,205.48216,117.565,100.665,67.60382531,110.20465,95.87563537,155.3829902,111.4309384,51.819,65.71807612,58.91113725,76.6200486,130.31432,49.30618,25.89507,1802.304,1187.407,102.084,76.293,150.064,169.282,195.791,65.727,92.684,108.643,133.54,159.297,101.194,160.956,92.803,149.549,56.165,54.991,64.384,315.77,131.37,240.394,70.135,162.579,85.697,434.2053,176.841,131.188,61.239,76.553,30.929,56.754,55.082,42.495,18.775,14.786,11.577,12.653,10.624,639.6357,27.0338,170.2937,202.5638,141.0395,108.1197,112.1138,272.5244,82.5076,62.107,226.42318,15.34089,20.78152,44.22085,59.26665,46.17272,39.99436,36.7296,57.79341,59.78324,31.0509,33.98884,124.816,42.28,161.77071,51.35744,44.24283,23.98058,33.91289,245.89766,62.09989,22.15653,40.36811
2017,,2988.3,1854.919,617.70284,653.01459,150.03351,337.95261,209.06243,344.97444,142.70162,146.54537,364.34034,288.10071,152.31872,338.21819,112.13101,67.20222372,147.75312,115.1535738,98.0223,128.49233,133.62914,87.44923,132.033,131.03217,274.372,275.303,41.358,140.68,122.262,357.981,118.586,74.01,72.118,578.47336,698.98,161.31,94.99,77.71,78.7,107.75,127.05,40.91,76.29,108.72,59.45,76.27,71.79,649.5,220.88526,93.98299,66.86511,83.61347,66.0061,137.25133,61.82796,471.71761,104.38316,50.85818,30.81577,40.775699,223.408561,26.17936,71.48459784,20.44173,78.99576499,50.42495,101.61828389,3292.501,1189.4,1031.307,633.35,647.816,1699.747,803.407,278.448,334.161,499.012,507.858,371.457,442.457,272.187,1316.07164,984.206,541.159,438.052,247.61321,507.83734,384.86232,133.12714,121.97751,440.737,121.54152,700.305,296.326,155.066,106.018,171.009,92.401,112.21,170.883,61.132,160.439,157.112,146.645,,116.805,114.979,62.435,118.556,708.5522202,435.17181,212.986,214.38252,754.7834,356.34788,162.60954,216.74938,179.38669,500.319,87.825,107.05,241.363,110.851,80.08,252.401,163.347,202.185,135.457,205.545,720.19553,1013.696,477.135615,230.36737,263.522,734.3530426,585.493,463.6765,357.839,351.291,167.706,89.497,406.2,314.1664,301.35488,260.1144116,282.5809603,919.37679,188.75481,429.01869,199.46641,224.9854,82.76515,235.77598,228.00993,158.54687,263.29243,116.50431,144.74159,334.52983,219.55524,219.45143,245.97009,217.50399,1341.034,147.94,163.232,385.717,406.49,90.592,166.417,174.223,192.218,192.183,123.486,93.572,1021.01307,253.001,200.525,292.152,162.753,311.974,309.985,53.824,161.022,217.819,165.265,140.128,141.181,1987.166789,113.36245422,2328.0271895,294.3830897,236.8163606,938.2157562,274.5889824,274.49754151,288.106753,196.49663626,374.57510877,108.6590722,90.45732,96.81004764,114.2243628,147.4535302,807.92023915,293.95227648,96.06816422,184.2674092,80.46326988,411.883,275.564,204.518,133.81,122.984,74.162,130.982,108.218,169.954,136.176,54.883,73.46,66.36929,90.762,142.1168,54.60998,29.07003,2006.629,1393.139,116.617,84.225,169.891,190.743,231.357,75.181,104.643,118.211,148.161,183.825,114.922,186.219,104.767,169.758,60.854,60.723,68.854,353.796,146.171,274.859,80.246,184.161,96.986,485.764,194.112,141.514,67.895,83.245,33.948,62.459,60.406,47.92560685,21.62939864,16.98331105,13.33280439,14.58296999,11.98245949,741.8041,30.0946,191.4921,191.66,154.7011,130.8114,128.6626,328.495,94.8876,67.7525,250.0801922,21.09856,22.149386,45.05206318,59.89529,43.0435933,37.6962352,35.46555877,55.17725064,58.54994,32.7310214,34.27168,128.49081,43.60403799,180.32581,53.50118,50.81146,27.00952,37.41277,273.06455,74.45034,26.71548,48.00119
2018,,3310.6,1880.964,537.51,695.5,163.55631,345.46,215.076,325.69,153.66,148.15,367.64,310.82,155.87,388.44778,127.19598,73.3694385,164.56336,135.1853,106.56332,144.7603884,150.96407,98.9129788,144.0042972,142.03195,290.35,295.18,49.59,154.98,130.16,376.32,125.29,81.31,76.45,610.19248,650.09,175.11,104.88,82.31,81.67,119.24,134.67,44.6,80.3,121.66,61.66,83.14,81.28,717.57117,221.02386,94.43242,62.16011,82.93,66.17099,137.36009,60.65061,501.01061,105.22016,52.09608,31.7645,44.68229,250.26395626,27.59605,72.41102603,22.55412,78.39341021,53.17702,103.07371,3601.182,1300.917,1120.298,671.036,689.702,1826.348,875.323,292.304,361.502,538.716,547.874,384.779,476.724,286.487,1430.6722,1119.31,603.98,501.838,288.12,541.68952,410.02315,147.05816,131.66986,487.467,135.42203,860.51,327.853,171.466,113.33065,191.81,98.519,122.236,191.759,67.791,180.175,175.952,175.782,,128.805,127.719,68.493,131.72,785.68123,479.14131,237.403,235.44019,846.79768,394.76347,179.2513,239.32951,194.27951,527.467,84.66,84.953,270.019,88.977,81.898,317.028,174.223,218.085,138.24,231.06,774.58,1094.938,357.298,240.238,278.481,718.443,549.563,433.683,240.39,289.909,179.003,100.565,436.776,289.381,216.334,233.256,312.072,1014.331722,200.2233308,464.0782127,213.5225112,214.2,86.19013076,252.6553504,237.1498293,165.4470547,283.0621866,123.6663319,152.8124555,356.6769941,238.9043352,238.779692,268.7216367,237.0324303,1484.729,158.733,186.35733,406.418,430.98,100.53,184.789,191.29,208.218,203.52,136.242,101.119,1100.341,263.15,216.1358,304.603,178.265,341.10068,339.42,57.89155,175.838,239.18696,180.565,151.32689,154.041,2100.24435,121.74773,2526.60771,321.67798,250.30766,997.67166,300.12433,294.44842,309.51134,210.22941,400.33312,112.72427,100.40023,100.69775,116.77303,157.53206,881.81052,305.37303,100.53043,200.20949,85.56747,402.6905365,305.3645739,190.112,93.249,121.3301037,66.209,129.1964734,116.9875353,150.354,112.438,60.983,80.501,69.241121,69.307,153.55518,62.22669,32.5312,2158.88,1569.894,131.474,94.145,189.555,214.839,261.33,88.05,123.085,131.883,170.981,211.573,126.99,234.931,115.7,187.953,65.334,70.466,72.863,379.845,152.569,300.023,84.94,192.143,106.652,520.68979,201.33556,149.30383,73.81448,88.95404,35.07628,66.24768,63.00199,56.71,25.354,20.056,15.737,17.211,14.21,849.9406,33.1921,211.0944,213.545,172.4327,155.5327,142.9472,381.8276,106.5165,77.5332,273.294,29.962,26.424,51.16,65.20542,46.927,40.771,39.517,59.689,70.815,35.62609,37.923,128.641,45.15,190.148,60.592,53.45336,30.319,40.299,309.9766,89.81,31.059,53.661
2019,,3544.51,1405.546,580.9944137,689.00302229,161.20229294,348.60495855,211.99582737,377.22026925,155.1055972,147.10009832,358.7962294,319.60154353,150.49267389,401.619,131.1207,71.77102,163.9917,135.5156,105.668,144.7616,155.3535,99.16758,144.838,150.7025,279.14591,271.44692,55.09456,170.83785,126.72599,360.50277,119.3034,87.50104,80.84185,647.03,700.17,174.53,84.71,78.11,76.8,107.3,132.82,48.81,83.1,128.09,64,84.31,80.71,590.4138,141.6556,79.61686,41.03836,72.57567,50.96629,72.97836,49.15546,524.943,112.88954,55.19665,33.63924,47.64352,256.82587,29.8841,76.29107,23.13368,82.49915,57.89001,110.11239,3798.755,1403.015,1185.232,715.135,740.086,1923.58,938.339,313.929,387.121,570.226,585.008,412.732,513.336,309.923,1537.30458,1198.512,660.611,537.032,312.243,578.074,455.991,157.352,137.16,513.405,147.66098,940.94,361.826,205.72,129.62,211.1,107.79,96.02,238.05,81.8,290.91,270.5,197.875,,162.01,174.9,83.17,156.13,939.22995,599.50422,259.5387,260.15584,994.66627,474.1831,199.15671,267.89584,245.17034,559.618,92.611,93.002,312.105,97.158,94.126,347.434,208.541,268.757,151.092,251.307,944.34,1174.131,364.24,169.391,291.619,765.345,568.85,437.017,266.36,296.373,194.938,,460.025,302.227,225.982,245.719,340.998,1158.97219026,236.41447185,503.48509054,237.26353897,222.92945796,98.86861545,291.81771385,276.11143844,158.14877142,339.56795191,157.84373282,144.38240741,381.49794683,291.12040653,275.84743271,319.84910684,274.20593807,1622.32105825,176.7193259,201.27219446,446.08244331,481.28396751,114.00651019,203.37727262,230.13978064,251.64818434,232.27342719,159.49809588,116.22293227,1157.42214291,300.185,225.76257859,337.26778289,215.24766834,378.04066,362.4198,55.20964039,179.24560409,241.08861671,201.68632,161.66413641,164.05796578,2362.85953127,131.84123153,2692.7092,343.58867,268.728,1075.10235457,314.6643262,306.47197271,325.23397473,224.88028969,417.74107345,118.70594,108.0299,108.00285142,129.21832,169.82238635,948.24980785,312.379,108.0937385,209.991,92.19638852,450.656,312.835,210.556,99.14,130.08,70.123,135.627,125.753,167.977,125.778,70.011,87.81,65.415,76.046,167.19297,67.78612,35.76433,2360.577,1701.265,142.849,101.013,208.126,233.591,285.62,94.185,134.573,143.33,186.331,232.222,138.02,260.189,125.044,204.149,72.379,75.429,77.78,403.96,126.597,348.332,92.394,190.136,124.916,647.58792,263.75925,194.97079,96.06764,119.42017,47.25113,87.52848,75.92607,61.78844439,27.94905123,22.09596538,17.2447701,18.77686388,15.75287225,939.998,35.472,222.3807,219.5327,182.847,166.3892,154.7588,413.6278,118.2062,83.7214,283.736,28.34,33.685,48.633,63.267,48.846,44.873,45.658,61.82,74.294,41.638,44.509,132.78157616,48.7727147,189.67883,51.12429,58.01885,32.26589,43.76463,341.32587,97.29252,38.44809,60.48153
2020,,3610.26,1408.373,593.51,721.09,168.58,363.66,220.04,335.33,160.01,155.03,369.99,330.11,156.02,415.325,,74.22,,,,146.88,,,,153.804,,,56.314,,,353.366,117.22,,,,703.04,,,81.04,,107.22,132.55,50.46,,,66.31,,,,,,,,,,,518.38,120.04,,,,,29.51874,,,83.17356,,,3870.058,1481.795,1237.048,,780.53,2017.045,,327.707,402.537,595.338,,,,,1610.583,1240.866,687.086,550.952,320.141,600.066,470.395,163.912,151.211,526.272,154.002,1004.572,375.302,208.273,133.72,218.69,111.906,100.367,246.768,85.04,303.207,280.52,204.499,,166.946,180.601,86.889,160.754,1002.002,638.402,264.397,270.2188,1015.866,,,,261.9,574.551,95.714,96.36,324.05,100.133,98.266,364.52,216.883,278.987,157.251,262.434,1014.091,1240.056,367.354,173.325,298.119,781.642,587.217,449.431,276.646,301.779,200.643,,480.525,307.899,231.684,250.811,348.311,1200.304,,,,,,,,164.999,,,,,,,,,1561.60551137,164.13169159,191.50690606,426.14192635,460.197016,100.52347971,190.64079817,219.35458028,236.9038458,216.95475559,152.46749086,109.67245008,1214.252,310.58,234.31,350.85,225.081,400.15479,374.91,55.66796,185.34835,250.30737,210.77,167.18671,167.99353,2501.91095547,135.3486378,2767.02397516,348.1939475,273.05766218,1081.64709293,320.095354,310.02209868,327.93057055,231.16490682,422.17852119,120.79766143,112.38086123,110.27409205,136.04405073,177.71526899,965.01924934,315.15914253,109.69816903,210.21400406,100.21784449,472.634,317.69,213.041,108.134,127.691,73.281,138.796,135.27318,176.10845,133.373,75.3951,92.771,70.572,80.9,179.15815,69.5412,35.9406,2500.279,1771.667,145.844,104.082,215.722,240.413,301.008,100.801,140.318,146.588,200.34189,240.108,142.374,280.21249,130.157,211.78,75.459,76.699,80.75,431.165,133.962,372.005,96.674,202.039,132.779,673.379,295.935,205.814,105.258,128.874,51.27537,94.542,82.132,,32.278,,,,,1002.039,38.175,227.695,220.481,186.627,160.148,159.34,408.966,108.878,73.946,288.674,28.16,35.862,49.727,66.69,52.641,46.705,47.616,65.77,75.473,44.136,45.18,137.298,51.46,196.437,54.162,62.18,35.246,44.032,333.732,,,